directory_file_name,line_number,error_type,error_description
30-seconds-of-code-master\eslint.config.js,116:28,error,no-magic-numbers
30-seconds-of-code-master\src\blocks\application.js,216:25,error,max-statements
30-seconds-of-code-master\src\blocks\application.js,341:16,error,no-magic-numbers
30-seconds-of-code-master\src\blocks\application.js,344:16,error,no-magic-numbers
30-seconds-of-code-master\src\blocks\application.js,348:18,error,no-magic-numbers
30-seconds-of-code-master\src\blocks\application.js,348:39,error,no-magic-numbers
30-seconds-of-code-master\src\blocks\application.js,357:11,error,no-magic-numbers
30-seconds-of-code-master\src\blocks\application.js,492:16,error,prefer-template
30-seconds-of-code-master\src\blocks\application.js,605:45,error,no-magic-numbers
30-seconds-of-code-master\src\blocks\application.js,606:38,error,no-magic-numbers
30-seconds-of-code-master\src\blocks\application.js,611:1,error,indent
30-seconds-of-code-master\src\blocks\application.js,612:1,error,indent
30-seconds-of-code-master\src\blocks\application.js,613:1,error,indent
30-seconds-of-code-master\src\blocks\application.js,614:1,error,indent
30-seconds-of-code-master\src\blocks\application.js,616:1,error,indent
30-seconds-of-code-master\src\blocks\application.js,617:1,error,indent
30-seconds-of-code-master\src\blocks\application.js,618:1,error,indent
30-seconds-of-code-master\src\blocks\application.js,619:1,error,indent
30-seconds-of-code-master\src\blocks\application.js,620:1,error,indent
30-seconds-of-code-master\src\blocks\extractor\extractor.js,71:35,error,no-magic-numbers
30-seconds-of-code-master\src\blocks\extractor\extractor.js,174:19,error,no-magic-numbers
30-seconds-of-code-master\src\blocks\extractor\extractor.js,191:19,error,no-magic-numbers
30-seconds-of-code-master\src\blocks\extractor\extractor.js,194:45,error,no-magic-numbers
30-seconds-of-code-master\src\blocks\extractor\extractor.js,220:70,error,no-magic-numbers
30-seconds-of-code-master\src\blocks\extractor\extractor.js,220:73,error,no-magic-numbers
30-seconds-of-code-master\src\blocks\extractor\extractor.js,224:14,error,no-magic-numbers
30-seconds-of-code-master\src\blocks\extractor\extractor.js,229:26,error,no-magic-numbers
30-seconds-of-code-master\src\blocks\extractor\extractor.js,234:33,error,no-magic-numbers
30-seconds-of-code-master\src\blocks\extractor\markdownParser\remarkPlugins.js,66:1,error,indent
30-seconds-of-code-master\src\blocks\extractor\markdownParser\remarkPlugins.js,67:1,error,indent
30-seconds-of-code-master\src\blocks\extractor\markdownParser\remarkPlugins.js,68:1,error,indent
30-seconds-of-code-master\src\blocks\extractor\markdownParser\remarkPlugins.js,87:33,error,no-magic-numbers
30-seconds-of-code-master\src\blocks\extractor\markdownParser\remarkPlugins.js,90:57,error,no-magic-numbers
30-seconds-of-code-master\src\blocks\extractor\markdownParser\remarkPlugins.js,95:36,error,no-magic-numbers
30-seconds-of-code-master\src\blocks\extractor\markdownParser\remarkPlugins.js,140:31,error,no-magic-numbers
30-seconds-of-code-master\src\blocks\extractor\markdownParser\remarkPlugins.js,171:43,error,no-magic-numbers
30-seconds-of-code-master\src\blocks\extractor\markdownParser\remarkPlugins.js,192:57,error,no-magic-numbers
30-seconds-of-code-master\src\blocks\extractor\markdownParser\remarkPlugins.js,235:55,error,no-magic-numbers
30-seconds-of-code-master\src\blocks\extractor\markdownParser\remarkPlugins.js,284:35,error,no-magic-numbers
30-seconds-of-code-master\src\blocks\extractor\markdownParser\remarkPlugins.js,287:45,error,no-magic-numbers
30-seconds-of-code-master\src\blocks\extractor\textParser.js,15:53,error,no-magic-numbers
30-seconds-of-code-master\src\blocks\extractor\textParser.js,36:65,error,no-magic-numbers
30-seconds-of-code-master\src\blocks\extractor\textParser.js,36:70,error,no-magic-numbers
30-seconds-of-code-master\src\blocks\extractor\textParser.js,44:3,error,require-await
30-seconds-of-code-master\src\blocks\extractor\textParser.js,46:43,error,no-magic-numbers
30-seconds-of-code-master\src\blocks\extractor\textParser.js,46:48,error,no-magic-numbers
30-seconds-of-code-master\src\blocks\models\collection.js,130:66,error,no-magic-numbers
30-seconds-of-code-master\src\blocks\models\collection.js,172:53,error,no-magic-numbers
30-seconds-of-code-master\src\blocks\models\pages\collectionPage.js,16:50,error,no-magic-numbers
30-seconds-of-code-master\src\blocks\models\pages\collectionPage.js,40:22,error,no-magic-numbers
30-seconds-of-code-master\src\blocks\models\pages\collectionPage.js,42:1,error,indent
30-seconds-of-code-master\src\blocks\models\pages\collectionPage.js,43:1,error,indent
30-seconds-of-code-master\src\blocks\models\pages\collectionPage.js,44:1,error,indent
30-seconds-of-code-master\src\blocks\models\pages\collectionPage.js,45:1,error,indent
30-seconds-of-code-master\src\blocks\models\pages\collectionPage.js,45:41,error,no-magic-numbers
30-seconds-of-code-master\src\blocks\models\pages\collectionPage.js,46:1,error,indent
30-seconds-of-code-master\src\blocks\models\pages\collectionPage.js,47:1,error,indent
30-seconds-of-code-master\src\blocks\models\pages\collectionPage.js,48:1,error,indent
30-seconds-of-code-master\src\blocks\models\pages\collectionPage.js,49:1,error,indent
30-seconds-of-code-master\src\blocks\models\pages\collectionsPage.js,22:50,error,no-magic-numbers
30-seconds-of-code-master\src\blocks\models\pages\collectionsPage.js,49:22,error,no-magic-numbers
30-seconds-of-code-master\src\blocks\models\pages\collectionsPage.js,51:1,error,indent
30-seconds-of-code-master\src\blocks\models\pages\collectionsPage.js,52:1,error,indent
30-seconds-of-code-master\src\blocks\models\pages\collectionsPage.js,53:1,error,indent
30-seconds-of-code-master\src\blocks\models\pages\collectionsPage.js,54:1,error,indent
30-seconds-of-code-master\src\blocks\models\pages\collectionsPage.js,54:41,error,no-magic-numbers
30-seconds-of-code-master\src\blocks\models\pages\collectionsPage.js,55:1,error,indent
30-seconds-of-code-master\src\blocks\models\pages\collectionsPage.js,56:1,error,indent
30-seconds-of-code-master\src\blocks\models\pages\collectionsPage.js,57:1,error,indent
30-seconds-of-code-master\src\blocks\models\pages\collectionsPage.js,58:1,error,indent
30-seconds-of-code-master\src\blocks\models\pages\snippetPage.js,10:40,error,no-magic-numbers
30-seconds-of-code-master\src\blocks\models\pages\snippetPage.js,12:24,error,no-magic-numbers
30-seconds-of-code-master\src\blocks\models\pages\snippetPage.js,13:33,error,no-magic-numbers
30-seconds-of-code-master\src\blocks\models\pages\snippetPage.js,13:37,error,no-magic-numbers
30-seconds-of-code-master\src\blocks\models\snippet.js,37:49,error,no-magic-numbers
30-seconds-of-code-master\src\blocks\models\snippet.js,72:64,error,no-magic-numbers
30-seconds-of-code-master\src\blocks\models\snippet.js,72:67,error,no-magic-numbers
30-seconds-of-code-master\src\blocks\models\snippet.js,100:65,error,no-magic-numbers
30-seconds-of-code-master\src\blocks\models\snippet.js,100:68,error,no-magic-numbers
30-seconds-of-code-master\src\blocks\models\snippet.js,106:34,error,no-magic-numbers
30-seconds-of-code-master\src\blocks\models\snippet.js,106:37,error,no-magic-numbers
30-seconds-of-code-master\src\blocks\models\snippet.js,140:1,error,indent
30-seconds-of-code-master\src\blocks\models\snippet.js,141:1,error,indent
30-seconds-of-code-master\src\blocks\models\snippet.js,174:40,error,no-magic-numbers
30-seconds-of-code-master\src\blocks\models\snippet.js,176:42,error,no-magic-numbers
30-seconds-of-code-master\src\blocks\models\snippet.js,177:49,error,no-magic-numbers
30-seconds-of-code-master\src\blocks\models\snippet.js,178:42,error,no-magic-numbers
30-seconds-of-code-master\src\blocks\models\snippet.js,179:49,error,no-magic-numbers
30-seconds-of-code-master\src\blocks\models\snippet.js,182:47,error,no-magic-numbers
30-seconds-of-code-master\src\blocks\utilities\content.js,13:19,error,max-statements
30-seconds-of-code-master\src\blocks\utilities\content.js,65:64,error,no-magic-numbers
30-seconds-of-code-master\src\blocks\utilities\content.js,68:29,error,no-magic-numbers
30-seconds-of-code-master\src\blocks\utilities\csvHandler.js,40:41,error,no-magic-numbers
30-seconds-of-code-master\src\blocks\utilities\csvHandler.js,41:49,error,no-magic-numbers
30-seconds-of-code-master\src\blocks\utilities\csvHandler.js,47:1,error,indent
30-seconds-of-code-master\src\blocks\utilities\csvHandler.js,48:1,error,indent
30-seconds-of-code-master\src\blocks\utilities\csvHandler.js,49:1,error,indent
30-seconds-of-code-master\src\blocks\utilities\csvHandler.js,50:1,error,indent
30-seconds-of-code-master\src\blocks\utilities\csvHandler.js,51:1,error,indent
30-seconds-of-code-master\src\blocks\utilities\csvHandler.js,52:1,error,indent
30-seconds-of-code-master\src\blocks\utilities\csvHandler.js,53:1,error,indent
30-seconds-of-code-master\src\blocks\utilities\csvHandler.js,54:1,error,indent
30-seconds-of-code-master\src\blocks\utilities\csvHandler.js,56:1,error,indent
30-seconds-of-code-master\src\blocks\utilities\csvHandler.js,57:1,error,indent
30-seconds-of-code-master\src\blocks\utilities\csvHandler.js,58:1,error,indent
30-seconds-of-code-master\src\blocks\utilities\csvHandler.js,59:1,error,indent
30-seconds-of-code-master\src\blocks\utilities\csvHandler.js,60:1,error,indent
30-seconds-of-code-master\src\blocks\utilities\csvHandler.js,61:1,error,indent
30-seconds-of-code-master\src\blocks\utilities\csvHandler.js,62:1,error,indent
30-seconds-of-code-master\src\blocks\utilities\csvHandler.js,63:1,error,indent
30-seconds-of-code-master\src\blocks\utilities\jsonHandler.js,10:58,error,no-magic-numbers
30-seconds-of-code-master\src\blocks\utilities\jsonHandler.js,10:62,error,no-magic-numbers
30-seconds-of-code-master\src\blocks\utilities\logger.js,97:47,error,no-magic-numbers
30-seconds-of-code-master\src\blocks\utilities\logger.js,100:50,error,no-magic-numbers
30-seconds-of-code-master\src\blocks\utilities\logger.js,117:67,error,no-magic-numbers
30-seconds-of-code-master\src\blocks\utilities\preparedQueries.js,56:40,error,no-magic-numbers
30-seconds-of-code-master\src\blocks\utilities\preparedQueries.js,64:66,error,no-magic-numbers
30-seconds-of-code-master\src\blocks\utilities\preparedQueries.js,65:29,error,no-magic-numbers
30-seconds-of-code-master\src\blocks\utilities\preparedQueries.js,65:36,error,no-magic-numbers
30-seconds-of-code-master\src\blocks\utilities\preparedQueries.js,94:1,error,indent
30-seconds-of-code-master\src\blocks\utilities\preparedQueries.js,95:1,error,indent
30-seconds-of-code-master\src\blocks\utilities\preparedQueries.js,96:1,error,indent
30-seconds-of-code-master\src\blocks\utilities\preparedQueries.js,97:1,error,indent
30-seconds-of-code-master\src\blocks\utilities\preparedQueries.js,99:1,error,indent
30-seconds-of-code-master\src\blocks\utilities\preparedQueries.js,100:1,error,indent
30-seconds-of-code-master\src\blocks\utilities\preparedQueries.js,101:1,error,indent
30-seconds-of-code-master\src\blocks\utilities\preparedQueries.js,102:1,error,indent
30-seconds-of-code-master\src\blocks\utilities\preparedQueries.js,103:1,error,indent
30-seconds-of-code-master\src\blocks\utilities\preparedQueries.js,104:1,error,indent
30-seconds-of-code-master\src\blocks\utilities\preparedQueries.js,105:1,error,indent
30-seconds-of-code-master\src\blocks\utilities\preparedQueries.js,106:1,error,indent
30-seconds-of-code-master\src\blocks\utilities\preparedQueries.js,107:1,error,indent
30-seconds-of-code-master\src\blocks\utilities\preparedQueries.js,108:1,error,indent
30-seconds-of-code-master\src\blocks\utilities\preparedQueries.js,109:1,error,indent
30-seconds-of-code-master\src\blocks\utilities\preparedQueries.js,110:1,error,indent
30-seconds-of-code-master\src\blocks\utilities\preparedQueries.js,112:1,error,indent
30-seconds-of-code-master\src\blocks\utilities\preparedQueries.js,113:1,error,indent
30-seconds-of-code-master\src\blocks\utilities\preparedQueries.js,114:1,error,indent
30-seconds-of-code-master\src\blocks\utilities\preparedQueries.js,115:1,error,indent
30-seconds-of-code-master\src\blocks\utilities\preparedQueries.js,129:41,error,no-magic-numbers
30-seconds-of-code-master\src\blocks\utilities\preparedQueries.js,131:70,error,no-magic-numbers
30-seconds-of-code-master\src\blocks\utilities\preparedQueries.js,150:1,error,indent
30-seconds-of-code-master\src\blocks\utilities\preparedQueries.js,151:1,error,indent
30-seconds-of-code-master\src\blocks\utilities\preparedQueries.js,152:1,error,indent
30-seconds-of-code-master\src\blocks\utilities\preparedQueries.js,153:1,error,indent
30-seconds-of-code-master\src\blocks\utilities\preparedQueries.js,154:1,error,indent
30-seconds-of-code-master\src\blocks\utilities\preparedQueries.js,155:1,error,indent
30-seconds-of-code-master\src\blocks\utilities\preparedQueries.js,156:1,error,indent
30-seconds-of-code-master\src\blocks\utilities\preparedQueries.js,157:1,error,indent
30-seconds-of-code-master\src\blocks\utilities\preparedQueries.js,176:1,error,indent
30-seconds-of-code-master\src\blocks\utilities\preparedQueries.js,177:1,error,indent
30-seconds-of-code-master\src\blocks\utilities\preparedQueries.js,178:1,error,indent
30-seconds-of-code-master\src\blocks\utilities\preparedQueries.js,179:1,error,indent
30-seconds-of-code-master\src\blocks\utilities\preparedQueries.js,180:1,error,indent
30-seconds-of-code-master\src\blocks\utilities\preparedQueries.js,181:1,error,indent
30-seconds-of-code-master\src\blocks\utilities\preparedQueries.js,182:1,error,indent
30-seconds-of-code-master\src\blocks\utilities\preparedQueries.js,183:1,error,indent
30-seconds-of-code-master\src\blocks\utilities\preparedQueries.js,184:1,error,indent
30-seconds-of-code-master\src\blocks\utilities\preparedQueries.js,185:1,error,indent
30-seconds-of-code-master\src\blocks\utilities\preparedQueries.js,186:1,error,indent
30-seconds-of-code-master\src\blocks\utilities\preparedQueries.js,187:1,error,indent
30-seconds-of-code-master\src\blocks\utilities\preparedQueries.js,189:1,error,indent
30-seconds-of-code-master\src\blocks\utilities\preparedQueries.js,190:1,error,indent
30-seconds-of-code-master\src\blocks\utilities\preparedQueries.js,191:1,error,indent
30-seconds-of-code-master\src\blocks\utilities\preparedQueries.js,192:1,error,indent
30-seconds-of-code-master\src\blocks\utilities\preparedQueries.js,196:1,error,indent
30-seconds-of-code-master\src\blocks\utilities\preparedQueries.js,200:1,error,indent
30-seconds-of-code-master\src\blocks\utilities\preparedQueries.js,201:1,error,indent
30-seconds-of-code-master\src\blocks\utilities\preparedQueries.js,202:1,error,indent
30-seconds-of-code-master\src\blocks\utilities\preparedQueries.js,210:1,error,indent
30-seconds-of-code-master\src\blocks\utilities\preparedQueries.js,211:1,error,indent
30-seconds-of-code-master\src\blocks\utilities\preparedQueries.js,212:1,error,indent
30-seconds-of-code-master\src\blocks\utilities\preparedQueries.js,213:1,error,indent
30-seconds-of-code-master\src\blocks\utilities\preparedQueries.js,214:1,error,indent
30-seconds-of-code-master\src\blocks\utilities\preparedQueries.js,216:1,error,indent
30-seconds-of-code-master\src\blocks\utilities\preparedQueries.js,218:1,error,indent
30-seconds-of-code-master\src\blocks\utilities\preparedQueries.js,219:1,error,indent
30-seconds-of-code-master\src\blocks\utilities\preparedQueries.js,221:1,error,indent
30-seconds-of-code-master\src\blocks\utilities\preparedQueries.js,222:1,error,indent
30-seconds-of-code-master\src\blocks\utilities\preparedQueries.js,223:1,error,indent
30-seconds-of-code-master\src\blocks\utilities\preparedQueries.js,225:1,error,indent
30-seconds-of-code-master\src\blocks\utilities\preparedQueries.js,226:1,error,indent
30-seconds-of-code-master\src\blocks\utilities\preparedQueries.js,228:1,error,indent
30-seconds-of-code-master\src\blocks\utilities\preparedQueries.js,229:1,error,indent
30-seconds-of-code-master\src\blocks\utilities\preparedQueries.js,230:1,error,indent
30-seconds-of-code-master\src\blocks\utilities\preparedQueries.js,245:1,error,indent
30-seconds-of-code-master\src\blocks\utilities\preparedQueries.js,245:69,error,no-magic-numbers
30-seconds-of-code-master\src\blocks\utilities\preparedQueries.js,246:1,error,indent
30-seconds-of-code-master\src\blocks\utilities\preparedQueries.js,247:1,error,indent
30-seconds-of-code-master\src\blocks\utilities\preparedQueries.js,248:1,error,indent
30-seconds-of-code-master\src\blocks\utilities\preparedQueries.js,249:1,error,indent
30-seconds-of-code-master\src\blocks\utilities\preparedQueries.js,250:1,error,indent
30-seconds-of-code-master\src\blocks\utilities\preparedQueries.js,251:1,error,indent
30-seconds-of-code-master\src\blocks\utilities\preparedQueries.js,252:1,error,indent
30-seconds-of-code-master\src\blocks\utilities\preparedQueries.js,254:1,error,indent
30-seconds-of-code-master\src\blocks\utilities\preparedQueries.js,255:1,error,indent
30-seconds-of-code-master\src\blocks\utilities\preparedQueries.js,256:1,error,indent
30-seconds-of-code-master\src\blocks\utilities\preparedQueries.js,256:45,error,no-magic-numbers
30-seconds-of-code-master\src\blocks\utilities\preparedQueries.js,257:1,error,indent
30-seconds-of-code-master\src\blocks\utilities\preparedQueries.js,258:1,error,indent
30-seconds-of-code-master\src\blocks\utilities\preparedQueries.js,260:1,error,indent
30-seconds-of-code-master\src\blocks\utilities\preparedQueries.js,261:1,error,indent
30-seconds-of-code-master\src\blocks\utilities\preparedQueries.js,262:1,error,indent
30-seconds-of-code-master\src\blocks\utilities\preparedQueries.js,263:1,error,indent
30-seconds-of-code-master\src\blocks\utilities\preparedQueries.js,264:1,error,indent
30-seconds-of-code-master\src\blocks\utilities\preparedQueries.js,265:1,error,indent
30-seconds-of-code-master\src\blocks\utilities\preparedQueries.js,266:1,error,indent
30-seconds-of-code-master\src\blocks\utilities\preparedQueries.js,267:1,error,indent
30-seconds-of-code-master\src\blocks\utilities\preparedQueries.js,269:1,error,indent
30-seconds-of-code-master\src\blocks\utilities\preparedQueries.js,270:1,error,indent
30-seconds-of-code-master\src\blocks\utilities\preparedQueries.js,271:1,error,indent
30-seconds-of-code-master\src\blocks\utilities\preparedQueries.js,273:1,error,indent
30-seconds-of-code-master\src\blocks\utilities\preparedQueries.js,273:26,error,no-magic-numbers
30-seconds-of-code-master\src\blocks\utilities\preparedQueries.js,274:1,error,indent
30-seconds-of-code-master\src\blocks\utilities\preparedQueries.js,275:1,error,indent
30-seconds-of-code-master\src\blocks\utilities\preparedQueries.js,275:33,error,no-magic-numbers
30-seconds-of-code-master\src\blocks\utilities\preparedQueries.js,276:1,error,indent
30-seconds-of-code-master\src\blocks\utilities\preparedQueries.js,276:33,error,no-magic-numbers
30-seconds-of-code-master\src\blocks\utilities\preparedQueries.js,277:1,error,indent
30-seconds-of-code-master\src\blocks\utilities\preparedQueries.js,277:33,error,no-magic-numbers
30-seconds-of-code-master\src\blocks\utilities\preparedQueries.js,278:1,error,indent
30-seconds-of-code-master\src\blocks\utilities\preparedQueries.js,280:1,error,indent
30-seconds-of-code-master\src\blocks\utilities\preparedQueries.js,281:1,error,indent
30-seconds-of-code-master\src\blocks\utilities\preparedQueries.js,282:1,error,indent
30-seconds-of-code-master\src\blocks\utilities\preparedQueries.js,317:47,error,no-magic-numbers
30-seconds-of-code-master\src\blocks\utilities\preparedQueries.js,346:1,error,indent
30-seconds-of-code-master\src\blocks\utilities\preparedQueries.js,347:1,error,indent
30-seconds-of-code-master\src\blocks\utilities\preparedQueries.js,348:1,error,indent
30-seconds-of-code-master\src\blocks\utilities\preparedQueries.js,349:1,error,indent
30-seconds-of-code-master\src\blocks\utilities\preparedQueries.js,350:1,error,indent
30-seconds-of-code-master\src\blocks\utilities\preparedQueries.js,351:1,error,indent
30-seconds-of-code-master\src\blocks\utilities\preparedQueries.js,352:1,error,indent
30-seconds-of-code-master\src\blocks\utilities\preparedQueries.js,353:1,error,indent
30-seconds-of-code-master\src\blocks\utilities\preparedQueries.js,354:1,error,indent
30-seconds-of-code-master\src\blocks\utilities\preparedQueries.js,355:1,error,indent
30-seconds-of-code-master\src\blocks\utilities\preparedQueries.js,356:1,error,indent
30-seconds-of-code-master\src\blocks\utilities\preparedQueries.js,357:1,error,indent
30-seconds-of-code-master\src\blocks\utilities\preparedQueries.js,358:1,error,indent
30-seconds-of-code-master\src\blocks\utilities\preparedQueries.js,359:1,error,indent
30-seconds-of-code-master\src\blocks\utilities\preparedQueries.js,360:1,error,indent
30-seconds-of-code-master\src\blocks\utilities\preparedQueries.js,360:36,error,no-magic-numbers
30-seconds-of-code-master\src\blocks\utilities\preparedQueries.js,361:1,error,indent
30-seconds-of-code-master\src\blocks\utilities\preparedQueries.js,362:1,error,indent
30-seconds-of-code-master\src\blocks\utilities\preparedQueries.js,363:1,error,indent
30-seconds-of-code-master\src\blocks\utilities\preparedQueries.js,364:1,error,indent
30-seconds-of-code-master\src\blocks\utilities\preparedQueries.js,365:1,error,indent
30-seconds-of-code-master\src\blocks\utilities\ranker.js,47:16,error,no-magic-numbers
30-seconds-of-code-master\src\blocks\utilities\ranker.js,49:54,error,no-magic-numbers
30-seconds-of-code-master\src\blocks\utilities\ranker.js,54:21,error,no-magic-numbers
30-seconds-of-code-master\src\blocks\utilities\recommender.js,55:22,error,complexity
30-seconds-of-code-master\src\blocks\utilities\recommender.js,67:38,error,no-magic-numbers
30-seconds-of-code-master\src\blocks\utilities\recommender.js,67:44,error,no-magic-numbers
30-seconds-of-code-master\src\blocks\utilities\recommender.js,80:68,error,no-magic-numbers
30-seconds-of-code-master\src\blocks\utilities\recommender.js,86:78,error,no-magic-numbers
30-seconds-of-code-master\src\blocks\utilities\recommender.js,89:31,error,no-magic-numbers
30-seconds-of-code-master\src\blocks\utilities\recommender.js,100:31,error,no-magic-numbers
30-seconds-of-code-master\src\blocks\utilities\recommender.js,101:15,error,no-magic-numbers
30-seconds-of-code-master\src\blocks\utilities\recommender.js,102:35,error,no-magic-numbers
30-seconds-of-code-master\src\blocks\utilities\recommender.js,103:1,error,indent
30-seconds-of-code-master\src\blocks\utilities\recommender.js,104:1,error,indent
30-seconds-of-code-master\src\blocks\utilities\recommender.js,110:56,error,no-magic-numbers
30-seconds-of-code-master\src\blocks\utilities\recommender.js,111:13,error,no-magic-numbers
30-seconds-of-code-master\src\blocks\utilities\recommender.js,125:37,error,no-magic-numbers
30-seconds-of-code-master\src\blocks\utilities\recommender.js,132:53,error,no-magic-numbers
30-seconds-of-code-master\src\blocks\utilities\recommender.js,136:27,error,no-magic-numbers
30-seconds-of-code-master\src\blocks\utilities\recommender.js,157:14,error,no-magic-numbers
30-seconds-of-code-master\src\blocks\utilities\schemer.js,36:33,error,no-magic-numbers
30-seconds-of-code-master\src\blocks\utilities\schemer.js,48:23,error,no-magic-numbers
30-seconds-of-code-master\src\blocks\utilities\textOutputter.js,18:44,error,no-magic-numbers
30-seconds-of-code-master\src\blocks\utilities\textOutputter.js,21:41,error,no-magic-numbers
30-seconds-of-code-master\src\blocks\utilities\yamlHandler.js,12:58,error,no-magic-numbers
30-seconds-of-code-master\src\blocks\utilities\yamlHandler.js,12:62,error,no-magic-numbers
30-seconds-of-code-master\src\blocks\writers\assetWriter.js,27:21,error,no-magic-numbers
30-seconds-of-code-master\src\blocks\writers\assetWriter.js,27:25,error,no-magic-numbers
30-seconds-of-code-master\src\blocks\writers\assetWriter.js,27:30,error,no-magic-numbers
30-seconds-of-code-master\src\blocks\writers\assetWriter.js,27:35,error,no-magic-numbers
30-seconds-of-code-master\src\blocks\writers\assetWriter.js,36:60,error,no-magic-numbers
30-seconds-of-code-master\src\blocks\writers\assetWriter.js,112:51,error,no-magic-numbers
30-seconds-of-code-master\src\blocks\writers\assetWriter.js,158:51,error,no-magic-numbers
30-seconds-of-code-master\src\blocks\writers\assetWriter.js,209:51,error,no-magic-numbers
30-seconds-of-code-master\src\blocks\writers\assetWriter.js,230:13,error,no-promise-executor-return
30-seconds-of-code-master\src\blocks\writers\assetWriter.js,281:7,error,no-promise-executor-return
30-seconds-of-code-master\src\blocks\writers\feedWriter.js,26:1,error,indent
30-seconds-of-code-master\src\blocks\writers\feedWriter.js,27:1,error,indent
30-seconds-of-code-master\src\blocks\writers\feedWriter.js,28:1,error,indent
30-seconds-of-code-master\src\blocks\writers\feedWriter.js,34:1,error,indent
30-seconds-of-code-master\src\blocks\writers\feedWriter.js,35:1,error,indent
30-seconds-of-code-master\src\blocks\writers\feedWriter.js,52:73,error,no-magic-numbers
30-seconds-of-code-master\src\blocks\writers\feedWriter.js,52:76,error,no-magic-numbers
30-seconds-of-code-master\src\blocks\writers\manifestWriter.js,11:25,error,no-magic-numbers
30-seconds-of-code-master\src\blocks\writers\manifestWriter.js,11:29,error,no-magic-numbers
30-seconds-of-code-master\src\blocks\writers\manifestWriter.js,11:33,error,no-magic-numbers
30-seconds-of-code-master\src\blocks\writers\manifestWriter.js,11:37,error,no-magic-numbers
30-seconds-of-code-master\src\blocks\writers\manifestWriter.js,11:42,error,no-magic-numbers
30-seconds-of-code-master\src\blocks\writers\manifestWriter.js,11:47,error,no-magic-numbers
30-seconds-of-code-master\src\blocks\writers\manifestWriter.js,11:52,error,no-magic-numbers
30-seconds-of-code-master\src\blocks\writers\manifestWriter.js,11:57,error,no-magic-numbers
30-seconds-of-code-master\src\blocks\writers\pageWriter.js,30:32,error,no-magic-numbers
30-seconds-of-code-master\src\blocks\writers\pageWriter.js,37:32,error,no-magic-numbers
30-seconds-of-code-master\src\blocks\writers\pageWriter.js,45:32,error,no-magic-numbers
30-seconds-of-code-master\src\blocks\writers\pageWriter.js,55:7,error,no-magic-numbers
30-seconds-of-code-master\src\blocks\writers\pageWriter.js,87:32,error,no-magic-numbers
30-seconds-of-code-master\src\blocks\writers\sitemapWriter.js,13:1,error,indent
30-seconds-of-code-master\src\blocks\writers\sitemapWriter.js,14:1,error,indent
30-seconds-of-code-master\src\blocks\writers\sitemapWriter.js,15:1,error,indent
30-seconds-of-code-master\src\blocks\writers\sitemapWriter.js,20:1,error,indent
30-seconds-of-code-master\src\blocks\writers\sitemapWriter.js,21:1,error,indent
30-seconds-of-code-master\src\components\Omnisearch.js,4:16,error,no-undef
30-seconds-of-code-master\src\components\Omnisearch.js,5:11,error,no-undef
30-seconds-of-code-master\src\components\Omnisearch.js,6:17,error,no-undef
30-seconds-of-code-master\src\components\Omnisearch.js,7:15,error,no-undef
30-seconds-of-code-master\src\components\Omnisearch.js,8:14,error,no-undef
30-seconds-of-code-master\src\components\Omnisearch.js,9:19,error,no-undef
30-seconds-of-code-master\src\components\Omnisearch.js,30:5,error,no-undef
30-seconds-of-code-master\src\components\Omnisearch.js,31:5,error,no-undef
30-seconds-of-code-master\src\components\Omnisearch.js,39:5,error,no-undef
30-seconds-of-code-master\src\components\Omnisearch.js,42:7,error,no-undef
30-seconds-of-code-master\src\components\Omnisearch.js,43:7,error,no-undef
30-seconds-of-code-master\src\components\Omnisearch.js,44:8,error,no-magic-numbers
30-seconds-of-code-master\src\components\Omnisearch.js,50:26,error,no-magic-numbers
30-seconds-of-code-master\src\components\Omnisearch.js,51:30,error,no-magic-numbers
30-seconds-of-code-master\src\components\Omnisearch.js,56:21,error,no-magic-numbers
30-seconds-of-code-master\src\components\Omnisearch.js,66:57,error,no-magic-numbers
30-seconds-of-code-master\src\components\Omnisearch.js,66:68,error,no-magic-numbers
30-seconds-of-code-master\src\components\Omnisearch.js,67:17,error,no-magic-numbers
30-seconds-of-code-master\src\components\Omnisearch.js,71:46,error,no-magic-numbers
30-seconds-of-code-master\src\components\Omnisearch.js,84:53,error,no-magic-numbers
30-seconds-of-code-master\src\components\Omnisearch.js,84:56,error,no-magic-numbers
30-seconds-of-code-master\src\components\Omnisearch.js,85:47,error,no-magic-numbers
30-seconds-of-code-master\src\components\Omnisearch.js,85:50,error,no-magic-numbers
30-seconds-of-code-master\src\components\Omnisearch.js,93:1,error,indent
30-seconds-of-code-master\src\components\Omnisearch.js,94:1,error,indent
30-seconds-of-code-master\src\components\Omnisearch.js,95:1,error,indent
30-seconds-of-code-master\src\components\Omnisearch.js,96:1,error,indent
30-seconds-of-code-master\src\components\Omnisearch.js,137:12,error,no-undef
30-seconds-of-code-master\src\components\Omnisearch.js,137:32,error,no-undef
30-seconds-of-code-master\src\components\Omnisearch.js,155:9,error,no-undef
30-seconds-of-code-master\src\components\Omnisearch.js,173:9,error,no-undef
30-seconds-of-code-master\src\scripts\create.js,4:31,error,require-await
30-seconds-of-code-master\src\scripts\create.js,7:29,error,no-magic-numbers
30-seconds-of-code-master\src\scripts\create.js,15:31,error,no-magic-numbers
30-seconds-of-code-master\src\scripts\create.js,15:48,error,no-magic-numbers
30-seconds-of-code-master\src\scripts\create.js,15:65,error,no-magic-numbers
30-seconds-of-code-master\src\utils\array.js,8:27,error,no-mixed-operators
30-seconds-of-code-master\src\utils\array.js,8:34,error,no-mixed-operators
30-seconds-of-code-master\src\utils\function.js,23:51,error,no-magic-numbers
30-seconds-of-code-master\src\utils\search.js,42:20,error,prefer-template
30-seconds-of-code-master\src\utils\search.js,43:16,error,prefer-template
30-seconds-of-code-master\src\utils\search.js,45:24,error,prefer-template
30-seconds-of-code-master\src\utils\search.js,47:3,error,prefer-template
30-seconds-of-code-master\src\utils\search.js,49:24,error,prefer-template
30-seconds-of-code-master\src\utils\search.js,50:32,error,prefer-template
30-seconds-of-code-master\src\utils\search.js,51:34,error,prefer-template
30-seconds-of-code-master\src\utils\search.js,80:34,error,no-magic-numbers
30-seconds-of-code-master\src\utils\search.js,88:14,error,max-statements
30-seconds-of-code-master\src\utils\search.js,88:14,error,complexity
30-seconds-of-code-master\src\utils\search.js,90:20,error,no-magic-numbers
30-seconds-of-code-master\src\utils\search.js,98:11,error,prefer-template
30-seconds-of-code-master\src\utils\search.js,98:27,error,no-magic-numbers
30-seconds-of-code-master\src\utils\search.js,104:21,error,no-magic-numbers
30-seconds-of-code-master\src\utils\search.js,104:24,error,no-magic-numbers
30-seconds-of-code-master\src\utils\search.js,107:21,error,no-magic-numbers
30-seconds-of-code-master\src\utils\search.js,107:24,error,no-magic-numbers
30-seconds-of-code-master\src\utils\search.js,112:24,error,no-magic-numbers
30-seconds-of-code-master\src\utils\search.js,114:23,error,no-magic-numbers
30-seconds-of-code-master\src\utils\search.js,114:26,error,no-magic-numbers
30-seconds-of-code-master\src\utils\search.js,116:71,error,no-magic-numbers
30-seconds-of-code-master\src\utils\search.js,117:17,error,no-magic-numbers
30-seconds-of-code-master\src\utils\search.js,124:23,error,no-magic-numbers
30-seconds-of-code-master\src\utils\search.js,124:26,error,no-magic-numbers
30-seconds-of-code-master\src\utils\search.js,132:58,error,no-magic-numbers
30-seconds-of-code-master\src\utils\search.js,134:11,error,prefer-template
30-seconds-of-code-master\src\utils\search.js,134:17,error,no-magic-numbers
30-seconds-of-code-master\src\utils\search.js,138:51,error,no-magic-numbers
30-seconds-of-code-master\src\utils\search.js,139:17,error,no-magic-numbers
30-seconds-of-code-master\src\utils\search.js,139:38,error,no-magic-numbers
30-seconds-of-code-master\src\utils\search.js,142:51,error,no-magic-numbers
30-seconds-of-code-master\src\utils\search.js,143:17,error,no-magic-numbers
30-seconds-of-code-master\src\utils\search.js,143:38,error,no-magic-numbers
30-seconds-of-code-master\src\utils\search.js,147:24,error,no-magic-numbers
30-seconds-of-code-master\src\utils\search.js,147:41,error,no-magic-numbers
30-seconds-of-code-master\src\utils\search.js,148:59,error,no-magic-numbers
30-seconds-of-code-master\src\utils\search.js,148:76,error,no-magic-numbers
30-seconds-of-code-master\src\utils\search.js,153:21,error,no-magic-numbers
30-seconds-of-code-master\src\utils\search.js,154:23,error,no-magic-numbers
30-seconds-of-code-master\src\utils\search.js,154:56,error,no-magic-numbers
30-seconds-of-code-master\src\utils\search.js,156:17,error,no-magic-numbers
30-seconds-of-code-master\src\utils\search.js,158:57,error,no-magic-numbers
30-seconds-of-code-master\src\utils\search.js,158:60,error,no-magic-numbers
30-seconds-of-code-master\src\utils\search.js,161:42,error,prefer-template
30-seconds-of-code-master\src\utils\search.js,161:58,error,no-magic-numbers
30-seconds-of-code-master\src\utils\search.js,192:20,error,no-magic-numbers
30-seconds-of-code-master\src\utils\search.js,206:20,error,no-magic-numbers
30-seconds-of-code-master\src\utils\string.js,17:18,error,no-magic-numbers
30-seconds-of-code-master\src\utils\string.js,17:65,error,no-magic-numbers
