directory_file_name,line_number,error_type,error_description
axios-1.x\bin\GithubAPI.js,30:53,error,no-magic-numbers
axios-1.x\bin\GithubAPI.js,30:65,error,no-magic-numbers
axios-1.x\bin\GithubAPI.js,52:74,error,no-magic-numbers
axios-1.x\bin\GithubAPI.js,53:17,error,no-empty
axios-1.x\bin\GithubAPI.js,70:86,error,no-magic-numbers
axios-1.x\bin\GithubAPI.js,70:98,error,no-magic-numbers
axios-1.x\bin\GithubAPI.js,78:3,error,require-await
axios-1.x\bin\GithubAPI.js,84:33,error,no-magic-numbers
axios-1.x\bin\GithubAPI.js,84:43,error,no-magic-numbers
axios-1.x\bin\GithubAPI.js,92:29,error,no-magic-numbers
axios-1.x\bin\GithubAPI.js,92:39,error,no-magic-numbers
axios-1.x\bin\GithubAPI.js,96:3,error,require-await
axios-1.x\bin\GithubAPI.js,104:87,error,no-magic-numbers
axios-1.x\bin\GithubAPI.js,105:17,error,no-empty
axios-1.x\bin\GithubAPI.js,114:17,error,no-empty
axios-1.x\bin\GithubAPI.js,118:18,error,prefer-template
axios-1.x\bin\RepoBot.js,14:37,error,prefer-template
axios-1.x\bin\RepoBot.js,37:3,error,require-await
axios-1.x\bin\RepoBot.js,41:26,error,max-statements
axios-1.x\bin\RepoBot.js,47:35,error,no-magic-numbers
axios-1.x\bin\RepoBot.js,73:92,error,no-magic-numbers
axios-1.x\bin\RepoBot.js,94:12,error,no-return-await
axios-1.x\bin\RepoBot.js,115:24,error,no-await-in-loop
axios-1.x\bin\actions\notify_published.js,1:0,error,character
axios-1.x\bin\api.js,1:0,error,character
axios-1.x\bin\contributors.js,10:16,error,no-magic-numbers
axios-1.x\bin\contributors.js,10:23,error,no-magic-numbers
axios-1.x\bin\contributors.js,33:47,error,prefer-template
axios-1.x\bin\contributors.js,65:40,error,no-magic-numbers
axios-1.x\bin\contributors.js,74:24,error,no-unused-vars
axios-1.x\bin\contributors.js,74:35,error,no-unused-vars
axios-1.x\bin\contributors.js,88:1,error,indent
axios-1.x\bin\contributors.js,98:43,error,max-statements
axios-1.x\bin\contributors.js,98:43,error,complexity
axios-1.x\bin\contributors.js,105:19,error,prefer-template
axios-1.x\bin\contributors.js,110:17,error,prefer-template
axios-1.x\bin\contributors.js,115:52,error,no-magic-numbers
axios-1.x\bin\contributors.js,117:38,error,no-magic-numbers
axios-1.x\bin\contributors.js,163:38,error,no-await-in-loop
axios-1.x\bin\contributors.js,189:66,error,no-magic-numbers
axios-1.x\bin\contributors.js,189:88,error,no-magic-numbers
axios-1.x\bin\contributors.js,195:16,error,no-await-in-loop
axios-1.x\bin\contributors.js,214:17,error,no-magic-numbers
axios-1.x\bin\contributors.js,214:46,error,no-magic-numbers
axios-1.x\bin\contributors.js,231:85,error,no-magic-numbers
axios-1.x\bin\contributors.js,232:14,error,no-empty
axios-1.x\bin\githubAxios.js,11:39,error,no-magic-numbers
axios-1.x\bin\helpers\colorize.js,1:0,error,character
axios-1.x\bin\helpers\parser.js,1:0,error,character
axios-1.x\bin\injectContributorsList.js,25:60,error,max-statements
axios-1.x\bin\injectContributorsList.js,58:16,error,prefer-template
axios-1.x\bin\pr.js,10:51,error,no-magic-numbers
axios-1.x\bin\pr.js,23:18,error,no-magic-numbers
axios-1.x\bin\pr.js,24:18,error,no-magic-numbers
axios-1.x\bin\pr.js,25:13,error,no-await-in-loop
axios-1.x\bin\pr.js,25:47,error,no-magic-numbers
axios-1.x\bin\pr.js,37:25,error,no-magic-numbers
axios-1.x\bin\pr.js,44:21,error,no-await-in-loop
axios-1.x\bin\pr.js,48:14,error,no-await-in-loop
axios-1.x\bin\pr.js,50:13,error,no-await-in-loop
axios-1.x\bin\pr.js,50:35,error,no-await-in-loop
axios-1.x\bin\ssl_hotfix.js,1:0,error,character
axios-1.x\dist\axios.js,4:1,error,indent
axios-1.x\dist\axios.js,5:1,error,indent
axios-1.x\dist\axios.js,6:11,error,max-statements
axios-1.x\dist\axios.js,21:11,error,no-magic-numbers
axios-1.x\dist\axios.js,21:40,error,no-magic-numbers
axios-1.x\dist\axios.js,32:12,error,no-func-assign
axios-1.x\dist\axios.js,89:39,error,no-mixed-operators
axios-1.x\dist\axios.js,89:72,error,no-mixed-operators
axios-1.x\dist\axios.js,91:3,error,complexity
axios-1.x\dist\axios.js,92:65,error,no-mixed-operators
axios-1.x\dist\axios.js,92:89,error,no-mixed-operators
axios-1.x\dist\axios.js,110:17,error,no-unsafe-finally
axios-1.x\dist\axios.js,118:53,error,no-magic-numbers
axios-1.x\dist\axios.js,118:56,error,no-magic-numbers
axios-1.x\dist\axios.js,148:52,error,no-magic-numbers
axios-1.x\dist\axios.js,148:55,error,no-magic-numbers
axios-1.x\dist\axios.js,336:53,error,no-mixed-operators
axios-1.x\dist\axios.js,336:82,error,no-mixed-operators
axios-1.x\dist\axios.js,336:82,error,no-mixed-operators
axios-1.x\dist\axios.js,336:110,error,no-mixed-operators
axios-1.x\dist\axios.js,336:152,error,no-mixed-operators
axios-1.x\dist\axios.js,338:53,error,no-mixed-operators
axios-1.x\dist\axios.js,376:3,error,complexity
axios-1.x\dist\axios.js,377:35,error,no-magic-numbers
axios-1.x\dist\axios.js,377:50,error,no-magic-numbers
axios-1.x\dist\axios.js,377:79,error,no-magic-numbers
axios-1.x\dist\axios.js,379:45,error,no-magic-numbers
axios-1.x\dist\axios.js,394:16,error,no-magic-numbers
axios-1.x\dist\axios.js,402:16,error,no-magic-numbers
axios-1.x\dist\axios.js,413:18,error,no-magic-numbers
axios-1.x\dist\axios.js,450:40,error,no-mixed-operators
axios-1.x\dist\axios.js,450:48,error,no-mixed-operators
axios-1.x\dist\axios.js,454:32,error,no-mixed-operators
axios-1.x\dist\axios.js,454:56,error,no-mixed-operators
axios-1.x\dist\axios.js,482:36,error,no-magic-numbers
axios-1.x\dist\axios.js,482:51,error,no-magic-numbers
axios-1.x\dist\axios.js,482:80,error,no-magic-numbers
axios-1.x\dist\axios.js,504:28,error,no-magic-numbers
axios-1.x\dist\axios.js,504:35,error,no-magic-numbers
axios-1.x\dist\axios.js,505:31,error,no-magic-numbers
axios-1.x\dist\axios.js,537:22,error,complexity
axios-1.x\dist\axios.js,548:20,error,no-magic-numbers
axios-1.x\dist\axios.js,576:26,error,no-magic-numbers
axios-1.x\dist\axios.js,592:18,error,no-magic-numbers
axios-1.x\dist\axios.js,628:25,error,no-magic-numbers
axios-1.x\dist\axios.js,628:34,error,no-magic-numbers
axios-1.x\dist\axios.js,693:82,error,no-magic-numbers
axios-1.x\dist\axios.js,705:23,error,prefer-template
axios-1.x\dist\axios.js,733:35,error,no-magic-numbers
axios-1.x\dist\axios.js,733:50,error,no-magic-numbers
axios-1.x\dist\axios.js,733:79,error,no-magic-numbers
axios-1.x\dist\axios.js,733:84,error,no-magic-numbers
axios-1.x\dist\axios.js,734:39,error,no-magic-numbers
axios-1.x\dist\axios.js,734:54,error,no-magic-numbers
axios-1.x\dist\axios.js,734:83,error,no-magic-numbers
axios-1.x\dist\axios.js,738:48,error,no-magic-numbers
axios-1.x\dist\axios.js,754:27,error,no-magic-numbers
axios-1.x\dist\axios.js,757:38,error,no-magic-numbers
axios-1.x\dist\axios.js,764:49,error,no-magic-numbers
axios-1.x\dist\axios.js,773:23,error,no-magic-numbers
axios-1.x\dist\axios.js,931:52,error,no-magic-numbers
axios-1.x\dist\axios.js,931:55,error,no-magic-numbers
axios-1.x\dist\axios.js,948:27,error,prefer-template
axios-1.x\dist\axios.js,989:3,error,max-statements
axios-1.x\dist\axios.js,1011:30,error,no-mixed-operators
axios-1.x\dist\axios.js,1011:61,error,no-mixed-operators
axios-1.x\dist\axios.js,1040:5,error,complexity
axios-1.x\dist\axios.js,1045:46,error,no-magic-numbers
axios-1.x\dist\axios.js,1045:49,error,no-magic-numbers
axios-1.x\dist\axios.js,1048:43,error,no-mixed-operators
axios-1.x\dist\axios.js,1048:65,error,no-mixed-operators
axios-1.x\dist\axios.js,1048:65,error,no-mixed-operators
axios-1.x\dist\axios.js,1048:127,error,no-mixed-operators
axios-1.x\dist\axios.js,1054:1,error,indent
axios-1.x\dist\axios.js,1054:89,error,prefer-template
axios-1.x\dist\axios.js,1073:36,error,no-magic-numbers
axios-1.x\dist\axios.js,1074:21,error,prefer-template
axios-1.x\dist\axios.js,1136:14,error,prefer-template
axios-1.x\dist\axios.js,1136:27,error,no-magic-numbers
axios-1.x\dist\axios.js,1136:52,error,no-magic-numbers
axios-1.x\dist\axios.js,1166:27,error,no-mixed-operators
axios-1.x\dist\axios.js,1166:45,error,no-mixed-operators
axios-1.x\dist\axios.js,1176:29,error,no-magic-numbers
axios-1.x\dist\axios.js,1177:25,error,no-magic-numbers
axios-1.x\dist\axios.js,1179:36,error,no-magic-numbers
axios-1.x\dist\axios.js,1207:39,error,no-magic-numbers
axios-1.x\dist\axios.js,1304:86,error,no-magic-numbers
axios-1.x\dist\axios.js,1356:20,error,no-magic-numbers
axios-1.x\dist\axios.js,1356:45,error,no-magic-numbers
axios-1.x\dist\axios.js,1356:57,error,no-magic-numbers
axios-1.x\dist\axios.js,1373:14,error,no-magic-numbers
axios-1.x\dist\axios.js,1414:52,error,no-magic-numbers
axios-1.x\dist\axios.js,1447:24,error,max-statements
axios-1.x\dist\axios.js,1447:24,error,complexity
axios-1.x\dist\axios.js,1449:74,error,no-magic-numbers
axios-1.x\dist\axios.js,1473:72,error,no-magic-numbers
axios-1.x\dist\axios.js,1476:101,error,no-magic-numbers
axios-1.x\dist\axios.js,1489:25,error,complexity
axios-1.x\dist\axios.js,1493:64,error,no-mixed-operators
axios-1.x\dist\axios.js,1493:86,error,no-mixed-operators
axios-1.x\dist\axios.js,1523:24,error,no-magic-numbers
axios-1.x\dist\axios.js,1523:40,error,no-magic-numbers
axios-1.x\dist\axios.js,1562:28,error,no-magic-numbers
axios-1.x\dist\axios.js,1563:32,error,no-magic-numbers
axios-1.x\dist\axios.js,1564:16,error,no-mixed-operators
axios-1.x\dist\axios.js,1564:31,error,no-mixed-operators
axios-1.x\dist\axios.js,1574:37,error,prefer-template
axios-1.x\dist\axios.js,1594:12,error,no-cond-assign
axios-1.x\dist\axios.js,1595:20,error,no-magic-numbers
axios-1.x\dist\axios.js,1595:32,error,no-magic-numbers
axios-1.x\dist\axios.js,1611:40,error,no-magic-numbers
axios-1.x\dist\axios.js,1623:44,error,prefer-template
axios-1.x\dist\axios.js,1648:68,error,no-mixed-operators
axios-1.x\dist\axios.js,1648:94,error,no-mixed-operators
axios-1.x\dist\axios.js,1785:44,error,no-magic-numbers
axios-1.x\dist\axios.js,1786:28,error,no-magic-numbers
axios-1.x\dist\axios.js,1787:27,error,no-magic-numbers
axios-1.x\dist\axios.js,1788:18,error,prefer-template
axios-1.x\dist\axios.js,1805:72,error,no-magic-numbers
axios-1.x\dist\axios.js,1805:84,error,no-magic-numbers
axios-1.x\dist\axios.js,1805:88,error,no-magic-numbers
axios-1.x\dist\axios.js,1806:27,error,no-magic-numbers
axios-1.x\dist\axios.js,1839:22,error,no-magic-numbers
axios-1.x\dist\axios.js,1839:51,error,no-magic-numbers
axios-1.x\dist\axios.js,1908:29,error,prefer-template
axios-1.x\dist\axios.js,1908:170,error,no-magic-numbers
axios-1.x\dist\axios.js,1908:177,error,no-magic-numbers
axios-1.x\dist\axios.js,1914:1,error,indent
axios-1.x\dist\axios.js,1915:1,error,indent
axios-1.x\dist\axios.js,1916:1,error,indent
axios-1.x\dist\axios.js,1916:21,error,prefer-template
axios-1.x\dist\axios.js,1917:1,error,indent
axios-1.x\dist\axios.js,1917:48,error,prefer-template
axios-1.x\dist\axios.js,1918:1,error,indent
axios-1.x\dist\axios.js,1918:45,error,prefer-template
axios-1.x\dist\axios.js,1919:1,error,indent
axios-1.x\dist\axios.js,1919:47,error,prefer-template
axios-1.x\dist\axios.js,1920:1,error,indent
axios-1.x\dist\axios.js,1921:1,error,indent
axios-1.x\dist\axios.js,1922:1,error,indent
axios-1.x\dist\axios.js,1923:1,error,indent
axios-1.x\dist\axios.js,1924:1,error,indent
axios-1.x\dist\axios.js,1924:52,error,prefer-template
axios-1.x\dist\axios.js,1925:1,error,indent
axios-1.x\dist\axios.js,1925:47,error,no-magic-numbers
axios-1.x\dist\axios.js,1926:1,error,indent
axios-1.x\dist\axios.js,1927:1,error,indent
axios-1.x\dist\axios.js,1928:1,error,indent
axios-1.x\dist\axios.js,1928:41,error,no-magic-numbers
axios-1.x\dist\axios.js,1929:1,error,indent
axios-1.x\dist\axios.js,1930:1,error,indent
axios-1.x\dist\axios.js,1932:1,error,indent
axios-1.x\dist\axios.js,1933:1,error,indent
axios-1.x\dist\axios.js,1934:1,error,indent
axios-1.x\dist\axios.js,1935:1,error,indent
axios-1.x\dist\axios.js,1936:1,error,indent
axios-1.x\dist\axios.js,1937:1,error,indent
axios-1.x\dist\axios.js,1938:1,error,indent
axios-1.x\dist\axios.js,1963:26,error,prefer-template
axios-1.x\dist\axios.js,1986:1,error,indent
axios-1.x\dist\axios.js,1987:1,error,indent
axios-1.x\dist\axios.js,1988:1,error,indent
axios-1.x\dist\axios.js,1989:1,error,indent
axios-1.x\dist\axios.js,1991:1,error,indent
axios-1.x\dist\axios.js,1997:1,error,indent
axios-1.x\dist\axios.js,1998:1,error,indent
axios-1.x\dist\axios.js,1999:1,error,indent
axios-1.x\dist\axios.js,2001:1,error,indent
axios-1.x\dist\axios.js,2002:1,error,indent
axios-1.x\dist\axios.js,2003:1,error,indent
axios-1.x\dist\axios.js,2004:1,error,indent
axios-1.x\dist\axios.js,2006:1,error,indent
axios-1.x\dist\axios.js,2007:1,error,indent
axios-1.x\dist\axios.js,2008:1,error,indent
axios-1.x\dist\axios.js,2009:1,error,indent
axios-1.x\dist\axios.js,2010:1,error,indent
axios-1.x\dist\axios.js,2011:1,error,indent
axios-1.x\dist\axios.js,2012:1,error,indent
axios-1.x\dist\axios.js,2013:1,error,indent
axios-1.x\dist\axios.js,2014:1,error,indent
axios-1.x\dist\axios.js,2015:1,error,indent
axios-1.x\dist\axios.js,2015:50,error,no-magic-numbers
axios-1.x\dist\axios.js,2015:89,error,prefer-template
axios-1.x\dist\axios.js,2016:1,error,indent
axios-1.x\dist\axios.js,2017:1,error,indent
axios-1.x\dist\axios.js,2018:1,error,indent
axios-1.x\dist\axios.js,2020:1,error,indent
axios-1.x\dist\axios.js,2026:1,error,indent
axios-1.x\dist\axios.js,2027:1,error,indent
axios-1.x\dist\axios.js,2028:1,error,indent
axios-1.x\dist\axios.js,2029:1,error,indent
axios-1.x\dist\axios.js,2030:1,error,indent
axios-1.x\dist\axios.js,2032:1,error,indent
axios-1.x\dist\axios.js,2033:1,error,indent
axios-1.x\dist\axios.js,2034:1,error,indent
axios-1.x\dist\axios.js,2035:1,error,indent
axios-1.x\dist\axios.js,2036:1,error,indent
axios-1.x\dist\axios.js,2040:18,error,no-mixed-operators
axios-1.x\dist\axios.js,2040:27,error,no-magic-numbers
axios-1.x\dist\axios.js,2040:30,error,no-mixed-operators
axios-1.x\dist\axios.js,2050:36,error,no-magic-numbers
axios-1.x\dist\axios.js,2056:37,error,no-magic-numbers
axios-1.x\dist\axios.js,2071:22,error,no-magic-numbers
axios-1.x\dist\axios.js,2073:24,error,no-magic-numbers
axios-1.x\dist\axios.js,2079:47,error,no-magic-numbers
axios-1.x\dist\axios.js,2085:36,error,no-magic-numbers
axios-1.x\dist\axios.js,2085:40,error,no-magic-numbers
axios-1.x\dist\axios.js,2108:24,error,max-statements
axios-1.x\dist\axios.js,2108:24,error,complexity
axios-1.x\dist\axios.js,2132:26,error,no-magic-numbers
axios-1.x\dist\axios.js,2133:34,error,no-magic-numbers
axios-1.x\dist\axios.js,2143:45,error,prefer-template
axios-1.x\dist\axios.js,2143:61,error,prefer-template
axios-1.x\dist\axios.js,2182:50,error,no-magic-numbers
axios-1.x\dist\axios.js,2190:34,error,no-magic-numbers
axios-1.x\dist\axios.js,2190:105,error,no-magic-numbers
axios-1.x\dist\axios.js,2222:52,error,prefer-template
axios-1.x\dist\axios.js,2238:27,error,no-mixed-operators
axios-1.x\dist\axios.js,2238:54,error,no-mixed-operators
axios-1.x\dist\axios.js,2293:64,error,no-magic-numbers
axios-1.x\dist\axios.js,2294:31,error,prefer-template
axios-1.x\dist\axios.js,2328:17,error,max-statements
axios-1.x\dist\axios.js,2337:23,error,no-magic-numbers
axios-1.x\dist\axios.js,2348:31,error,prefer-template
axios-1.x\dist\axios.js,2352:44,error,no-magic-numbers
axios-1.x\dist\axios.js,2353:24,error,no-magic-numbers
axios-1.x\dist\axios.js,2354:27,error,no-magic-numbers
axios-1.x\dist\axios.js,2357:43,error,no-magic-numbers
axios-1.x\dist\axios.js,2357:47,error,prefer-template
axios-1.x\dist\axios.js,2357:100,error,prefer-template
axios-1.x\dist\axios.js,2357:127,error,no-magic-numbers
axios-1.x\dist\axios.js,2358:30,error,prefer-template
axios-1.x\dist\axios.js,2394:61,error,no-magic-numbers
axios-1.x\dist\axios.js,2518:40,error,no-mixed-operators
axios-1.x\dist\axios.js,2518:69,error,no-mixed-operators
axios-1.x\dist\axios.js,2530:41,error,prefer-template
axios-1.x\dist\axios.js,2530:52,error,no-magic-numbers
axios-1.x\dist\axios.js,2546:14,error,prefer-template
axios-1.x\dist\axios.js,2546:97,error,prefer-template
axios-1.x\dist\axios.js,2552:49,error,prefer-template
axios-1.x\dist\axios.js,2552:82,error,prefer-template
axios-1.x\dist\axios.js,2557:41,error,prefer-template
axios-1.x\dist\axios.js,2579:18,error,no-magic-numbers
axios-1.x\dist\axios.js,2586:32,error,prefer-template
axios-1.x\dist\axios.js,2591:30,error,prefer-template
axios-1.x\dist\axios.js,2629:14,error,max-statements
axios-1.x\dist\axios.js,2629:14,error,complexity
axios-1.x\dist\axios.js,2703:13,error,no-magic-numbers
axios-1.x\dist\axios.js,2719:13,error,no-magic-numbers
axios-1.x\dist\axios.js,2762:21,error,prefer-template
axios-1.x\dist\axios.js,2789:22,error,no-magic-numbers
axios-1.x\dist\axios.js,2856:23,error,no-magic-numbers
axios-1.x\dist\axios.js,2857:41,error,no-magic-numbers
axios-1.x\dist\axios.js,2986:38,error,no-magic-numbers
axios-1.x\dist\axios.js,2987:19,error,no-magic-numbers
axios-1.x\dist\axios.js,2988:21,error,no-magic-numbers
axios-1.x\dist\axios.min.js,1:115,error,no-undef
axios-1.x\dist\axios.min.js,1:126,error,no-undef
axios-1.x\dist\axios.min.js,1:184,error,no-undef
axios-1.x\dist\axios.min.js,1:207,error,max-statements
axios-1.x\dist\axios.min.js,1:207,error,complexity
axios-1.x\dist\axios.min.js,1:546,error,no-magic-numbers
axios-1.x\dist\axios.min.js,1:561,error,no-magic-numbers
axios-1.x\dist\axios.min.js,1:827,error,no-func-assign
axios-1.x\dist\axios.min.js,1:1213,error,no-magic-numbers
axios-1.x\dist\axios.min.js,1:1231,error,no-magic-numbers
axios-1.x\dist\axios.min.js,1:1259,error,no-magic-numbers
axios-1.x\dist\axios.min.js,1:1398,error,no-magic-numbers
axios-1.x\dist\axios.min.js,1:1483,error,no-magic-numbers
axios-1.x\dist\axios.min.js,1:1499,error,no-magic-numbers
axios-1.x\dist\axios.min.js,1:1511,error,no-magic-numbers
axios-1.x\dist\axios.min.js,1:1553,error,complexity
axios-1.x\dist\axios.min.js,1:1612,error,no-mixed-operators
axios-1.x\dist\axios.min.js,1:1632,error,no-mixed-operators
axios-1.x\dist\axios.min.js,1:1684,error,no-magic-numbers
axios-1.x\dist\axios.min.js,1:1689,error,no-magic-numbers
axios-1.x\dist\axios.min.js,1:1773,error,no-magic-numbers
axios-1.x\dist\axios.min.js,1:1789,error,no-magic-numbers
axios-1.x\dist\axios.min.js,1:1850,error,no-unsafe-finally
axios-1.x\dist\axios.min.js,1:2225,error,no-mixed-operators
axios-1.x\dist\axios.min.js,1:2251,error,no-mixed-operators
axios-1.x\dist\axios.min.js,1:2400,error,no-magic-numbers
axios-1.x\dist\axios.min.js,1:2402,error,no-magic-numbers
axios-1.x\dist\axios.min.js,1:2579,error,no-magic-numbers
axios-1.x\dist\axios.min.js,1:3063,error,no-magic-numbers
axios-1.x\dist\axios.min.js,1:3065,error,no-magic-numbers
axios-1.x\dist\axios.min.js,1:3398,error,no-magic-numbers
axios-1.x\dist\axios.min.js,1:3449,error,no-mixed-operators
axios-1.x\dist\axios.min.js,1:3482,error,no-mixed-operators
axios-1.x\dist\axios.min.js,1:3650,error,no-magic-numbers
axios-1.x\dist\axios.min.js,1:3658,error,no-magic-numbers
axios-1.x\dist\axios.min.js,1:3672,error,no-magic-numbers
axios-1.x\dist\axios.min.js,1:3685,error,no-magic-numbers
axios-1.x\dist\axios.min.js,1:3713,error,no-magic-numbers
axios-1.x\dist\axios.min.js,1:3772,error,no-magic-numbers
axios-1.x\dist\axios.min.js,1:3892,error,no-magic-numbers
axios-1.x\dist\axios.min.js,1:4009,error,no-magic-numbers
axios-1.x\dist\axios.min.js,1:4136,error,no-undef
axios-1.x\dist\axios.min.js,1:4168,error,no-undef
axios-1.x\dist\axios.min.js,1:4534,error,no-magic-numbers
axios-1.x\dist\axios.min.js,1:4956,error,no-mixed-operators
axios-1.x\dist\axios.min.js,1:4979,error,no-mixed-operators
axios-1.x\dist\axios.min.js,1:4979,error,no-mixed-operators
axios-1.x\dist\axios.min.js,1:4992,error,no-mixed-operators
axios-1.x\dist\axios.min.js,1:5016,error,no-mixed-operators
axios-1.x\dist\axios.min.js,1:5045,error,no-mixed-operators
axios-1.x\dist\axios.min.js,1:5272,error,no-magic-numbers
axios-1.x\dist\axios.min.js,1:5280,error,no-magic-numbers
axios-1.x\dist\axios.min.js,1:5518,error,no-mixed-operators
axios-1.x\dist\axios.min.js,1:5524,error,no-mixed-operators
axios-1.x\dist\axios.min.js,1:5570,error,no-mixed-operators
axios-1.x\dist\axios.min.js,1:5578,error,no-mixed-operators
axios-1.x\dist\axios.min.js,1:5776,error,no-magic-numbers
axios-1.x\dist\axios.min.js,1:5784,error,no-magic-numbers
axios-1.x\dist\axios.min.js,1:5798,error,no-magic-numbers
axios-1.x\dist\axios.min.js,1:5811,error,no-magic-numbers
axios-1.x\dist\axios.min.js,1:6026,error,no-magic-numbers
axios-1.x\dist\axios.min.js,1:6047,error,no-magic-numbers
axios-1.x\dist\axios.min.js,1:6062,error,no-magic-numbers
axios-1.x\dist\axios.min.js,1:6262,error,complexity
axios-1.x\dist\axios.min.js,1:6378,error,no-magic-numbers
axios-1.x\dist\axios.min.js,1:6389,error,no-mixed-operators
axios-1.x\dist\axios.min.js,1:6400,error,no-mixed-operators
axios-1.x\dist\axios.min.js,1:6425,error,no-magic-numbers
axios-1.x\dist\axios.min.js,1:6431,error,no-magic-numbers
axios-1.x\dist\axios.min.js,1:6563,error,no-magic-numbers
axios-1.x\dist\axios.min.js,1:6635,error,no-magic-numbers
axios-1.x\dist\axios.min.js,1:6769,error,no-magic-numbers
axios-1.x\dist\axios.min.js,1:6912,error,no-magic-numbers
axios-1.x\dist\axios.min.js,1:6917,error,no-magic-numbers
axios-1.x\dist\axios.min.js,1:7120,error,no-magic-numbers
axios-1.x\dist\axios.min.js,1:7175,error,no-magic-numbers
axios-1.x\dist\axios.min.js,1:7209,error,no-magic-numbers
axios-1.x\dist\axios.min.js,1:7238,error,no-magic-numbers
axios-1.x\dist\axios.min.js,1:7277,error,prefer-template
axios-1.x\dist\axios.min.js,1:7406,error,no-magic-numbers
axios-1.x\dist\axios.min.js,1:7764,error,no-magic-numbers
axios-1.x\dist\axios.min.js,1:7772,error,no-magic-numbers
axios-1.x\dist\axios.min.js,1:7786,error,no-magic-numbers
axios-1.x\dist\axios.min.js,1:7799,error,no-magic-numbers
axios-1.x\dist\axios.min.js,1:7802,error,no-magic-numbers
axios-1.x\dist\axios.min.js,1:7824,error,no-magic-numbers
axios-1.x\dist\axios.min.js,1:7832,error,no-magic-numbers
axios-1.x\dist\axios.min.js,1:7846,error,no-magic-numbers
axios-1.x\dist\axios.min.js,1:7859,error,no-magic-numbers
axios-1.x\dist\axios.min.js,1:7918,error,no-magic-numbers
axios-1.x\dist\axios.min.js,1:8086,error,no-magic-numbers
axios-1.x\dist\axios.min.js,1:8139,error,no-magic-numbers
axios-1.x\dist\axios.min.js,1:8230,error,no-magic-numbers
axios-1.x\dist\axios.min.js,1:8262,error,no-magic-numbers
axios-1.x\dist\axios.min.js,1:8279,error,no-magic-numbers
axios-1.x\dist\axios.min.js,1:9324,error,no-magic-numbers
axios-1.x\dist\axios.min.js,1:9668,error,no-magic-numbers
axios-1.x\dist\axios.min.js,1:9670,error,no-magic-numbers
axios-1.x\dist\axios.min.js,1:9755,error,prefer-template
axios-1.x\dist\axios.min.js,1:10002,error,no-magic-numbers
axios-1.x\dist\axios.min.js,1:10010,error,no-magic-numbers
axios-1.x\dist\axios.min.js,1:10021,error,no-magic-numbers
axios-1.x\dist\axios.min.js,1:10025,error,no-magic-numbers
axios-1.x\dist\axios.min.js,1:10129,error,no-mixed-operators
axios-1.x\dist\axios.min.js,1:10155,error,no-mixed-operators
axios-1.x\dist\axios.min.js,1:10514,error,complexity
axios-1.x\dist\axios.min.js,1:10602,error,no-magic-numbers
axios-1.x\dist\axios.min.js,1:10604,error,no-magic-numbers
axios-1.x\dist\axios.min.js,1:10648,error,no-mixed-operators
axios-1.x\dist\axios.min.js,1:10697,error,no-mixed-operators
axios-1.x\dist\axios.min.js,1:10697,error,no-mixed-operators
axios-1.x\dist\axios.min.js,1:10736,error,no-mixed-operators
axios-1.x\dist\axios.min.js,1:10833,error,no-magic-numbers
axios-1.x\dist\axios.min.js,1:10862,error,prefer-template
axios-1.x\dist\axios.min.js,1:10879,error,no-magic-numbers
axios-1.x\dist\axios.min.js,1:10922,error,no-magic-numbers
axios-1.x\dist\axios.min.js,1:11114,error,no-magic-numbers
axios-1.x\dist\axios.min.js,1:11144,error,prefer-template
axios-1.x\dist\axios.min.js,1:11229,error,no-magic-numbers
axios-1.x\dist\axios.min.js,1:11806,error,no-mixed-operators
axios-1.x\dist\axios.min.js,1:11816,error,no-mixed-operators
axios-1.x\dist\axios.min.js,1:11841,error,no-cond-assign
axios-1.x\dist\axios.min.js,1:11934,error,no-magic-numbers
axios-1.x\dist\axios.min.js,1:11953,error,no-magic-numbers
axios-1.x\dist\axios.min.js,1:11963,error,no-magic-numbers
axios-1.x\dist\axios.min.js,1:12168,error,prefer-template
axios-1.x\dist\axios.min.js,1:12172,error,no-magic-numbers
axios-1.x\dist\axios.min.js,1:12184,error,no-magic-numbers
axios-1.x\dist\axios.min.js,1:12440,error,no-magic-numbers
axios-1.x\dist\axios.min.js,1:12705,error,no-magic-numbers
axios-1.x\dist\axios.min.js,1:12726,error,no-magic-numbers
axios-1.x\dist\axios.min.js,1:12749,error,no-magic-numbers
axios-1.x\dist\axios.min.js,1:12767,error,no-magic-numbers
axios-1.x\dist\axios.min.js,1:13095,error,no-undef
axios-1.x\dist\axios.min.js,1:13165,error,no-magic-numbers
axios-1.x\dist\axios.min.js,1:13210,error,no-undef
axios-1.x\dist\axios.min.js,1:13226,error,no-undef
axios-1.x\dist\axios.min.js,1:13264,error,no-undef
axios-1.x\dist\axios.min.js,1:13480,error,no-magic-numbers
axios-1.x\dist\axios.min.js,1:13610,error,no-mixed-operators
axios-1.x\dist\axios.min.js,1:13628,error,no-mixed-operators
axios-1.x\dist\axios.min.js,1:13737,error,no-magic-numbers
axios-1.x\dist\axios.min.js,1:13959,error,no-magic-numbers
axios-1.x\dist\axios.min.js,1:13967,error,no-magic-numbers
axios-1.x\dist\axios.min.js,1:13973,error,no-magic-numbers
axios-1.x\dist\axios.min.js,1:13987,error,no-magic-numbers
axios-1.x\dist\axios.min.js,1:14072,error,complexity
axios-1.x\dist\axios.min.js,1:14149,error,no-magic-numbers
axios-1.x\dist\axios.min.js,1:14493,error,no-magic-numbers
axios-1.x\dist\axios.min.js,1:14565,error,no-magic-numbers
axios-1.x\dist\axios.min.js,1:14743,error,no-magic-numbers
axios-1.x\dist\axios.min.js,1:14883,error,no-magic-numbers
axios-1.x\dist\axios.min.js,1:15030,error,no-magic-numbers
axios-1.x\dist\axios.min.js,1:15205,error,complexity
axios-1.x\dist\axios.min.js,1:15335,error,no-mixed-operators
axios-1.x\dist\axios.min.js,1:15355,error,no-mixed-operators
axios-1.x\dist\axios.min.js,1:15740,error,no-magic-numbers
axios-1.x\dist\axios.min.js,1:15747,error,no-magic-numbers
axios-1.x\dist\axios.min.js,1:15832,error,no-magic-numbers
axios-1.x\dist\axios.min.js,1:16284,error,no-magic-numbers
axios-1.x\dist\axios.min.js,1:16435,error,no-magic-numbers
axios-1.x\dist\axios.min.js,1:16482,error,no-magic-numbers
axios-1.x\dist\axios.min.js,1:16489,error,no-magic-numbers
axios-1.x\dist\axios.min.js,1:16733,error,no-magic-numbers
axios-1.x\dist\axios.min.js,1:16744,error,no-magic-numbers
axios-1.x\dist\axios.min.js,1:16749,error,no-mixed-operators
axios-1.x\dist\axios.min.js,1:16756,error,no-magic-numbers
axios-1.x\dist\axios.min.js,1:16761,error,no-mixed-operators
axios-1.x\dist\axios.min.js,1:16764,error,no-magic-numbers
axios-1.x\dist\axios.min.js,1:17098,error,no-magic-numbers
axios-1.x\dist\axios.min.js,1:17140,error,no-magic-numbers
axios-1.x\dist\axios.min.js,1:17152,error,no-mixed-operators
axios-1.x\dist\axios.min.js,1:17158,error,no-mixed-operators
axios-1.x\dist\axios.min.js,1:17222,error,prefer-template
axios-1.x\dist\axios.min.js,1:17305,error,no-cond-assign
axios-1.x\dist\axios.min.js,1:17377,error,no-magic-numbers
axios-1.x\dist\axios.min.js,1:17471,error,no-cond-assign
axios-1.x\dist\axios.min.js,1:17488,error,no-magic-numbers
axios-1.x\dist\axios.min.js,1:17494,error,no-magic-numbers
axios-1.x\dist\axios.min.js,1:17687,error,no-cond-assign
axios-1.x\dist\axios.min.js,1:17737,error,no-magic-numbers
axios-1.x\dist\axios.min.js,1:17748,error,no-mixed-operators
axios-1.x\dist\axios.min.js,1:17751,error,no-mixed-operators
axios-1.x\dist\axios.min.js,1:17757,error,no-magic-numbers
axios-1.x\dist\axios.min.js,1:17780,error,no-magic-numbers
axios-1.x\dist\axios.min.js,1:17832,error,no-magic-numbers
axios-1.x\dist\axios.min.js,1:17851,error,no-cond-assign
axios-1.x\dist\axios.min.js,1:17883,error,no-mixed-operators
axios-1.x\dist\axios.min.js,1:17886,error,no-mixed-operators
axios-1.x\dist\axios.min.js,1:17892,error,no-magic-numbers
axios-1.x\dist\axios.min.js,1:17921,error,no-magic-numbers
axios-1.x\dist\axios.min.js,1:18040,error,no-magic-numbers
axios-1.x\dist\axios.min.js,1:18060,error,no-mixed-operators
axios-1.x\dist\axios.min.js,1:18066,error,no-magic-numbers
axios-1.x\dist\axios.min.js,1:18081,error,no-magic-numbers
axios-1.x\dist\axios.min.js,1:18083,error,no-mixed-operators
axios-1.x\dist\axios.min.js,1:18104,error,no-magic-numbers
axios-1.x\dist\axios.min.js,1:18445,error,no-magic-numbers
axios-1.x\dist\axios.min.js,1:18729,error,no-magic-numbers
axios-1.x\dist\axios.min.js,1:18974,error,no-magic-numbers
axios-1.x\dist\axios.min.js,1:18984,error,prefer-template
axios-1.x\dist\axios.min.js,1:18986,error,no-magic-numbers
axios-1.x\dist\axios.min.js,1:18996,error,no-magic-numbers
axios-1.x\dist\axios.min.js,1:19237,error,no-magic-numbers
axios-1.x\dist\axios.min.js,1:19241,error,no-magic-numbers
axios-1.x\dist\axios.min.js,1:19243,error,no-magic-numbers
axios-1.x\dist\axios.min.js,1:19262,error,no-magic-numbers
axios-1.x\dist\axios.min.js,1:19501,error,prefer-template
axios-1.x\dist\axios.min.js,1:19649,error,no-magic-numbers
axios-1.x\dist\axios.min.js,1:19668,error,no-magic-numbers
axios-1.x\dist\axios.min.js,1:19892,error,no-magic-numbers
axios-1.x\dist\axios.min.js,1:19917,error,no-magic-numbers
axios-1.x\dist\axios.min.js,1:20157,error,no-magic-numbers
axios-1.x\dist\axios.min.js,1:20348,error,no-magic-numbers
axios-1.x\dist\axios.min.js,1:20420,error,prefer-template
axios-1.x\dist\axios.min.js,1:20471,error,prefer-template
axios-1.x\dist\axios.min.js,1:20531,error,prefer-template
axios-1.x\dist\axios.min.js,1:20564,error,prefer-template
axios-1.x\dist\axios.min.js,1:20578,error,no-magic-numbers
axios-1.x\dist\axios.min.js,1:20602,error,no-undef
axios-1.x\dist\axios.min.js,1:20655,error,no-undef
axios-1.x\dist\axios.min.js,1:20688,error,prefer-template
axios-1.x\dist\axios.min.js,1:20747,error,no-magic-numbers
axios-1.x\dist\axios.min.js,1:20803,error,no-magic-numbers
axios-1.x\dist\axios.min.js,1:20971,error,prefer-template
axios-1.x\dist\axios.min.js,1:21103,error,no-undef
axios-1.x\dist\axios.min.js,1:21126,error,no-undef
axios-1.x\dist\axios.min.js,1:21473,error,no-magic-numbers
axios-1.x\dist\axios.min.js,1:21487,error,prefer-template
axios-1.x\dist\axios.min.js,1:21514,error,no-undef
axios-1.x\dist\axios.min.js,1:21645,error,no-magic-numbers
axios-1.x\dist\axios.min.js,1:21694,error,no-magic-numbers
axios-1.x\dist\axios.min.js,1:21755,error,no-magic-numbers
axios-1.x\dist\axios.min.js,1:21763,error,no-magic-numbers
axios-1.x\dist\axios.min.js,1:21873,error,no-magic-numbers
axios-1.x\dist\axios.min.js,1:21890,error,no-magic-numbers
axios-1.x\dist\axios.min.js,1:21939,error,no-magic-numbers
axios-1.x\dist\axios.min.js,1:21953,error,no-magic-numbers
axios-1.x\dist\axios.min.js,1:21958,error,no-magic-numbers
axios-1.x\dist\axios.min.js,1:21961,error,no-magic-numbers
axios-1.x\dist\axios.min.js,1:22034,error,no-magic-numbers
axios-1.x\dist\axios.min.js,1:22097,error,no-magic-numbers
axios-1.x\dist\axios.min.js,1:22120,error,no-magic-numbers
axios-1.x\dist\axios.min.js,1:22156,error,no-magic-numbers
axios-1.x\dist\axios.min.js,1:22193,error,no-magic-numbers
axios-1.x\dist\axios.min.js,1:22291,error,complexity
axios-1.x\dist\axios.min.js,1:22599,error,no-magic-numbers
axios-1.x\dist\axios.min.js,1:22611,error,no-magic-numbers
axios-1.x\dist\axios.min.js,1:22745,error,no-magic-numbers
axios-1.x\dist\axios.min.js,1:22758,error,no-magic-numbers
axios-1.x\dist\axios.min.js,1:22840,error,no-undef
axios-1.x\dist\axios.min.js,1:22981,error,prefer-template
axios-1.x\dist\axios.min.js,1:22995,error,prefer-template
axios-1.x\dist\axios.min.js,1:23201,error,prefer-template
axios-1.x\dist\axios.min.js,1:23304,error,no-magic-numbers
axios-1.x\dist\axios.min.js,1:23309,error,no-magic-numbers
axios-1.x\dist\axios.min.js,1:23594,error,no-magic-numbers
axios-1.x\dist\axios.min.js,1:23682,error,no-magic-numbers
axios-1.x\dist\axios.min.js,1:23701,error,no-magic-numbers
axios-1.x\dist\axios.min.js,1:23713,error,no-mixed-operators
axios-1.x\dist\axios.min.js,1:23728,error,no-mixed-operators
axios-1.x\dist\axios.min.js,1:23730,error,no-magic-numbers
axios-1.x\dist\axios.min.js,1:23975,error,prefer-template
axios-1.x\dist\axios.min.js,1:24232,error,no-mixed-operators
axios-1.x\dist\axios.min.js,1:24235,error,no-magic-numbers
axios-1.x\dist\axios.min.js,1:24240,error,no-mixed-operators
axios-1.x\dist\axios.min.js,1:24352,error,no-magic-numbers
axios-1.x\dist\axios.min.js,1:24686,error,no-magic-numbers
axios-1.x\dist\axios.min.js,1:25058,error,no-mixed-operators
axios-1.x\dist\axios.min.js,1:25062,error,no-magic-numbers
axios-1.x\dist\axios.min.js,1:25064,error,no-mixed-operators
axios-1.x\dist\axios.min.js,1:25072,error,no-magic-numbers
axios-1.x\dist\axios.min.js,1:25109,error,prefer-template
axios-1.x\dist\axios.min.js,1:25270,error,no-empty
axios-1.x\dist\axios.min.js,1:25416,error,no-magic-numbers
axios-1.x\dist\axios.min.js,1:25511,error,no-magic-numbers
axios-1.x\dist\axios.min.js,1:25538,error,no-magic-numbers
axios-1.x\dist\axios.min.js,1:25641,error,prefer-template
axios-1.x\dist\axios.min.js,1:25708,error,no-magic-numbers
axios-1.x\dist\axios.min.js,1:25715,error,no-magic-numbers
axios-1.x\dist\axios.min.js,1:25722,error,no-magic-numbers
axios-1.x\dist\axios.min.js,1:25758,error,no-magic-numbers
axios-1.x\dist\axios.min.js,1:25850,error,prefer-template
axios-1.x\dist\axios.min.js,1:25918,error,no-magic-numbers
axios-1.x\dist\axios.min.js,1:25920,error,prefer-template
axios-1.x\dist\axios.min.js,1:25953,error,prefer-template
axios-1.x\dist\axios.min.js,1:25962,error,no-magic-numbers
axios-1.x\dist\axios.min.js,1:26230,error,no-magic-numbers
axios-1.x\dist\axios.min.js,1:26339,error,no-magic-numbers
axios-1.x\dist\axios.min.js,1:26960,error,no-magic-numbers
axios-1.x\dist\axios.min.js,1:26969,error,no-magic-numbers
axios-1.x\dist\axios.min.js,1:27036,error,no-magic-numbers
axios-1.x\dist\axios.min.js,1:27103,error,no-magic-numbers
axios-1.x\dist\axios.min.js,1:27112,error,no-magic-numbers
axios-1.x\dist\axios.min.js,1:27124,error,no-magic-numbers
axios-1.x\dist\axios.min.js,1:27182,error,no-magic-numbers
axios-1.x\dist\axios.min.js,1:27192,error,no-magic-numbers
axios-1.x\dist\axios.min.js,1:27660,error,no-magic-numbers
axios-1.x\dist\axios.min.js,1:27777,error,no-mixed-operators
axios-1.x\dist\axios.min.js,1:27784,error,no-mixed-operators
axios-1.x\dist\axios.min.js,1:27938,error,prefer-template
axios-1.x\dist\axios.min.js,1:27945,error,no-magic-numbers
axios-1.x\dist\axios.min.js,1:28027,error,prefer-template
axios-1.x\dist\axios.min.js,1:28077,error,prefer-template
axios-1.x\dist\axios.min.js,1:28115,error,no-magic-numbers
axios-1.x\dist\axios.min.js,1:28137,error,prefer-template
axios-1.x\dist\axios.min.js,1:28160,error,prefer-template
axios-1.x\dist\axios.min.js,1:28218,error,no-magic-numbers
axios-1.x\dist\axios.min.js,1:28237,error,prefer-template
axios-1.x\dist\axios.min.js,1:28492,error,no-magic-numbers
axios-1.x\dist\axios.min.js,1:28538,error,no-magic-numbers
axios-1.x\dist\axios.min.js,1:28558,error,no-magic-numbers
axios-1.x\dist\axios.min.js,1:28576,error,prefer-template
axios-1.x\dist\axios.min.js,1:28635,error,no-magic-numbers
axios-1.x\dist\axios.min.js,1:28653,error,prefer-template
axios-1.x\dist\axios.min.js,1:28863,error,max-statements
axios-1.x\dist\axios.min.js,1:28863,error,complexity
axios-1.x\dist\axios.min.js,1:29003,error,no-magic-numbers
axios-1.x\dist\axios.min.js,1:29172,error,no-magic-numbers
axios-1.x\dist\axios.min.js,1:29297,error,no-magic-numbers
axios-1.x\dist\axios.min.js,1:29535,error,no-magic-numbers
axios-1.x\dist\axios.min.js,1:29612,error,no-mixed-operators
axios-1.x\dist\axios.min.js,1:29615,error,no-magic-numbers
axios-1.x\dist\axios.min.js,1:29631,error,no-mixed-operators
axios-1.x\dist\axios.min.js,1:29827,error,no-magic-numbers
axios-1.x\dist\axios.min.js,1:29968,error,no-magic-numbers
axios-1.x\dist\axios.min.js,1:30102,error,no-magic-numbers
axios-1.x\dist\axios.min.js,1:30658,error,prefer-template
axios-1.x\dist\axios.min.js,1:30671,error,no-magic-numbers
axios-1.x\dist\axios.min.js,1:30946,error,no-magic-numbers
axios-1.x\dist\axios.min.js,1:31502,error,no-magic-numbers
axios-1.x\dist\axios.min.js,1:31535,error,no-magic-numbers
axios-1.x\dist\axios.min.js,1:32890,error,no-magic-numbers
axios-1.x\dist\axios.min.js,1:32897,error,no-magic-numbers
axios-1.x\dist\axios.min.js,1:32904,error,no-magic-numbers
axios-1.x\dist\axios.min.js,1:33039,error,no-magic-numbers
axios-1.x\dist\axios.min.js,1:33074,error,no-magic-numbers
axios-1.x\dist\axios.min.js,1:33430,error,no-magic-numbers
axios-1.x\dist\esm\axios.js,2:1,error,max-classes-per-file
axios-1.x\dist\esm\axios.js,14:1,error,indent
axios-1.x\dist\esm\axios.js,15:1,error,indent
axios-1.x\dist\esm\axios.js,15:50,error,no-magic-numbers
axios-1.x\dist\esm\axios.js,15:53,error,no-magic-numbers
axios-1.x\dist\esm\axios.js,257:14,error,no-magic-numbers
axios-1.x\dist\esm\axios.js,266:14,error,no-magic-numbers
axios-1.x\dist\esm\axios.js,278:16,error,no-magic-numbers
axios-1.x\dist\esm\axios.js,314:45,error,no-mixed-operators
axios-1.x\dist\esm\axios.js,314:53,error,no-mixed-operators
axios-1.x\dist\esm\axios.js,317:32,error,no-mixed-operators
axios-1.x\dist\esm\axios.js,317:56,error,no-mixed-operators
axios-1.x\dist\esm\axios.js,364:26,error,no-magic-numbers
axios-1.x\dist\esm\axios.js,364:33,error,no-magic-numbers
axios-1.x\dist\esm\axios.js,365:29,error,no-magic-numbers
axios-1.x\dist\esm\axios.js,397:22,error,complexity
axios-1.x\dist\esm\axios.js,410:18,error,no-magic-numbers
axios-1.x\dist\esm\axios.js,439:24,error,no-magic-numbers
axios-1.x\dist\esm\axios.js,456:16,error,no-magic-numbers
axios-1.x\dist\esm\axios.js,495:23,error,no-magic-numbers
axios-1.x\dist\esm\axios.js,495:32,error,no-magic-numbers
axios-1.x\dist\esm\axios.js,563:80,error,no-magic-numbers
axios-1.x\dist\esm\axios.js,580:21,error,prefer-template
axios-1.x\dist\esm\axios.js,617:32,error,no-magic-numbers
axios-1.x\dist\esm\axios.js,621:44,error,no-magic-numbers
axios-1.x\dist\esm\axios.js,639:27,error,no-magic-numbers
axios-1.x\dist\esm\axios.js,644:36,error,no-magic-numbers
axios-1.x\dist\esm\axios.js,653:49,error,no-magic-numbers
axios-1.x\dist\esm\axios.js,666:21,error,no-magic-numbers
axios-1.x\dist\esm\axios.js,845:50,error,no-magic-numbers
axios-1.x\dist\esm\axios.js,845:53,error,no-magic-numbers
axios-1.x\dist\esm\axios.js,862:25,error,prefer-template
axios-1.x\dist\esm\axios.js,904:1,error,max-statements
axios-1.x\dist\esm\axios.js,927:30,error,no-mixed-operators
axios-1.x\dist\esm\axios.js,927:61,error,no-mixed-operators
axios-1.x\dist\esm\axios.js,962:3,error,complexity
axios-1.x\dist\esm\axios.js,968:44,error,no-magic-numbers
axios-1.x\dist\esm\axios.js,968:47,error,no-magic-numbers
axios-1.x\dist\esm\axios.js,981:90,error,prefer-template
axios-1.x\dist\esm\axios.js,1009:34,error,no-magic-numbers
axios-1.x\dist\esm\axios.js,1010:19,error,prefer-template
axios-1.x\dist\esm\axios.js,1086:12,error,prefer-template
axios-1.x\dist\esm\axios.js,1086:25,error,no-magic-numbers
axios-1.x\dist\esm\axios.js,1086:50,error,no-magic-numbers
axios-1.x\dist\esm\axios.js,1123:27,error,no-mixed-operators
axios-1.x\dist\esm\axios.js,1123:45,error,no-mixed-operators
axios-1.x\dist\esm\axios.js,1140:27,error,no-magic-numbers
axios-1.x\dist\esm\axios.js,1141:23,error,no-magic-numbers
axios-1.x\dist\esm\axios.js,1143:34,error,no-magic-numbers
axios-1.x\dist\esm\axios.js,1169:35,error,no-magic-numbers
axios-1.x\dist\esm\axios.js,1260:86,error,no-magic-numbers
axios-1.x\dist\esm\axios.js,1319:18,error,no-magic-numbers
axios-1.x\dist\esm\axios.js,1319:43,error,no-magic-numbers
axios-1.x\dist\esm\axios.js,1319:55,error,no-magic-numbers
axios-1.x\dist\esm\axios.js,1336:12,error,no-magic-numbers
axios-1.x\dist\esm\axios.js,1387:50,error,no-magic-numbers
axios-1.x\dist\esm\axios.js,1427:22,error,max-statements
axios-1.x\dist\esm\axios.js,1427:22,error,complexity
axios-1.x\dist\esm\axios.js,1429:74,error,no-magic-numbers
axios-1.x\dist\esm\axios.js,1464:70,error,no-magic-numbers
axios-1.x\dist\esm\axios.js,1468:99,error,no-magic-numbers
axios-1.x\dist\esm\axios.js,1487:23,error,complexity
axios-1.x\dist\esm\axios.js,1529:22,error,no-magic-numbers
axios-1.x\dist\esm\axios.js,1529:38,error,no-magic-numbers
axios-1.x\dist\esm\axios.js,1577:26,error,no-magic-numbers
axios-1.x\dist\esm\axios.js,1578:30,error,no-magic-numbers
axios-1.x\dist\esm\axios.js,1591:35,error,prefer-template
axios-1.x\dist\esm\axios.js,1618:18,error,no-magic-numbers
axios-1.x\dist\esm\axios.js,1618:30,error,no-magic-numbers
axios-1.x\dist\esm\axios.js,1638:38,error,no-magic-numbers
axios-1.x\dist\esm\axios.js,1654:44,error,prefer-template
axios-1.x\dist\esm\axios.js,1833:67,error,prefer-template
axios-1.x\dist\esm\axios.js,1879:20,error,no-magic-numbers
axios-1.x\dist\esm\axios.js,1879:49,error,no-magic-numbers
axios-1.x\dist\esm\axios.js,1953:7,error,prefer-template
axios-1.x\dist\esm\axios.js,1954:98,error,no-magic-numbers
axios-1.x\dist\esm\axios.js,1954:105,error,no-magic-numbers
axios-1.x\dist\esm\axios.js,1967:23,error,prefer-template
axios-1.x\dist\esm\axios.js,1969:48,error,prefer-template
axios-1.x\dist\esm\axios.js,1971:45,error,prefer-template
axios-1.x\dist\esm\axios.js,1973:47,error,prefer-template
axios-1.x\dist\esm\axios.js,1981:54,error,prefer-template
axios-1.x\dist\esm\axios.js,1982:48,error,no-magic-numbers
axios-1.x\dist\esm\axios.js,1986:41,error,no-magic-numbers
axios-1.x\dist\esm\axios.js,2025:7,error,prefer-template
axios-1.x\dist\esm\axios.js,2081:51,error,no-magic-numbers
axios-1.x\dist\esm\axios.js,2083:11,error,prefer-template
axios-1.x\dist\esm\axios.js,2111:16,error,no-mixed-operators
axios-1.x\dist\esm\axios.js,2111:25,error,no-magic-numbers
axios-1.x\dist\esm\axios.js,2111:28,error,no-mixed-operators
axios-1.x\dist\esm\axios.js,2121:34,error,no-magic-numbers
axios-1.x\dist\esm\axios.js,2128:35,error,no-magic-numbers
axios-1.x\dist\esm\axios.js,2150:20,error,no-magic-numbers
axios-1.x\dist\esm\axios.js,2153:22,error,no-magic-numbers
axios-1.x\dist\esm\axios.js,2162:45,error,no-magic-numbers
axios-1.x\dist\esm\axios.js,2168:36,error,no-magic-numbers
axios-1.x\dist\esm\axios.js,2168:40,error,no-magic-numbers
axios-1.x\dist\esm\axios.js,2198:22,error,max-statements
axios-1.x\dist\esm\axios.js,2198:22,error,complexity
axios-1.x\dist\esm\axios.js,2231:43,error,prefer-template
axios-1.x\dist\esm\axios.js,2231:59,error,prefer-template
axios-1.x\dist\esm\axios.js,2278:48,error,no-magic-numbers
axios-1.x\dist\esm\axios.js,2286:32,error,no-magic-numbers
axios-1.x\dist\esm\axios.js,2286:103,error,no-magic-numbers
axios-1.x\dist\esm\axios.js,2319:50,error,prefer-template
axios-1.x\dist\esm\axios.js,2400:62,error,no-magic-numbers
axios-1.x\dist\esm\axios.js,2401:31,error,prefer-template
axios-1.x\dist\esm\axios.js,2432:15,error,max-statements
axios-1.x\dist\esm\axios.js,2459:29,error,prefer-template
axios-1.x\dist\esm\axios.js,2465:31,error,prefer-template
axios-1.x\dist\esm\axios.js,2470:27,error,no-magic-numbers
axios-1.x\dist\esm\axios.js,2470:31,error,prefer-template
axios-1.x\dist\esm\axios.js,2470:84,error,prefer-template
axios-1.x\dist\esm\axios.js,2470:111,error,no-magic-numbers
axios-1.x\dist\esm\axios.js,2474:9,error,prefer-template
axios-1.x\dist\esm\axios.js,2519:59,error,no-magic-numbers
axios-1.x\dist\esm\axios.js,2666:37,error,prefer-template
axios-1.x\dist\esm\axios.js,2666:48,error,no-magic-numbers
axios-1.x\dist\esm\axios.js,2683:12,error,prefer-template
axios-1.x\dist\esm\axios.js,2683:97,error,prefer-template
axios-1.x\dist\esm\axios.js,2690:28,error,prefer-template
axios-1.x\dist\esm\axios.js,2690:61,error,prefer-template
axios-1.x\dist\esm\axios.js,2701:11,error,prefer-template
axios-1.x\dist\esm\axios.js,2726:16,error,no-magic-numbers
axios-1.x\dist\esm\axios.js,2733:32,error,prefer-template
axios-1.x\dist\esm\axios.js,2738:30,error,prefer-template
axios-1.x\dist\esm\axios.js,2774:10,error,max-statements
axios-1.x\dist\esm\axios.js,2774:10,error,complexity
axios-1.x\dist\esm\axios.js,2868:9,error,no-magic-numbers
axios-1.x\dist\esm\axios.js,2887:9,error,no-magic-numbers
axios-1.x\dist\esm\axios.js,2934:21,error,prefer-template
axios-1.x\dist\esm\axios.js,2966:20,error,no-magic-numbers
axios-1.x\dist\esm\axios.js,3034:19,error,no-magic-numbers
axios-1.x\dist\esm\axios.js,3035:37,error,no-magic-numbers
axios-1.x\dist\esm\axios.min.js,1:1,error,max-classes-per-file
axios-1.x\dist\esm\axios.min.js,1:199,error,no-magic-numbers
axios-1.x\dist\esm\axios.min.js,1:201,error,no-magic-numbers
axios-1.x\dist\esm\axios.min.js,1:468,error,no-magic-numbers
axios-1.x\dist\esm\axios.min.js,1:521,error,no-mixed-operators
axios-1.x\dist\esm\axios.min.js,1:554,error,no-mixed-operators
axios-1.x\dist\esm\axios.min.js,1:709,error,no-magic-numbers
axios-1.x\dist\esm\axios.min.js,1:784,error,no-magic-numbers
axios-1.x\dist\esm\axios.min.js,1:910,error,no-magic-numbers
axios-1.x\dist\esm\axios.min.js,1:1034,error,no-magic-numbers
axios-1.x\dist\esm\axios.min.js,1:1163,error,no-undef
axios-1.x\dist\esm\axios.min.js,1:1195,error,no-undef
axios-1.x\dist\esm\axios.min.js,1:1497,error,no-magic-numbers
axios-1.x\dist\esm\axios.min.js,1:1633,error,prefer-template
axios-1.x\dist\esm\axios.min.js,1:1920,error,no-mixed-operators
axios-1.x\dist\esm\axios.min.js,1:1943,error,no-mixed-operators
axios-1.x\dist\esm\axios.min.js,1:1943,error,no-mixed-operators
axios-1.x\dist\esm\axios.min.js,1:1956,error,no-mixed-operators
axios-1.x\dist\esm\axios.min.js,1:1980,error,no-mixed-operators
axios-1.x\dist\esm\axios.min.js,1:2009,error,no-mixed-operators
axios-1.x\dist\esm\axios.min.js,1:2232,error,no-magic-numbers
axios-1.x\dist\esm\axios.min.js,1:2240,error,no-magic-numbers
axios-1.x\dist\esm\axios.min.js,1:2468,error,no-mixed-operators
axios-1.x\dist\esm\axios.min.js,1:2474,error,no-mixed-operators
axios-1.x\dist\esm\axios.min.js,1:2503,error,no-mixed-operators
axios-1.x\dist\esm\axios.min.js,1:2511,error,no-mixed-operators
axios-1.x\dist\esm\axios.min.js,1:2855,error,no-magic-numbers
axios-1.x\dist\esm\axios.min.js,1:2876,error,no-magic-numbers
axios-1.x\dist\esm\axios.min.js,1:2891,error,no-magic-numbers
axios-1.x\dist\esm\axios.min.js,1:3085,error,complexity
axios-1.x\dist\esm\axios.min.js,1:3201,error,no-magic-numbers
axios-1.x\dist\esm\axios.min.js,1:3212,error,no-mixed-operators
axios-1.x\dist\esm\axios.min.js,1:3223,error,no-mixed-operators
axios-1.x\dist\esm\axios.min.js,1:3248,error,no-magic-numbers
axios-1.x\dist\esm\axios.min.js,1:3254,error,no-magic-numbers
axios-1.x\dist\esm\axios.min.js,1:3380,error,no-magic-numbers
axios-1.x\dist\esm\axios.min.js,1:3454,error,no-magic-numbers
axios-1.x\dist\esm\axios.min.js,1:3583,error,no-magic-numbers
axios-1.x\dist\esm\axios.min.js,1:3729,error,no-magic-numbers
axios-1.x\dist\esm\axios.min.js,1:3734,error,no-magic-numbers
axios-1.x\dist\esm\axios.min.js,1:3924,error,no-magic-numbers
axios-1.x\dist\esm\axios.min.js,1:3979,error,no-magic-numbers
axios-1.x\dist\esm\axios.min.js,1:4015,error,no-magic-numbers
axios-1.x\dist\esm\axios.min.js,1:4044,error,no-magic-numbers
axios-1.x\dist\esm\axios.min.js,1:4077,error,prefer-template
axios-1.x\dist\esm\axios.min.js,1:4186,error,no-magic-numbers
axios-1.x\dist\esm\axios.min.js,1:4473,error,no-magic-numbers
axios-1.x\dist\esm\axios.min.js,1:4553,error,no-magic-numbers
axios-1.x\dist\esm\axios.min.js,1:4715,error,no-magic-numbers
axios-1.x\dist\esm\axios.min.js,1:4755,error,no-magic-numbers
axios-1.x\dist\esm\axios.min.js,1:4844,error,no-magic-numbers
axios-1.x\dist\esm\axios.min.js,1:4876,error,no-magic-numbers
axios-1.x\dist\esm\axios.min.js,1:4902,error,no-magic-numbers
axios-1.x\dist\esm\axios.min.js,1:5924,error,no-magic-numbers
axios-1.x\dist\esm\axios.min.js,1:6248,error,no-magic-numbers
axios-1.x\dist\esm\axios.min.js,1:6250,error,no-magic-numbers
axios-1.x\dist\esm\axios.min.js,1:6334,error,prefer-template
axios-1.x\dist\esm\axios.min.js,1:6583,error,no-magic-numbers
axios-1.x\dist\esm\axios.min.js,1:6591,error,no-magic-numbers
axios-1.x\dist\esm\axios.min.js,1:6602,error,no-magic-numbers
axios-1.x\dist\esm\axios.min.js,1:6606,error,no-magic-numbers
axios-1.x\dist\esm\axios.min.js,1:6710,error,no-mixed-operators
axios-1.x\dist\esm\axios.min.js,1:6736,error,no-mixed-operators
axios-1.x\dist\esm\axios.min.js,1:7095,error,complexity
axios-1.x\dist\esm\axios.min.js,1:7186,error,no-magic-numbers
axios-1.x\dist\esm\axios.min.js,1:7188,error,no-magic-numbers
axios-1.x\dist\esm\axios.min.js,1:7232,error,no-mixed-operators
axios-1.x\dist\esm\axios.min.js,1:7281,error,no-mixed-operators
axios-1.x\dist\esm\axios.min.js,1:7281,error,no-mixed-operators
axios-1.x\dist\esm\axios.min.js,1:7320,error,no-mixed-operators
axios-1.x\dist\esm\axios.min.js,1:7417,error,no-magic-numbers
axios-1.x\dist\esm\axios.min.js,1:7445,error,prefer-template
axios-1.x\dist\esm\axios.min.js,1:7462,error,no-magic-numbers
axios-1.x\dist\esm\axios.min.js,1:7504,error,no-magic-numbers
axios-1.x\dist\esm\axios.min.js,1:7697,error,no-magic-numbers
axios-1.x\dist\esm\axios.min.js,1:7727,error,prefer-template
axios-1.x\dist\esm\axios.min.js,1:7812,error,no-magic-numbers
axios-1.x\dist\esm\axios.min.js,1:8386,error,no-mixed-operators
axios-1.x\dist\esm\axios.min.js,1:8396,error,no-mixed-operators
axios-1.x\dist\esm\axios.min.js,1:8522,error,no-magic-numbers
axios-1.x\dist\esm\axios.min.js,1:8541,error,no-magic-numbers
axios-1.x\dist\esm\axios.min.js,1:8551,error,no-magic-numbers
axios-1.x\dist\esm\axios.min.js,1:8754,error,prefer-template
axios-1.x\dist\esm\axios.min.js,1:8758,error,no-magic-numbers
axios-1.x\dist\esm\axios.min.js,1:8770,error,no-magic-numbers
axios-1.x\dist\esm\axios.min.js,1:8976,error,no-magic-numbers
axios-1.x\dist\esm\axios.min.js,1:9161,error,no-magic-numbers
axios-1.x\dist\esm\axios.min.js,1:9182,error,no-magic-numbers
axios-1.x\dist\esm\axios.min.js,1:9205,error,no-magic-numbers
axios-1.x\dist\esm\axios.min.js,1:9222,error,no-magic-numbers
axios-1.x\dist\esm\axios.min.js,1:9546,error,no-undef
axios-1.x\dist\esm\axios.min.js,1:9614,error,no-magic-numbers
axios-1.x\dist\esm\axios.min.js,1:9670,error,no-undef
axios-1.x\dist\esm\axios.min.js,1:9686,error,no-undef
axios-1.x\dist\esm\axios.min.js,1:9724,error,no-undef
axios-1.x\dist\esm\axios.min.js,1:9935,error,no-magic-numbers
axios-1.x\dist\esm\axios.min.js,1:10067,error,no-mixed-operators
axios-1.x\dist\esm\axios.min.js,1:10085,error,no-mixed-operators
axios-1.x\dist\esm\axios.min.js,1:10217,error,no-magic-numbers
axios-1.x\dist\esm\axios.min.js,1:10421,error,no-magic-numbers
axios-1.x\dist\esm\axios.min.js,1:10429,error,no-magic-numbers
axios-1.x\dist\esm\axios.min.js,1:10435,error,no-magic-numbers
axios-1.x\dist\esm\axios.min.js,1:10448,error,no-magic-numbers
axios-1.x\dist\esm\axios.min.js,1:10534,error,complexity
axios-1.x\dist\esm\axios.min.js,1:10611,error,no-magic-numbers
axios-1.x\dist\esm\axios.min.js,1:10955,error,no-magic-numbers
axios-1.x\dist\esm\axios.min.js,1:11033,error,no-magic-numbers
axios-1.x\dist\esm\axios.min.js,1:11210,error,no-magic-numbers
axios-1.x\dist\esm\axios.min.js,1:11350,error,no-magic-numbers
axios-1.x\dist\esm\axios.min.js,1:11498,error,no-magic-numbers
axios-1.x\dist\esm\axios.min.js,1:11673,error,complexity
axios-1.x\dist\esm\axios.min.js,1:11805,error,no-mixed-operators
axios-1.x\dist\esm\axios.min.js,1:11825,error,no-mixed-operators
axios-1.x\dist\esm\axios.min.js,1:12212,error,no-magic-numbers
axios-1.x\dist\esm\axios.min.js,1:12219,error,no-magic-numbers
axios-1.x\dist\esm\axios.min.js,1:12304,error,no-magic-numbers
axios-1.x\dist\esm\axios.min.js,1:12750,error,no-magic-numbers
axios-1.x\dist\esm\axios.min.js,1:12901,error,no-magic-numbers
axios-1.x\dist\esm\axios.min.js,1:12948,error,no-magic-numbers
axios-1.x\dist\esm\axios.min.js,1:12955,error,no-magic-numbers
axios-1.x\dist\esm\axios.min.js,1:13150,error,no-magic-numbers
axios-1.x\dist\esm\axios.min.js,1:13161,error,no-magic-numbers
axios-1.x\dist\esm\axios.min.js,1:13166,error,no-mixed-operators
axios-1.x\dist\esm\axios.min.js,1:13173,error,no-magic-numbers
axios-1.x\dist\esm\axios.min.js,1:13178,error,no-mixed-operators
axios-1.x\dist\esm\axios.min.js,1:13181,error,no-magic-numbers
axios-1.x\dist\esm\axios.min.js,1:13500,error,no-magic-numbers
axios-1.x\dist\esm\axios.min.js,1:13542,error,no-magic-numbers
axios-1.x\dist\esm\axios.min.js,1:13554,error,no-mixed-operators
axios-1.x\dist\esm\axios.min.js,1:13560,error,no-mixed-operators
axios-1.x\dist\esm\axios.min.js,1:13624,error,prefer-template
axios-1.x\dist\esm\axios.min.js,1:13687,error,no-cond-assign
axios-1.x\dist\esm\axios.min.js,1:13763,error,no-magic-numbers
axios-1.x\dist\esm\axios.min.js,1:13864,error,no-cond-assign
axios-1.x\dist\esm\axios.min.js,1:13881,error,no-magic-numbers
axios-1.x\dist\esm\axios.min.js,1:13887,error,no-magic-numbers
axios-1.x\dist\esm\axios.min.js,1:14056,error,no-cond-assign
axios-1.x\dist\esm\axios.min.js,1:14108,error,no-magic-numbers
axios-1.x\dist\esm\axios.min.js,1:14119,error,no-mixed-operators
axios-1.x\dist\esm\axios.min.js,1:14122,error,no-mixed-operators
axios-1.x\dist\esm\axios.min.js,1:14128,error,no-magic-numbers
axios-1.x\dist\esm\axios.min.js,1:14151,error,no-magic-numbers
axios-1.x\dist\esm\axios.min.js,1:14185,error,no-magic-numbers
axios-1.x\dist\esm\axios.min.js,1:14204,error,no-cond-assign
axios-1.x\dist\esm\axios.min.js,1:14238,error,no-mixed-operators
axios-1.x\dist\esm\axios.min.js,1:14241,error,no-mixed-operators
axios-1.x\dist\esm\axios.min.js,1:14247,error,no-magic-numbers
axios-1.x\dist\esm\axios.min.js,1:14276,error,no-magic-numbers
axios-1.x\dist\esm\axios.min.js,1:14373,error,no-magic-numbers
axios-1.x\dist\esm\axios.min.js,1:14400,error,no-mixed-operators
axios-1.x\dist\esm\axios.min.js,1:14406,error,no-magic-numbers
axios-1.x\dist\esm\axios.min.js,1:14421,error,no-magic-numbers
axios-1.x\dist\esm\axios.min.js,1:14423,error,no-mixed-operators
axios-1.x\dist\esm\axios.min.js,1:14444,error,no-magic-numbers
axios-1.x\dist\esm\axios.min.js,1:14746,error,no-magic-numbers
axios-1.x\dist\esm\axios.min.js,1:14890,error,no-magic-numbers
axios-1.x\dist\esm\axios.min.js,1:15078,error,prefer-template
axios-1.x\dist\esm\axios.min.js,1:15438,error,prefer-template
axios-1.x\dist\esm\axios.min.js,1:15578,error,no-magic-numbers
axios-1.x\dist\esm\axios.min.js,1:15597,error,no-magic-numbers
axios-1.x\dist\esm\axios.min.js,1:15805,error,no-magic-numbers
axios-1.x\dist\esm\axios.min.js,1:15830,error,no-magic-numbers
axios-1.x\dist\esm\axios.min.js,1:16054,error,no-magic-numbers
axios-1.x\dist\esm\axios.min.js,1:16245,error,no-magic-numbers
axios-1.x\dist\esm\axios.min.js,1:16312,error,prefer-template
axios-1.x\dist\esm\axios.min.js,1:16363,error,prefer-template
axios-1.x\dist\esm\axios.min.js,1:16423,error,prefer-template
axios-1.x\dist\esm\axios.min.js,1:16456,error,prefer-template
axios-1.x\dist\esm\axios.min.js,1:16470,error,no-magic-numbers
axios-1.x\dist\esm\axios.min.js,1:16494,error,no-undef
axios-1.x\dist\esm\axios.min.js,1:16540,error,no-undef
axios-1.x\dist\esm\axios.min.js,1:16573,error,prefer-template
axios-1.x\dist\esm\axios.min.js,1:16632,error,no-magic-numbers
axios-1.x\dist\esm\axios.min.js,1:16679,error,no-magic-numbers
axios-1.x\dist\esm\axios.min.js,1:16814,error,prefer-template
axios-1.x\dist\esm\axios.min.js,1:16948,error,no-undef
axios-1.x\dist\esm\axios.min.js,1:16971,error,no-undef
axios-1.x\dist\esm\axios.min.js,1:17324,error,no-magic-numbers
axios-1.x\dist\esm\axios.min.js,1:17338,error,prefer-template
axios-1.x\dist\esm\axios.min.js,1:17365,error,no-undef
axios-1.x\dist\esm\axios.min.js,1:17498,error,no-magic-numbers
axios-1.x\dist\esm\axios.min.js,1:17553,error,no-magic-numbers
axios-1.x\dist\esm\axios.min.js,1:17620,error,no-magic-numbers
axios-1.x\dist\esm\axios.min.js,1:17628,error,no-magic-numbers
axios-1.x\dist\esm\axios.min.js,1:17740,error,no-magic-numbers
axios-1.x\dist\esm\axios.min.js,1:17758,error,no-magic-numbers
axios-1.x\dist\esm\axios.min.js,1:17812,error,no-magic-numbers
axios-1.x\dist\esm\axios.min.js,1:17826,error,no-magic-numbers
axios-1.x\dist\esm\axios.min.js,1:17830,error,no-magic-numbers
axios-1.x\dist\esm\axios.min.js,1:17833,error,no-magic-numbers
axios-1.x\dist\esm\axios.min.js,1:17900,error,no-magic-numbers
axios-1.x\dist\esm\axios.min.js,1:17965,error,no-magic-numbers
axios-1.x\dist\esm\axios.min.js,1:17988,error,no-magic-numbers
axios-1.x\dist\esm\axios.min.js,1:18024,error,no-magic-numbers
axios-1.x\dist\esm\axios.min.js,1:18061,error,no-magic-numbers
axios-1.x\dist\esm\axios.min.js,1:18161,error,complexity
axios-1.x\dist\esm\axios.min.js,1:18477,error,no-magic-numbers
axios-1.x\dist\esm\axios.min.js,1:18489,error,no-magic-numbers
axios-1.x\dist\esm\axios.min.js,1:18655,error,no-undef
axios-1.x\dist\esm\axios.min.js,1:18798,error,prefer-template
axios-1.x\dist\esm\axios.min.js,1:18812,error,prefer-template
axios-1.x\dist\esm\axios.min.js,1:19031,error,prefer-template
axios-1.x\dist\esm\axios.min.js,1:19134,error,no-magic-numbers
axios-1.x\dist\esm\axios.min.js,1:19139,error,no-magic-numbers
axios-1.x\dist\esm\axios.min.js,1:19422,error,no-magic-numbers
axios-1.x\dist\esm\axios.min.js,1:19510,error,no-magic-numbers
axios-1.x\dist\esm\axios.min.js,1:19529,error,no-magic-numbers
axios-1.x\dist\esm\axios.min.js,1:19541,error,no-mixed-operators
axios-1.x\dist\esm\axios.min.js,1:19556,error,no-mixed-operators
axios-1.x\dist\esm\axios.min.js,1:19558,error,no-magic-numbers
axios-1.x\dist\esm\axios.min.js,1:19803,error,prefer-template
axios-1.x\dist\esm\axios.min.js,1:20065,error,no-mixed-operators
axios-1.x\dist\esm\axios.min.js,1:20068,error,no-magic-numbers
axios-1.x\dist\esm\axios.min.js,1:20073,error,no-mixed-operators
axios-1.x\dist\esm\axios.min.js,1:20187,error,no-magic-numbers
axios-1.x\dist\esm\axios.min.js,1:20521,error,no-magic-numbers
axios-1.x\dist\esm\axios.min.js,1:20910,error,no-mixed-operators
axios-1.x\dist\esm\axios.min.js,1:20914,error,no-magic-numbers
axios-1.x\dist\esm\axios.min.js,1:20916,error,no-mixed-operators
axios-1.x\dist\esm\axios.min.js,1:20928,error,no-magic-numbers
axios-1.x\dist\esm\axios.min.js,1:20965,error,prefer-template
axios-1.x\dist\esm\axios.min.js,1:21120,error,no-empty
axios-1.x\dist\esm\axios.min.js,1:21230,error,no-magic-numbers
axios-1.x\dist\esm\axios.min.js,1:21390,error,no-magic-numbers
axios-1.x\dist\esm\axios.min.js,1:21451,error,prefer-template
axios-1.x\dist\esm\axios.min.js,1:21507,error,prefer-template
axios-1.x\dist\esm\axios.min.js,1:21525,error,no-magic-numbers
axios-1.x\dist\esm\axios.min.js,1:21616,error,prefer-template
axios-1.x\dist\esm\axios.min.js,1:21684,error,no-magic-numbers
axios-1.x\dist\esm\axios.min.js,1:21686,error,prefer-template
axios-1.x\dist\esm\axios.min.js,1:21719,error,prefer-template
axios-1.x\dist\esm\axios.min.js,1:21728,error,no-magic-numbers
axios-1.x\dist\esm\axios.min.js,1:21989,error,no-magic-numbers
axios-1.x\dist\esm\axios.min.js,1:22098,error,no-magic-numbers
axios-1.x\dist\esm\axios.min.js,1:22713,error,no-magic-numbers
axios-1.x\dist\esm\axios.min.js,1:22722,error,no-magic-numbers
axios-1.x\dist\esm\axios.min.js,1:22789,error,no-magic-numbers
axios-1.x\dist\esm\axios.min.js,1:22856,error,no-magic-numbers
axios-1.x\dist\esm\axios.min.js,1:22865,error,no-magic-numbers
axios-1.x\dist\esm\axios.min.js,1:22877,error,no-magic-numbers
axios-1.x\dist\esm\axios.min.js,1:22935,error,no-magic-numbers
axios-1.x\dist\esm\axios.min.js,1:22945,error,no-magic-numbers
axios-1.x\dist\esm\axios.min.js,1:23401,error,no-magic-numbers
axios-1.x\dist\esm\axios.min.js,1:23519,error,no-mixed-operators
axios-1.x\dist\esm\axios.min.js,1:23526,error,no-mixed-operators
axios-1.x\dist\esm\axios.min.js,1:23669,error,prefer-template
axios-1.x\dist\esm\axios.min.js,1:23676,error,no-magic-numbers
axios-1.x\dist\esm\axios.min.js,1:23760,error,prefer-template
axios-1.x\dist\esm\axios.min.js,1:23810,error,prefer-template
axios-1.x\dist\esm\axios.min.js,1:23841,error,no-magic-numbers
axios-1.x\dist\esm\axios.min.js,1:23863,error,prefer-template
axios-1.x\dist\esm\axios.min.js,1:23886,error,prefer-template
axios-1.x\dist\esm\axios.min.js,1:23944,error,no-magic-numbers
axios-1.x\dist\esm\axios.min.js,1:23963,error,prefer-template
axios-1.x\dist\esm\axios.min.js,1:24230,error,no-magic-numbers
axios-1.x\dist\esm\axios.min.js,1:24280,error,no-magic-numbers
axios-1.x\dist\esm\axios.min.js,1:24300,error,no-magic-numbers
axios-1.x\dist\esm\axios.min.js,1:24318,error,prefer-template
axios-1.x\dist\esm\axios.min.js,1:24377,error,no-magic-numbers
axios-1.x\dist\esm\axios.min.js,1:24395,error,prefer-template
axios-1.x\dist\esm\axios.min.js,1:24563,error,max-statements
axios-1.x\dist\esm\axios.min.js,1:24563,error,complexity
axios-1.x\dist\esm\axios.min.js,1:24692,error,no-magic-numbers
axios-1.x\dist\esm\axios.min.js,1:24861,error,no-magic-numbers
axios-1.x\dist\esm\axios.min.js,1:24986,error,no-magic-numbers
axios-1.x\dist\esm\axios.min.js,1:25222,error,no-magic-numbers
axios-1.x\dist\esm\axios.min.js,1:25299,error,no-mixed-operators
axios-1.x\dist\esm\axios.min.js,1:25302,error,no-magic-numbers
axios-1.x\dist\esm\axios.min.js,1:25318,error,no-mixed-operators
axios-1.x\dist\esm\axios.min.js,1:25522,error,no-magic-numbers
axios-1.x\dist\esm\axios.min.js,1:25663,error,no-magic-numbers
axios-1.x\dist\esm\axios.min.js,1:25799,error,no-magic-numbers
axios-1.x\dist\esm\axios.min.js,1:26322,error,prefer-template
axios-1.x\dist\esm\axios.min.js,1:26335,error,no-magic-numbers
axios-1.x\dist\esm\axios.min.js,1:26600,error,no-magic-numbers
axios-1.x\dist\esm\axios.min.js,1:27072,error,no-magic-numbers
axios-1.x\dist\esm\axios.min.js,1:27105,error,no-magic-numbers
axios-1.x\dist\esm\axios.min.js,1:28573,error,no-magic-numbers
axios-1.x\dist\esm\axios.min.js,1:28608,error,no-magic-numbers
axios-1.x\dist\esm\axios.min.js,1:28961,error,no-magic-numbers
axios-1.x\examples\get\server.js,1:0,error,character
axios-1.x\examples\postMultipartFormData\server.js,1:0,error,character
axios-1.x\examples\post\server.js,1:0,error,character
axios-1.x\examples\server.js,6:42,error,no-magic-numbers
axios-1.x\examples\server.js,19:14,error,no-magic-numbers
axios-1.x\examples\server.js,32:17,error,prefer-template
axios-1.x\examples\server.js,33:12,error,prefer-template
axios-1.x\examples\server.js,37:5,error,prefer-template
axios-1.x\examples\server.js,62:21,error,no-magic-numbers
axios-1.x\examples\server.js,66:21,error,no-magic-numbers
axios-1.x\examples\server.js,71:19,error,no-magic-numbers
axios-1.x\examples\server.js,81:28,error,max-statements
axios-1.x\examples\server.js,81:28,error,complexity
axios-1.x\examples\server.js,115:41,error,no-magic-numbers
axios-1.x\examples\server.js,115:47,error,no-magic-numbers
axios-1.x\examples\server.js,129:23,error,prefer-template
axios-1.x\examples\server.js,129:48,error,no-useless-escape
axios-1.x\examples\server.js,130:44,error,prefer-template
axios-1.x\examples\server.js,131:36,error,prefer-template
axios-1.x\examples\server.js,141:24,error,no-magic-numbers
axios-1.x\examples\upload\server.js,1:0,error,character
axios-1.x\gulpfile.js,6:42,error,no-magic-numbers
axios-1.x\gulpfile.js,8:1,error,indent
axios-1.x\gulpfile.js,8:24,error,require-await
axios-1.x\gulpfile.js,34:64,error,no-magic-numbers
axios-1.x\gulpfile.js,37:55,error,no-magic-numbers
axios-1.x\gulpfile.js,56:66,error,no-magic-numbers
axios-1.x\gulpfile.js,64:66,error,no-magic-numbers
axios-1.x\gulpfile.js,66:76,error,no-magic-numbers
axios-1.x\index.d.ts,2:1,error,max-classes-per-file
axios-1.x\index.d.ts,21:4,error,no-undef
axios-1.x\index.d.ts,24:3,error,no-dupe-class-members
axios-1.x\index.d.ts,27:3,error,no-dupe-class-members
axios-1.x\index.d.ts,49:3,error,no-dupe-class-members
axios-1.x\index.d.ts,54:3,error,no-dupe-class-members
axios-1.x\index.d.ts,59:3,error,no-dupe-class-members
axios-1.x\index.d.ts,64:3,error,no-dupe-class-members
axios-1.x\index.d.ts,69:3,error,no-dupe-class-members
axios-1.x\index.d.ts,74:3,error,no-dupe-class-members
axios-1.x\index.d.ts,85:4,error,no-unused-vars
axios-1.x\index.d.ts,95:4,error,no-unused-vars
axios-1.x\index.d.ts,129:3,error,no-unused-vars
axios-1.x\index.d.ts,129:14,error,no-magic-numbers
axios-1.x\index.d.ts,130:3,error,no-unused-vars
axios-1.x\index.d.ts,130:24,error,no-magic-numbers
axios-1.x\index.d.ts,131:3,error,no-unused-vars
axios-1.x\index.d.ts,131:16,error,no-magic-numbers
axios-1.x\index.d.ts,132:3,error,no-unused-vars
axios-1.x\index.d.ts,132:16,error,no-magic-numbers
axios-1.x\index.d.ts,133:3,error,no-unused-vars
axios-1.x\index.d.ts,133:8,error,no-magic-numbers
axios-1.x\index.d.ts,134:3,error,no-unused-vars
axios-1.x\index.d.ts,134:13,error,no-magic-numbers
axios-1.x\index.d.ts,135:3,error,no-unused-vars
axios-1.x\index.d.ts,135:14,error,no-magic-numbers
axios-1.x\index.d.ts,136:3,error,no-unused-vars
axios-1.x\index.d.ts,136:33,error,no-magic-numbers
axios-1.x\index.d.ts,137:3,error,no-unused-vars
axios-1.x\index.d.ts,137:15,error,no-magic-numbers
axios-1.x\index.d.ts,138:3,error,no-unused-vars
axios-1.x\index.d.ts,138:18,error,no-magic-numbers
axios-1.x\index.d.ts,139:3,error,no-unused-vars
axios-1.x\index.d.ts,139:20,error,no-magic-numbers
axios-1.x\index.d.ts,140:3,error,no-unused-vars
axios-1.x\index.d.ts,140:17,error,no-magic-numbers
axios-1.x\index.d.ts,141:3,error,no-unused-vars
axios-1.x\index.d.ts,141:21,error,no-magic-numbers
axios-1.x\index.d.ts,142:3,error,no-unused-vars
axios-1.x\index.d.ts,142:12,error,no-magic-numbers
axios-1.x\index.d.ts,143:3,error,no-unused-vars
axios-1.x\index.d.ts,143:21,error,no-magic-numbers
axios-1.x\index.d.ts,144:3,error,no-unused-vars
axios-1.x\index.d.ts,144:22,error,no-magic-numbers
axios-1.x\index.d.ts,145:3,error,no-unused-vars
axios-1.x\index.d.ts,145:11,error,no-magic-numbers
axios-1.x\index.d.ts,146:3,error,no-unused-vars
axios-1.x\index.d.ts,146:14,error,no-magic-numbers
axios-1.x\index.d.ts,147:3,error,no-unused-vars
axios-1.x\index.d.ts,147:17,error,no-magic-numbers
axios-1.x\index.d.ts,148:3,error,no-unused-vars
axios-1.x\index.d.ts,148:14,error,no-magic-numbers
axios-1.x\index.d.ts,149:3,error,no-unused-vars
axios-1.x\index.d.ts,149:12,error,no-magic-numbers
axios-1.x\index.d.ts,150:3,error,no-unused-vars
axios-1.x\index.d.ts,150:23,error,no-magic-numbers
axios-1.x\index.d.ts,151:3,error,no-unused-vars
axios-1.x\index.d.ts,151:23,error,no-magic-numbers
axios-1.x\index.d.ts,152:3,error,no-unused-vars
axios-1.x\index.d.ts,152:16,error,no-magic-numbers
axios-1.x\index.d.ts,153:3,error,no-unused-vars
axios-1.x\index.d.ts,153:18,error,no-magic-numbers
axios-1.x\index.d.ts,154:3,error,no-unused-vars
axios-1.x\index.d.ts,154:21,error,no-magic-numbers
axios-1.x\index.d.ts,155:3,error,no-unused-vars
axios-1.x\index.d.ts,155:15,error,no-magic-numbers
axios-1.x\index.d.ts,156:3,error,no-unused-vars
axios-1.x\index.d.ts,156:14,error,no-magic-numbers
axios-1.x\index.d.ts,157:3,error,no-unused-vars
axios-1.x\index.d.ts,157:22,error,no-magic-numbers
axios-1.x\index.d.ts,158:3,error,no-unused-vars
axios-1.x\index.d.ts,158:19,error,no-magic-numbers
axios-1.x\index.d.ts,159:3,error,no-unused-vars
axios-1.x\index.d.ts,159:33,error,no-magic-numbers
axios-1.x\index.d.ts,160:3,error,no-unused-vars
axios-1.x\index.d.ts,160:20,error,no-magic-numbers
axios-1.x\index.d.ts,161:3,error,no-unused-vars
axios-1.x\index.d.ts,161:14,error,no-magic-numbers
axios-1.x\index.d.ts,162:3,error,no-unused-vars
axios-1.x\index.d.ts,162:10,error,no-magic-numbers
axios-1.x\index.d.ts,163:3,error,no-unused-vars
axios-1.x\index.d.ts,163:20,error,no-magic-numbers
axios-1.x\index.d.ts,164:3,error,no-unused-vars
axios-1.x\index.d.ts,164:24,error,no-magic-numbers
axios-1.x\index.d.ts,165:3,error,no-unused-vars
axios-1.x\index.d.ts,165:21,error,no-magic-numbers
axios-1.x\index.d.ts,166:3,error,no-unused-vars
axios-1.x\index.d.ts,166:16,error,no-magic-numbers
axios-1.x\index.d.ts,167:3,error,no-unused-vars
axios-1.x\index.d.ts,167:26,error,no-magic-numbers
axios-1.x\index.d.ts,168:3,error,no-unused-vars
axios-1.x\index.d.ts,168:25,error,no-magic-numbers
axios-1.x\index.d.ts,169:3,error,no-unused-vars
axios-1.x\index.d.ts,169:23,error,no-magic-numbers
axios-1.x\index.d.ts,170:3,error,no-unused-vars
axios-1.x\index.d.ts,170:15,error,no-magic-numbers
axios-1.x\index.d.ts,171:3,error,no-unused-vars
axios-1.x\index.d.ts,171:24,error,no-magic-numbers
axios-1.x\index.d.ts,172:3,error,no-unused-vars
axios-1.x\index.d.ts,172:25,error,no-magic-numbers
axios-1.x\index.d.ts,173:3,error,no-unused-vars
axios-1.x\index.d.ts,173:12,error,no-magic-numbers
axios-1.x\index.d.ts,174:3,error,no-unused-vars
axios-1.x\index.d.ts,174:22,error,no-magic-numbers
axios-1.x\index.d.ts,175:3,error,no-unused-vars
axios-1.x\index.d.ts,175:14,error,no-magic-numbers
axios-1.x\index.d.ts,176:3,error,no-unused-vars
axios-1.x\index.d.ts,176:21,error,no-magic-numbers
axios-1.x\index.d.ts,177:3,error,no-unused-vars
axios-1.x\index.d.ts,177:26,error,no-magic-numbers
axios-1.x\index.d.ts,178:3,error,no-unused-vars
axios-1.x\index.d.ts,178:21,error,no-magic-numbers
axios-1.x\index.d.ts,179:3,error,no-unused-vars
axios-1.x\index.d.ts,179:33,error,no-magic-numbers
axios-1.x\index.d.ts,180:3,error,no-unused-vars
axios-1.x\index.d.ts,180:32,error,no-magic-numbers
axios-1.x\index.d.ts,181:3,error,no-unused-vars
axios-1.x\index.d.ts,181:25,error,no-magic-numbers
axios-1.x\index.d.ts,182:3,error,no-unused-vars
axios-1.x\index.d.ts,182:20,error,no-magic-numbers
axios-1.x\index.d.ts,183:3,error,no-unused-vars
axios-1.x\index.d.ts,183:16,error,no-magic-numbers
axios-1.x\index.d.ts,184:3,error,no-unused-vars
axios-1.x\index.d.ts,184:24,error,no-magic-numbers
axios-1.x\index.d.ts,185:3,error,no-unused-vars
axios-1.x\index.d.ts,185:20,error,no-magic-numbers
axios-1.x\index.d.ts,186:3,error,no-unused-vars
axios-1.x\index.d.ts,186:29,error,no-magic-numbers
axios-1.x\index.d.ts,187:3,error,no-unused-vars
axios-1.x\index.d.ts,187:27,error,no-magic-numbers
axios-1.x\index.d.ts,188:3,error,no-unused-vars
axios-1.x\index.d.ts,188:25,error,no-magic-numbers
axios-1.x\index.d.ts,189:3,error,no-unused-vars
axios-1.x\index.d.ts,189:18,error,no-magic-numbers
axios-1.x\index.d.ts,190:3,error,no-unused-vars
axios-1.x\index.d.ts,190:17,error,no-magic-numbers
axios-1.x\index.d.ts,191:3,error,no-unused-vars
axios-1.x\index.d.ts,191:35,error,no-magic-numbers
axios-1.x\index.d.ts,305:29,error,no-magic-numbers
axios-1.x\index.d.ts,305:33,error,no-magic-numbers
axios-1.x\index.js,1:0,error,character
axios-1.x\lib\adapters\adapters.js,27:15,error,max-statements
axios-1.x\lib\adapters\adapters.js,54:29,error,prefer-template
axios-1.x\lib\adapters\adapters.js,60:31,error,prefer-template
axios-1.x\lib\adapters\adapters.js,65:27,error,no-magic-numbers
axios-1.x\lib\adapters\adapters.js,65:31,error,prefer-template
axios-1.x\lib\adapters\adapters.js,65:84,error,prefer-template
axios-1.x\lib\adapters\adapters.js,65:111,error,no-magic-numbers
axios-1.x\lib\adapters\adapters.js,69:9,error,prefer-template
axios-1.x\lib\adapters\http.js,45:10,error,prefer-template
axios-1.x\lib\adapters\http.js,74:1,error,max-statements
axios-1.x\lib\adapters\http.js,74:1,error,complexity
axios-1.x\lib\adapters\http.js,85:20,error,prefer-template
axios-1.x\lib\adapters\http.js,91:22,error,prefer-template
axios-1.x\lib\adapters\http.js,96:48,error,prefer-template
axios-1.x\lib\adapters\http.js,99:63,error,prefer-template
axios-1.x\lib\adapters\http.js,153:47,error,no-magic-numbers
axios-1.x\lib\adapters\http.js,153:51,error,no-magic-numbers
axios-1.x\lib\adapters\http.js,153:55,error,no-magic-numbers
axios-1.x\lib\adapters\http.js,161:20,error,max-statements
axios-1.x\lib\adapters\http.js,161:20,error,complexity
axios-1.x\lib\adapters\http.js,180:60,error,no-magic-numbers
axios-1.x\lib\adapters\http.js,180:82,error,no-magic-numbers
axios-1.x\lib\adapters\http.js,224:60,error,no-magic-numbers
axios-1.x\lib\adapters\http.js,265:50,error,no-magic-numbers
axios-1.x\lib\adapters\http.js,267:9,error,prefer-template
axios-1.x\lib\adapters\http.js,279:31,error,prefer-template
axios-1.x\lib\adapters\http.js,295:32,error,no-mixed-operators
axios-1.x\lib\adapters\http.js,295:48,error,no-magic-numbers
axios-1.x\lib\adapters\http.js,295:51,error,no-mixed-operators
axios-1.x\lib\adapters\http.js,304:58,error,no-magic-numbers
axios-1.x\lib\adapters\http.js,311:45,error,no-magic-numbers
axios-1.x\lib\adapters\http.js,331:34,error,no-magic-numbers
axios-1.x\lib\adapters\http.js,343:31,error,no-magic-numbers
axios-1.x\lib\adapters\http.js,344:33,error,no-magic-numbers
axios-1.x\lib\adapters\http.js,371:14,error,prefer-template
axios-1.x\lib\adapters\http.js,377:14,error,prefer-template
axios-1.x\lib\adapters\http.js,400:7,error,prefer-template
axios-1.x\lib\adapters\http.js,401:1,error,indent
axios-1.x\lib\adapters\http.js,423:39,error,prefer-template
axios-1.x\lib\adapters\http.js,423:90,error,prefer-template
axios-1.x\lib\adapters\http.js,431:40,error,no-magic-numbers
axios-1.x\lib\adapters\http.js,443:32,error,no-magic-numbers
axios-1.x\lib\adapters\http.js,455:38,error,max-statements
axios-1.x\lib\adapters\http.js,455:38,error,complexity
axios-1.x\lib\adapters\http.js,487:53,error,no-magic-numbers
axios-1.x\lib\adapters\http.js,520:41,error,no-magic-numbers
axios-1.x\lib\adapters\http.js,520:92,error,no-magic-numbers
axios-1.x\lib\adapters\http.js,547:41,error,no-magic-numbers
axios-1.x\lib\adapters\http.js,551:35,error,prefer-template
axios-1.x\lib\adapters\http.js,562:13,error,prefer-template
axios-1.x\lib\adapters\http.js,578:58,error,no-magic-numbers
axios-1.x\lib\adapters\http.js,578:77,error,no-magic-numbers
axios-1.x\lib\adapters\http.js,616:33,error,no-magic-numbers
axios-1.x\lib\adapters\http.js,616:40,error,no-magic-numbers
axios-1.x\lib\adapters\http.js,642:52,error,prefer-template
axios-1.x\lib\adapters\xhr.js,19:36,error,no-magic-numbers
axios-1.x\lib\adapters\xhr.js,19:40,error,no-magic-numbers
axios-1.x\lib\adapters\xhr.js,49:22,error,max-statements
axios-1.x\lib\adapters\xhr.js,49:22,error,complexity
axios-1.x\lib\adapters\xhr.js,76:23,error,no-undef
axios-1.x\lib\adapters\xhr.js,82:43,error,prefer-template
axios-1.x\lib\adapters\xhr.js,82:59,error,prefer-template
axios-1.x\lib\adapters\xhr.js,129:48,error,no-magic-numbers
axios-1.x\lib\adapters\xhr.js,137:32,error,no-magic-numbers
axios-1.x\lib\adapters\xhr.js,137:103,error,no-magic-numbers
axios-1.x\lib\adapters\xhr.js,170:50,error,prefer-template
axios-1.x\lib\adapters\xhr.js,251:62,error,no-magic-numbers
axios-1.x\lib\adapters\xhr.js,252:29,error,prefer-template
axios-1.x\lib\cancel\CancelToken.js,32:20,error,no-magic-numbers
axios-1.x\lib\cancel\CancelToken.js,100:19,error,no-magic-numbers
axios-1.x\lib\cancel\CancelToken.js,101:37,error,no-magic-numbers
axios-1.x\lib\cancel\isCancel.js,1:0,error,character
axios-1.x\lib\core\Axios.js,1:0,error,character
axios-1.x\lib\core\AxiosError.js,1:0,error,character
axios-1.x\lib\core\AxiosHeaders.js,1:0,error,character
axios-1.x\lib\core\InterceptorManager.js,1:0,error,character
axios-1.x\lib\core\buildFullPath.js,1:0,error,character
axios-1.x\lib\core\dispatchRequest.js,1:0,error,character
axios-1.x\lib\core\mergeConfig.js,1:0,error,character
axios-1.x\lib\core\settle.js,1:0,error,character
axios-1.x\lib\core\transformData.js,1:0,error,character
axios-1.x\lib\defaults\index.js,1:0,error,character
axios-1.x\lib\defaults\transitional.js,1:0,error,character
axios-1.x\lib\env\classes\FormData.js,1:0,error,character
axios-1.x\lib\env\data.js,1:0,error,character
axios-1.x\lib\helpers\AxiosTransformStream.js,1:0,error,character
axios-1.x\lib\helpers\AxiosURLSearchParams.js,1:0,error,character
axios-1.x\lib\helpers\HttpStatusCode.js,1:0,error,character
axios-1.x\lib\helpers\ZlibHeaderTransformStream.js,1:0,error,character
axios-1.x\lib\helpers\bind.js,1:0,error,character
axios-1.x\lib\helpers\buildURL.js,1:0,error,character
axios-1.x\lib\helpers\callbackify.js,1:0,error,character
axios-1.x\lib\helpers\combineURLs.js,1:0,error,character
axios-1.x\lib\helpers\cookies.js,1:0,error,character
axios-1.x\lib\helpers\deprecatedMethod.js,1:0,error,character
axios-1.x\lib\helpers\formDataToJSON.js,1:0,error,character
axios-1.x\lib\helpers\formDataToStream.js,1:0,error,character
axios-1.x\lib\helpers\fromDataURI.js,1:0,error,character
axios-1.x\lib\helpers\isAxiosError.js,1:0,error,character
axios-1.x\lib\helpers\isURLSameOrigin.js,1:0,error,character
axios-1.x\lib\helpers\null.js,1:0,error,character
axios-1.x\lib\helpers\parseHeaders.js,1:0,error,character
axios-1.x\lib\helpers\parseProtocol.js,1:0,error,character
axios-1.x\lib\helpers\readBlob.js,1:0,error,character
axios-1.x\lib\helpers\speedometer.js,1:0,error,character
axios-1.x\lib\helpers\spread.js,1:0,error,character
axios-1.x\lib\helpers\throttle.js,1:0,error,character
axios-1.x\lib\helpers\toFormData.js,1:0,error,character
axios-1.x\lib\helpers\toURLEncodedForm.js,1:0,error,character
axios-1.x\lib\helpers\validator.js,1:0,error,character
axios-1.x\lib\platform\browser\classes\Blob.js,1:0,error,character
axios-1.x\lib\platform\browser\classes\FormData.js,1:0,error,character
axios-1.x\lib\platform\browser\classes\URLSearchParams.js,1:0,error,character
axios-1.x\lib\platform\browser\index.js,1:0,error,character
axios-1.x\lib\platform\common\utils.js,1:0,error,character
axios-1.x\lib\platform\index.js,1:0,error,character
axios-1.x\lib\platform\node\classes\FormData.js,1:0,error,character
axios-1.x\lib\platform\node\classes\URLSearchParams.js,1:0,error,character
axios-1.x\lib\platform\node\index.js,1:0,error,character
axios-1.x\lib\utils.js,1:0,error,character
axios-1.x\rollup.config.js,56:25,error,require-await
axios-1.x\sandbox\client.js,1:0,error,character
axios-1.x\sandbox\server.js,1:0,error,character
axios-1.x\webpack.config.js,1:0,error,character
