directory_file_name,line_number,error_type,error_description
,2:12,error,no-undef
,3:10,error,no-undef
,4:8,error,no-undef
,5:11,error,no-undef
,6:11,error,no-undef
,40:1,error,indent
,41:1,error,indent
,52:14,error,max-statements
,55:67,error,no-magic-numbers
,68:7,error,no-magic-numbers
,110:67,error,no-magic-numbers
,135:22,error,no-magic-numbers
,143:27,error,no-useless-escape
,143:29,error,no-useless-escape
,143:33,error,no-useless-escape
,143:35,error,no-useless-escape
,143:37,error,no-useless-escape
,143:39,error,no-useless-escape
,143:41,error,no-useless-escape
,143:43,error,no-useless-escape
,143:45,error,no-useless-escape
,143:47,error,no-useless-escape
,143:49,error,no-useless-escape
,143:53,error,no-useless-escape
,143:55,error,no-useless-escape
,143:57,error,no-useless-escape
,151:35,error,no-magic-numbers
,151:48,error,no-magic-numbers
,192:63,error,no-magic-numbers
,192:66,error,no-magic-numbers
,206:25,error,no-magic-numbers
,239:64,error,no-magic-numbers
,254:43,error,no-magic-numbers
,254:46,error,no-magic-numbers
,255:11,error,no-undef
,316:20,error,max-statements
,365:5,error,no-undef
,389:25,error,no-undef
,451:36,error,no-magic-numbers
,451:39,error,no-magic-numbers
,454:36,error,no-magic-numbers
,454:39,error,no-magic-numbers
,457:36,error,no-magic-numbers
,457:39,error,no-magic-numbers
,460:36,error,no-magic-numbers
,460:39,error,no-magic-numbers
,463:36,error,no-magic-numbers
,463:40,error,no-magic-numbers
,466:36,error,no-magic-numbers
,466:40,error,no-magic-numbers
,469:36,error,no-magic-numbers
,469:39,error,no-magic-numbers
,472:36,error,no-magic-numbers
,472:39,error,no-magic-numbers
,499:37,error,no-magic-numbers
,502:37,error,no-magic-numbers
,505:37,error,no-magic-numbers
,508:37,error,no-magic-numbers
,511:34,error,no-magic-numbers
,514:34,error,no-magic-numbers
,517:34,error,no-magic-numbers
,520:34,error,no-magic-numbers
,544:29,error,no-magic-numbers
,545:56,error,no-magic-numbers
,545:59,error,no-magic-numbers
,573:5,error,no-undef
,586:25,error,no-undef
,597:21,error,max-statements
,597:21,error,complexity
,631:9,error,no-undef
,635:9,error,no-undef
,730:22,error,no-undef
,758:1,error,indent
,759:1,error,indent
,760:1,error,indent
,789:60,error,no-magic-numbers
,791:48,error,no-magic-numbers
,793:46,error,no-magic-numbers
,812:15,error,max-statements
,812:15,error,complexity
,895:71,error,no-magic-numbers
,923:49,error,no-magic-numbers
,936:51,error,no-magic-numbers
,937:56,error,no-magic-numbers
,940:24,error,no-magic-numbers
,940:46,error,no-magic-numbers
,947:1,error,indent
,948:1,error,indent
,948:18,error,no-magic-numbers
,949:1,error,indent
,951:1,error,indent
,952:1,error,indent
,953:1,error,indent
,954:1,error,indent
,954:36,error,no-magic-numbers
,954:66,error,no-magic-numbers
,955:1,error,indent
,955:20,error,no-magic-numbers
,956:1,error,indent
,957:1,error,indent
,959:1,error,indent
,960:1,error,indent
,975:74,error,no-magic-numbers
,976:53,error,no-magic-numbers
,1021:66,error,no-magic-numbers
,1049:14,error,complexity
,1053:30,error,no-useless-escape
,1053:52,error,no-useless-escape
,1060:32,error,no-magic-numbers
,1075:30,error,no-magic-numbers
,1089:40,error,no-magic-numbers
,1090:22,error,no-magic-numbers
,1099:22,error,no-magic-numbers
,1102:28,error,no-magic-numbers
,1146:33,error,no-magic-numbers
,1174:40,error,no-magic-numbers
,1175:38,error,no-magic-numbers
,1230:34,error,no-undef
,1279:59,error,no-magic-numbers
,1318:52,error,no-magic-numbers
,1319:10,error,no-magic-numbers
,1343:19,error,no-undef
,1346:22,error,no-undef
,1354:22,error,no-undef
,39:26,error,no-undef
,40:39,error,no-magic-numbers
,18:30,error,no-magic-numbers
,18:34,error,no-magic-numbers
,21:36,error,no-magic-numbers
,21:40,error,no-magic-numbers
,21:44,error,no-magic-numbers
,79:8,error,no-magic-numbers
,174:48,error,no-magic-numbers
,198:61,error,no-magic-numbers
,198:71,error,no-magic-numbers
,253:51,error,no-undef
,331:28,error,no-magic-numbers
,331:50,error,no-magic-numbers
,331:73,error,no-magic-numbers
,333:28,error,no-magic-numbers
,333:50,error,no-magic-numbers
,333:75,error,no-magic-numbers
,85:78,error,no-magic-numbers
,96:67,error,no-magic-numbers
,106:67,error,no-magic-numbers
,154:21,error,no-magic-numbers
,161:28,error,no-magic-numbers
,165:28,error,no-magic-numbers
,241:32,error,no-magic-numbers
,242:28,error,no-magic-numbers
,358:21,error,complexity
,396:21,error,no-magic-numbers
,396:24,error,no-magic-numbers
,431:16,error,max-statements
,500:28,error,no-undef
,543:26,error,prefer-template
,563:26,error,prefer-template
,579:26,error,no-undef
,584:31,error,prefer-template
,585:29,error,prefer-template
,592:26,error,prefer-template
,611:73,error,no-magic-numbers
,616:29,error,prefer-template
,621:54,error,no-magic-numbers
,623:22,error,no-magic-numbers
,630:35,error,no-undef
,633:29,error,no-undef
,661:19,error,max-statements
,662:34,error,no-undef
,663:35,error,no-undef
,671:27,error,no-undef
,671:73,error,no-magic-numbers
,672:28,error,no-undef
,672:72,error,no-magic-numbers
,682:44,error,no-magic-numbers
,683:32,error,no-magic-numbers
,689:23,error,no-undef
,693:43,error,no-magic-numbers
,694:31,error,no-magic-numbers
,700:23,error,no-undef
,708:19,error,no-undef
,727:7,error,no-undef
,761:58,error,no-magic-numbers
,762:32,error,no-magic-numbers
,763:40,error,no-magic-numbers
,791:16,error,no-undef
,794:18,error,max-statements
,794:18,error,complexity
,805:20,error,no-undef
,807:37,error,no-magic-numbers
,816:23,error,no-magic-numbers
,817:56,error,no-magic-numbers
,822:25,error,no-magic-numbers
,842:65,error,no-magic-numbers
,852:58,error,no-magic-numbers
,858:49,error,no-magic-numbers
,871:35,error,prefer-template
,883:31,error,prefer-template
,33:23,error,max-statements
,43:20,error,no-magic-numbers
,44:15,error,no-magic-numbers
,61:31,error,no-magic-numbers
,62:62,error,no-magic-numbers
,70:35,error,no-magic-numbers
,73:39,error,no-magic-numbers
,74:40,error,no-magic-numbers
,76:75,error,no-magic-numbers
,79:22,error,no-magic-numbers
,80:41,error,no-magic-numbers
,99:21,error,max-statements
,110:50,error,no-magic-numbers
,115:20,error,no-magic-numbers
,116:15,error,no-magic-numbers
,122:54,error,no-magic-numbers
,139:31,error,no-magic-numbers
,140:62,error,no-magic-numbers
,148:35,error,no-magic-numbers
,151:39,error,no-magic-numbers
,152:40,error,no-magic-numbers
,155:22,error,no-magic-numbers
,155:61,error,no-magic-numbers
,164:22,error,max-statements
,176:22,error,no-magic-numbers
,177:15,error,no-magic-numbers
,179:75,error,no-magic-numbers
,197:31,error,no-magic-numbers
,198:62,error,no-magic-numbers
,206:35,error,no-magic-numbers
,208:57,error,no-magic-numbers
,212:36,error,no-magic-numbers
,212:74,error,no-magic-numbers
,217:62,error,no-magic-numbers
,231:61,error,no-magic-numbers
,231:71,error,no-magic-numbers
,254:47,error,no-magic-numbers
,257:45,error,no-magic-numbers
,258:42,error,no-magic-numbers
,261:45,error,no-magic-numbers
,262:42,error,no-magic-numbers
,271:78,error,no-magic-numbers
,274:44,error,no-magic-numbers
,275:41,error,no-magic-numbers
,278:44,error,no-magic-numbers
,279:41,error,no-magic-numbers
,305:23,error,no-magic-numbers
,305:30,error,no-magic-numbers
,316:16,error,no-magic-numbers
,317:13,error,no-magic-numbers
,318:13,error,no-magic-numbers
,318:16,error,no-mixed-operators
,318:19,error,no-magic-numbers
,318:21,error,no-mixed-operators
,318:23,error,no-magic-numbers
,318:25,error,no-mixed-operators
,318:33,error,no-mixed-operators
,320:21,error,no-mixed-operators
,320:33,error,no-mixed-operators
,332:9,error,complexity
,355:28,error,no-magic-numbers
,355:50,error,no-magic-numbers
,355:73,error,no-magic-numbers
,359:34,error,no-magic-numbers
,359:62,error,no-magic-numbers
,360:26,error,no-magic-numbers
,367:1,error,indent
,368:1,error,indent
,369:1,error,indent
,371:1,error,indent
,372:1,error,indent
,373:1,error,indent
,380:1,error,indent
,381:1,error,indent
,381:24,error,no-magic-numbers
,382:1,error,indent
,384:1,error,indent
,384:23,error,no-magic-numbers
,385:1,error,indent
,386:1,error,indent
,393:1,error,indent
,394:1,error,indent
,395:1,error,indent
,397:1,error,indent
,398:1,error,indent
,399:1,error,indent
,71:18,error,complexity
,100:37,error,no-magic-numbers
,114:1,error,indent
,115:1,error,indent
,126:31,error,no-magic-numbers
,50:35,error,no-magic-numbers
,41:30,error,no-magic-numbers
,44:31,error,no-magic-numbers
,47:32,error,no-magic-numbers
,54:1,error,indent
,54:12,error,no-magic-numbers
,55:1,error,indent
,56:1,error,indent
,57:1,error,indent
,57:12,error,no-magic-numbers
,58:1,error,indent
,59:1,error,indent
,60:1,error,indent
,61:1,error,indent
,62:1,error,indent
,118:43,error,no-magic-numbers
,15:27,error,no-magic-numbers
,58:57,error,no-magic-numbers
,15:35,error,no-magic-numbers
,24:25,error,prefer-template
,24:64,error,no-magic-numbers
,17:23,error,no-magic-numbers
,18:29,error,no-magic-numbers
,18:32,error,no-magic-numbers
,29:30,error,prefer-template
,54:29,error,no-magic-numbers
,54:42,error,no-magic-numbers
,68:25,error,prefer-template
,9:32,error,no-magic-numbers
,35:49,error,no-magic-numbers
,48:70,error,no-magic-numbers
,51:70,error,no-magic-numbers
,60:31,error,no-magic-numbers
,30:35,error,no-magic-numbers
,46:9,error,prefer-template
,52:9,error,prefer-template
,62:21,error,no-magic-numbers
,63:52,error,no-magic-numbers
,67:29,error,no-magic-numbers
,79:69,error,no-magic-numbers
,94:9,error,prefer-template
,20:34,error,no-magic-numbers
,23:35,error,no-magic-numbers
,37:3,error,no-magic-numbers
,40:27,error,no-magic-numbers
,45:27,error,no-magic-numbers
,49:15,error,no-magic-numbers
,49:18,error,no-magic-numbers
,51:25,error,no-magic-numbers
,3:1,error,indent
,4:1,error,indent
,5:1,error,indent
,6:1,error,indent
,7:1,error,indent
,8:1,error,indent
,9:1,error,indent
,10:1,error,indent
,11:1,error,indent
,12:1,error,indent
,10:16,error,no-magic-numbers
,15:35,error,prefer-template
,18:53,error,no-magic-numbers
,24:25,error,no-magic-numbers
,24:35,error,no-magic-numbers
,35:26,error,no-magic-numbers
,35:67,error,no-magic-numbers
,52:32,error,no-magic-numbers
,4:40,error,no-undef
,24:55,error,no-magic-numbers
,21:52,error,no-magic-numbers
,21:77,error,no-magic-numbers
,37:43,error,no-magic-numbers
,37:64,error,no-magic-numbers
,13:14,error,no-magic-numbers
,18:20,error,no-magic-numbers
,18:47,error,no-magic-numbers
,19:14,error,no-magic-numbers
,26:14,error,no-magic-numbers
,33:33,error,no-magic-numbers
,37:20,error,no-magic-numbers
,37:49,error,no-magic-numbers
,42:26,error,no-magic-numbers
,44:14,error,no-magic-numbers
,49:3,error,max-statements
,49:3,error,complexity
,75:28,error,no-magic-numbers
,78:46,error,no-magic-numbers
,81:28,error,no-magic-numbers
,97:24,error,no-magic-numbers
,105:41,error,no-magic-numbers
,106:41,error,no-magic-numbers
,125:43,error,no-magic-numbers
,128:40,error,no-magic-numbers
,131:36,error,no-magic-numbers
,135:44,error,no-magic-numbers
,138:45,error,no-magic-numbers
,139:42,error,no-magic-numbers
,152:24,error,no-magic-numbers
,153:25,error,no-magic-numbers
,153:39,error,no-magic-numbers
,172:67,error,no-magic-numbers
,183:11,error,no-empty
,198:46,error,no-magic-numbers
,198:78,error,no-magic-numbers
,207:46,error,no-magic-numbers
,209:19,error,no-magic-numbers
,219:28,error,no-magic-numbers
,241:25,error,no-magic-numbers
,256:26,error,no-magic-numbers
,265:42,error,no-magic-numbers
,267:15,error,no-magic-numbers
,6:3,error,max-statements
,6:3,error,complexity
,10:54,error,no-magic-numbers
,10:65,error,no-magic-numbers
,15:20,error,no-magic-numbers
,15:47,error,no-magic-numbers
,23:15,error,no-magic-numbers
,37:12,error,no-constant-condition
,51:53,error,no-magic-numbers
,71:46,error,no-magic-numbers
,71:50,error,no-magic-numbers
,80:17,error,no-magic-numbers
,81:26,error,no-magic-numbers
,83:17,error,no-magic-numbers
,84:26,error,no-magic-numbers
,86:17,error,no-magic-numbers
,87:42,error,no-magic-numbers
,90:17,error,no-magic-numbers
,91:30,error,no-magic-numbers
,96:24,error,no-magic-numbers
,97:25,error,no-magic-numbers
,97:37,error,no-magic-numbers
,97:49,error,no-magic-numbers
,101:40,error,no-magic-numbers
,111:54,error,no-magic-numbers
,113:44,error,no-magic-numbers
,121:48,error,no-magic-numbers
,6:21,error,no-magic-numbers
,7:48,error,no-magic-numbers
,17:29,error,no-magic-numbers
,43:1,error,max-statements
,43:1,error,complexity
,56:13,error,no-magic-numbers
,58:23,error,no-magic-numbers
,59:38,error,no-magic-numbers
,63:30,error,no-magic-numbers
,70:20,error,no-magic-numbers
,71:21,error,no-magic-numbers
,74:50,error,no-magic-numbers
,75:77,error,no-magic-numbers
,77:65,error,no-magic-numbers
,89:19,error,no-magic-numbers
,95:38,error,no-magic-numbers
,96:14,error,prefer-template
,98:14,error,prefer-template
,102:35,error,no-magic-numbers
,102:57,error,no-magic-numbers
,116:25,error,no-useless-escape
,116:27,error,no-useless-escape
,116:29,error,no-useless-escape
,116:34,error,no-useless-escape
,116:36,error,no-useless-escape
,116:38,error,no-useless-escape
,118:43,error,no-useless-escape
,120:23,error,no-useless-escape
,128:26,error,no-magic-numbers
,130:53,error,no-magic-numbers
,137:70,error,no-magic-numbers
,92:46,error,no-magic-numbers
,14:56,error,no-magic-numbers
,15:78,error,no-magic-numbers
,18:16,error,prefer-template
,21:5,error,prefer-template
,26:14,error,max-statements
,266:32,error,no-prototype-builtins
,272:61,error,no-magic-numbers
,275:1,error,indent
,276:1,error,indent
,277:1,error,indent
,278:1,error,indent
,284:61,error,no-magic-numbers
,287:1,error,indent
,288:1,error,indent
,294:20,error,no-magic-numbers
,294:23,error,no-magic-numbers
,296:45,error,no-useless-escape
,298:43,error,no-magic-numbers
,305:61,error,no-magic-numbers
,308:1,error,indent
,309:1,error,indent
,315:61,error,no-magic-numbers
,318:1,error,indent
,319:1,error,indent
,325:61,error,no-magic-numbers
,328:1,error,indent
,329:1,error,indent
,336:69,error,no-magic-numbers
,347:37,error,no-magic-numbers
,347:40,error,no-magic-numbers
,354:68,error,no-magic-numbers
,397:41,error,max-statements
,397:41,error,complexity
,402:34,error,no-magic-numbers
,410:56,error,no-magic-numbers
,415:38,error,no-magic-numbers
,421:18,error,no-magic-numbers
,438:49,error,no-magic-numbers
,455:38,error,no-magic-numbers
,462:19,error,no-magic-numbers
,463:42,error,no-magic-numbers
,464:19,error,no-magic-numbers
,465:40,error,no-magic-numbers
,466:13,error,no-magic-numbers
,472:40,error,no-magic-numbers
,477:50,error,no-magic-numbers
,486:9,error,prefer-template
,501:1,error,indent
,502:1,error,indent
,503:1,error,indent
,504:1,error,indent
,505:1,error,indent
,506:1,error,indent
,507:1,error,indent
,508:1,error,indent
,509:1,error,indent
,509:54,error,no-magic-numbers
,510:1,error,indent
,517:5,error,no-undef
,13:29,error,no-useless-escape
,13:33,error,no-useless-escape
,18:20,error,no-useless-escape
,21:26,error,no-useless-escape
,21:28,error,no-useless-escape
,21:37,error,no-useless-escape
,22:27,error,no-useless-escape
,22:29,error,no-useless-escape
,22:38,error,no-useless-escape
,6:54,error,no-magic-numbers
,4:32,error,no-magic-numbers
,19:30,error,no-magic-numbers
,9:13,error,no-useless-escape
,9:15,error,no-useless-escape
,9:17,error,no-useless-escape
,9:19,error,no-useless-escape
,9:21,error,no-useless-escape
,9:23,error,no-useless-escape
,9:25,error,no-useless-escape
,9:27,error,no-useless-escape
,9:29,error,no-useless-escape
,9:31,error,no-useless-escape
,9:33,error,no-useless-escape
,9:35,error,no-useless-escape
,9:37,error,no-useless-escape
,9:39,error,no-useless-escape
,9:41,error,no-useless-escape
,9:43,error,no-useless-escape
,9:45,error,no-useless-escape
,9:47,error,no-useless-escape
,9:49,error,no-useless-escape
,9:51,error,no-useless-escape
,9:53,error,no-useless-escape
,9:57,error,no-useless-escape
,9:59,error,no-useless-escape
,9:61,error,no-useless-escape
,9:63,error,no-useless-escape
,9:65,error,no-useless-escape
,9:67,error,no-useless-escape
,63:41,error,no-magic-numbers
,102:54,error,no-magic-numbers
,117:38,error,no-magic-numbers
,169:36,error,no-magic-numbers
,169:39,error,no-magic-numbers
,170:23,error,no-magic-numbers
,2:31,error,no-magic-numbers
,2:39,error,no-magic-numbers
,9:8,error,max-statements
,9:8,error,complexity
,18:16,error,no-magic-numbers
,20:59,error,no-magic-numbers
,23:35,error,no-magic-numbers
,34:45,error,no-magic-numbers
,35:68,error,no-magic-numbers
,40:32,error,no-magic-numbers
,41:32,error,no-magic-numbers
,42:32,error,no-magic-numbers
,43:32,error,no-magic-numbers
,61:56,error,no-magic-numbers
,69:48,error,no-magic-numbers
,70:47,error,no-magic-numbers
,93:32,error,no-magic-numbers
,96:42,error,no-magic-numbers
,136:43,error,no-useless-escape
,136:65,error,no-useless-escape
,144:12,error,prefer-template
,151:63,error,no-magic-numbers
,152:10,error,prefer-template
,152:24,error,no-magic-numbers
,15:45,error,no-magic-numbers
,17:54,error,prefer-template
,31:29,error,no-magic-numbers
,57:1,error,indent
,57:12,error,no-magic-numbers
,58:1,error,indent
,59:1,error,indent
,60:1,error,indent
,61:1,error,indent
,62:1,error,indent
,63:1,error,indent
,64:1,error,indent
,65:1,error,indent
,66:1,error,indent
,67:1,error,indent
,68:1,error,indent
,69:1,error,indent
,70:1,error,indent
,70:12,error,no-magic-numbers
,71:1,error,indent
,71:12,error,no-magic-numbers
,72:1,error,indent
,73:1,error,indent
,74:1,error,indent
,75:1,error,indent
,76:1,error,indent
,77:1,error,indent
,78:1,error,indent
,79:1,error,indent
,80:1,error,indent
,81:1,error,indent
,82:1,error,indent
,83:1,error,indent
,84:1,error,indent
,84:12,error,no-magic-numbers
,85:1,error,indent
,86:1,error,indent
,87:1,error,indent
,87:28,error,no-undef
,88:1,error,indent
,89:1,error,indent
,90:1,error,indent
,91:79,error,no-magic-numbers
,92:1,error,indent
,93:1,error,indent
,109:23,error,no-magic-numbers
,111:1,error,indent
,112:1,error,indent
,112:26,error,prefer-template
,113:1,error,indent
,114:1,error,indent
,115:11,error,no-magic-numbers
,125:1,error,indent
,125:12,error,no-magic-numbers
,126:1,error,indent
,127:1,error,indent
,128:1,error,indent
,129:1,error,indent
,129:12,error,no-magic-numbers
,130:1,error,indent
,131:1,error,indent
,132:1,error,indent
,133:1,error,indent
,133:12,error,no-magic-numbers
,134:1,error,indent
,135:1,error,indent
,136:1,error,indent
,137:1,error,indent
,137:12,error,no-magic-numbers
,138:1,error,indent
,139:1,error,indent
,140:1,error,indent
,141:1,error,indent
,142:1,error,indent
,143:1,error,indent
,144:1,error,indent
,145:1,error,indent
,146:1,error,indent
,155:54,error,no-magic-numbers
,167:23,error,no-magic-numbers
,167:57,error,no-magic-numbers
,200:25,error,prefer-template
,230:7,error,no-magic-numbers
,232:43,error,no-magic-numbers
,233:33,error,prefer-template
,245:16,error,prefer-template
,266:35,error,prefer-template
,272:1,error,indent
,273:1,error,indent
,41:35,error,prefer-template
,9:18,error,prefer-template
,156:8,error,no-magic-numbers
,246:16,error,complexity
,248:1,error,indent
,249:1,error,indent
,249:12,error,no-magic-numbers
,250:1,error,indent
,251:1,error,indent
,252:1,error,indent
,253:1,error,indent
,254:1,error,indent
,255:1,error,indent
,256:1,error,indent
,257:1,error,indent
,260:1,error,indent
,261:1,error,indent
,262:1,error,indent
,263:1,error,indent
,264:1,error,indent
,266:1,error,indent
,266:12,error,no-magic-numbers
,267:1,error,indent
,268:1,error,indent
,270:1,error,indent
,271:1,error,indent
,272:1,error,indent
,273:1,error,indent
,274:1,error,indent
,275:1,error,indent
,354:23,error,no-magic-numbers
,376:23,error,no-undef
,544:22,error,prefer-template
,75:49,error,no-magic-numbers
,107:23,error,prefer-template
,152:8,error,no-magic-numbers
,363:17,error,prefer-template
,364:17,error,prefer-template
,369:43,error,no-magic-numbers
,370:67,error,no-magic-numbers
,377:29,error,no-magic-numbers
,388:28,error,no-magic-numbers
,392:29,error,no-magic-numbers
,396:17,error,prefer-template
,399:27,error,no-magic-numbers
,408:39,error,no-magic-numbers
,408:54,error,no-magic-numbers
,467:43,error,prefer-template
,484:16,error,complexity
,486:1,error,indent
,487:1,error,indent
,487:12,error,no-magic-numbers
,488:1,error,indent
,489:1,error,indent
,490:1,error,indent
,491:1,error,indent
,492:1,error,indent
,493:1,error,indent
,494:1,error,indent
,495:1,error,indent
,498:1,error,indent
,499:1,error,indent
,500:1,error,indent
,501:1,error,indent
,502:1,error,indent
,504:1,error,indent
,504:12,error,no-magic-numbers
,505:1,error,indent
,506:1,error,indent
,508:1,error,indent
,509:1,error,indent
,510:1,error,indent
,511:1,error,indent
,512:1,error,indent
,513:1,error,indent
,515:1,error,indent
,515:12,error,no-magic-numbers
,516:1,error,indent
,517:1,error,indent
,519:1,error,indent
,520:1,error,indent
,521:1,error,indent
,522:1,error,indent
,523:1,error,indent
,524:1,error,indent
,526:1,error,indent
,526:12,error,no-magic-numbers
,527:1,error,indent
,528:1,error,indent
,530:1,error,indent
,531:1,error,indent
,532:1,error,indent
,533:1,error,indent
,534:1,error,indent
,535:1,error,indent
,571:55,error,no-magic-numbers
,575:55,error,no-magic-numbers
,579:55,error,no-magic-numbers
,650:39,error,no-mixed-operators
,650:43,error,no-mixed-operators
,650:45,error,no-magic-numbers
,673:29,error,no-mixed-operators
,673:64,error,no-mixed-operators
,674:21,error,no-magic-numbers
,675:9,error,no-undef
,681:5,error,no-undef
,691:56,error,no-magic-numbers
,715:49,error,no-magic-numbers
,732:19,error,prefer-template
,740:45,error,no-magic-numbers
,752:33,error,no-magic-numbers
,762:15,error,prefer-template
,766:23,error,no-undef
,786:9,error,prefer-template
,802:28,error,no-magic-numbers
,802:50,error,no-magic-numbers
,802:73,error,no-magic-numbers
,804:28,error,no-magic-numbers
,804:50,error,no-magic-numbers
,804:75,error,no-magic-numbers
,812:16,error,prefer-template
,818:47,error,no-magic-numbers
,831:39,error,no-magic-numbers
,831:43,error,no-magic-numbers
,835:1,error,indent
,836:1,error,indent
,837:1,error,indent
,838:1,error,indent
,839:1,error,indent
,840:1,error,indent
,841:1,error,indent
,841:20,error,prefer-template
,842:1,error,indent
,843:1,error,indent
,844:1,error,indent
,845:1,error,indent
,846:1,error,indent
,847:1,error,indent
,848:1,error,indent
,849:1,error,indent
,851:1,error,indent
,852:1,error,indent
,853:1,error,indent
,854:1,error,indent
,855:1,error,indent
,856:1,error,indent
,857:1,error,indent
,858:1,error,indent
,859:1,error,indent
,860:1,error,indent
,861:1,error,indent
,862:1,error,indent
,863:1,error,indent
,864:1,error,indent
,865:1,error,indent
,866:1,error,indent
,867:1,error,indent
,868:1,error,indent
,869:1,error,indent
,870:1,error,indent
,871:1,error,indent
,872:1,error,indent
,873:1,error,indent
,874:1,error,indent
,875:1,error,indent
,876:1,error,indent
,876:20,error,prefer-template
,877:1,error,indent
,878:1,error,indent
,879:1,error,indent
,880:1,error,indent
,881:1,error,indent
,882:1,error,indent
,883:1,error,indent
,884:1,error,indent
,939:22,error,prefer-template
,41:35,error,prefer-template
,40:23,error,no-magic-numbers
,41:24,error,no-magic-numbers
,44:26,error,no-magic-numbers
,81:35,error,no-magic-numbers
,128:40,error,no-magic-numbers
,144:1,error,indent
,144:12,error,no-magic-numbers
,145:1,error,indent
,146:1,error,indent
,147:1,error,indent
,148:1,error,indent
,148:12,error,no-magic-numbers
,149:1,error,indent
,150:1,error,indent
,151:1,error,indent
,151:12,error,no-magic-numbers
,152:1,error,indent
,152:42,error,no-magic-numbers
,153:1,error,indent
,154:1,error,indent
,169:78,error,no-magic-numbers
,215:1,error,indent
,216:1,error,indent
,217:1,error,indent
,218:1,error,indent
,219:1,error,indent
,220:1,error,indent
,222:1,error,indent
,223:1,error,indent
,224:1,error,indent
,225:1,error,indent
,226:1,error,indent
,227:1,error,indent
,228:1,error,indent
,229:1,error,indent
,230:1,error,indent
,231:1,error,indent
,232:1,error,indent
,233:1,error,indent
,234:1,error,indent
,235:1,error,indent
,236:1,error,indent
,238:1,error,indent
,239:1,error,indent
,240:1,error,indent
,241:1,error,indent
,242:1,error,indent
,243:1,error,indent
,244:1,error,indent
,245:1,error,indent
,246:1,error,indent
,247:1,error,indent
,248:1,error,indent
,249:1,error,indent
,250:1,error,indent
,251:1,error,indent
,259:35,error,prefer-template
,39:9,error,max-statements
,39:9,error,complexity
,69:34,error,no-magic-numbers
,95:42,error,no-magic-numbers
,125:42,error,no-magic-numbers
,142:29,error,prefer-template
,155:8,error,no-magic-numbers
,155:12,error,no-magic-numbers
,160:54,error,no-magic-numbers
,174:34,error,no-magic-numbers
,273:26,error,no-magic-numbers
,274:24,error,no-magic-numbers
,275:33,error,no-magic-numbers
,276:24,error,no-magic-numbers
,284:22,error,no-magic-numbers
,285:20,error,no-magic-numbers
,286:29,error,no-magic-numbers
,287:20,error,no-magic-numbers
,297:26,error,no-undef
,298:24,error,no-undef
,299:24,error,no-undef
,394:51,error,no-magic-numbers
,15:13,error,no-undef
,81:22,error,no-magic-numbers
,89:77,error,no-magic-numbers
,41:35,error,no-magic-numbers
,41:68,error,no-magic-numbers
,43:38,error,no-magic-numbers
,44:38,error,no-magic-numbers
,47:18,error,no-magic-numbers
,74:14,error,max-statements
,117:63,error,no-magic-numbers
,117:68,error,no-magic-numbers
,150:21,error,max-statements
,150:21,error,complexity
,154:43,error,no-magic-numbers
,169:41,error,no-magic-numbers
,189:25,error,no-magic-numbers
,200:11,error,no-magic-numbers
,237:53,error,no-magic-numbers
,246:25,error,no-magic-numbers
,267:53,error,no-magic-numbers
,275:66,error,no-magic-numbers
,280:21,error,no-magic-numbers
,283:25,error,no-magic-numbers
,283:42,error,no-magic-numbers
,284:50,error,no-magic-numbers
,285:43,error,no-magic-numbers
,307:54,error,no-magic-numbers
,319:9,error,prefer-template
,327:24,error,complexity
,331:23,error,no-magic-numbers
,337:23,error,no-magic-numbers
,343:23,error,no-magic-numbers
,343:43,error,no-magic-numbers
,349:23,error,no-magic-numbers
,349:43,error,no-magic-numbers
,355:23,error,no-magic-numbers
,355:43,error,no-magic-numbers
,384:11,error,max-statements
,476:25,error,no-magic-numbers
,482:18,error,max-statements
,482:18,error,complexity
,486:58,error,no-magic-numbers
,502:28,error,no-magic-numbers
,508:73,error,no-magic-numbers
,532:32,error,no-magic-numbers
,615:11,error,prefer-template
,670:24,error,max-statements
,676:37,error,no-magic-numbers
,835:37,error,no-magic-numbers
,860:25,error,prefer-template
,883:25,error,prefer-template
,895:37,error,no-magic-numbers
,905:16,error,prefer-template
,969:8,error,no-magic-numbers
,972:21,error,max-statements
,976:37,error,no-magic-numbers
,981:28,error,no-undef
,1052:25,error,no-magic-numbers
,1148:22,error,no-magic-numbers
,1155:77,error,no-magic-numbers
,1195:9,error,complexity
,1211:1,error,indent
,1212:1,error,indent
,1250:24,error,no-magic-numbers
,1251:35,error,no-magic-numbers
,1264:26,error,no-magic-numbers
,1265:39,error,no-magic-numbers
,83:19,error,no-magic-numbers
,107:37,error,no-magic-numbers
,110:55,error,no-magic-numbers
,114:45,error,no-magic-numbers
,159:19,error,prefer-template
,165:21,error,prefer-template
,174:29,error,prefer-template
,234:37,error,no-magic-numbers
,237:66,error,no-magic-numbers
,241:45,error,no-magic-numbers
,272:19,error,no-magic-numbers
,306:29,error,no-magic-numbers
,346:9,error,prefer-template
,357:41,error,prefer-template
,405:9,error,prefer-template
,32:52,error,no-magic-numbers
,75:28,error,no-magic-numbers
,85:52,error,no-magic-numbers
,90:52,error,no-magic-numbers
,108:25,error,no-magic-numbers
,109:32,error,no-magic-numbers
,212:37,error,no-magic-numbers
,215:49,error,no-magic-numbers
,219:45,error,no-magic-numbers
,315:45,error,no-magic-numbers
,362:45,error,no-magic-numbers
,366:79,error,no-magic-numbers
,464:35,error,no-magic-numbers
,467:43,error,no-magic-numbers
,469:77,error,no-magic-numbers
,472:65,error,no-magic-numbers
,482:41,error,no-magic-numbers
,484:61,error,no-magic-numbers
,508:31,error,no-magic-numbers
,525:53,error,no-magic-numbers
,552:22,error,no-magic-numbers
,553:37,error,no-magic-numbers
,574:23,error,prefer-template
,15:3,error,no-magic-numbers
,16:3,error,no-magic-numbers
,17:3,error,no-magic-numbers
,18:3,error,no-magic-numbers
,19:3,error,no-magic-numbers
,20:3,error,no-magic-numbers
,21:3,error,no-magic-numbers
,22:3,error,no-magic-numbers
,23:3,error,no-magic-numbers
,24:3,error,no-magic-numbers
,25:3,error,no-magic-numbers
,26:3,error,no-magic-numbers
,27:3,error,no-magic-numbers
,58:19,error,no-magic-numbers
,68:16,error,prefer-template
,68:34,error,no-magic-numbers
,86:48,error,no-magic-numbers
,91:48,error,no-magic-numbers
,96:34,error,no-magic-numbers
,106:43,error,no-magic-numbers
,44:7,error,no-magic-numbers
,44:14,error,no-magic-numbers
,46:18,error,no-magic-numbers
,46:25,error,no-magic-numbers
,77:33,error,no-magic-numbers
,85:23,error,no-magic-numbers
,90:23,error,no-magic-numbers
,95:23,error,no-magic-numbers
,101:23,error,no-magic-numbers
,138:44,error,no-magic-numbers
,22:1,error,no-undef
,26:1,error,no-undef
,38:1,error,no-undef
,52:1,error,no-undef
,58:1,error,no-undef
,70:1,error,no-undef
,78:21,error,no-undef
,83:3,error,no-undef
,83:24,error,no-magic-numbers
,84:3,error,no-undef
,84:24,error,no-magic-numbers
,87:3,error,no-undef
,87:24,error,no-magic-numbers
,92:12,error,no-undef
,95:14,error,no-undef
,106:17,error,no-magic-numbers
,119:17,error,no-magic-numbers
,121:24,error,no-magic-numbers
,153:26,error,no-undef
,177:5,error,no-undef
,40:22,error,no-undef
,60:21,error,prefer-template
,73:21,error,prefer-template
,17:27,error,no-magic-numbers
,18:34,error,no-magic-numbers
,86:14,error,no-magic-numbers
,86:18,error,no-magic-numbers
,160:49,error,no-magic-numbers
,162:60,error,no-magic-numbers
,168:3,error,no-undef
,171:1,error,max-statements
,172:27,error,no-undef
,198:23,error,no-undef
,200:21,error,no-undef
,203:7,error,no-undef
,239:21,error,no-undef
,241:19,error,no-undef
,244:5,error,no-undef
,18:34,error,no-mixed-operators
,18:36,error,no-magic-numbers
,18:39,error,no-mixed-operators
,45:5,error,no-undef
,46:9,error,no-undef
,47:7,error,no-undef
,52:5,error,no-undef
,25:30,error,no-undef
,56:7,error,no-undef
,67:59,error,no-magic-numbers
,67:64,error,no-magic-numbers
,68:21,error,prefer-template
,72:28,error,no-magic-numbers
,26:23,error,no-undef
,32:26,error,no-undef
,33:23,error,no-undef
,64:24,error,no-magic-numbers
,64:38,error,no-magic-numbers
,64:53,error,no-magic-numbers
,69:17,error,no-magic-numbers
,71:22,error,no-magic-numbers
,73:39,error,no-magic-numbers
,73:54,error,no-magic-numbers
,74:18,error,no-magic-numbers
,80:50,error,no-magic-numbers
,80:65,error,no-magic-numbers
,81:43,error,no-magic-numbers
,83:19,error,no-magic-numbers
,86:37,error,no-mixed-operators
,86:41,error,no-mixed-operators
,86:43,error,no-magic-numbers
,86:59,error,no-magic-numbers
,87:42,error,no-mixed-operators
,87:46,error,no-mixed-operators
,87:48,error,no-magic-numbers
,87:53,error,no-magic-numbers
,90:28,error,no-magic-numbers
,90:40,error,no-magic-numbers
,97:12,error,no-magic-numbers
,100:24,error,no-undef
,102:41,error,no-magic-numbers
,102:44,error,no-magic-numbers
,102:49,error,no-magic-numbers
,115:22,error,no-undef
,117:25,error,no-magic-numbers
,117:44,error,no-magic-numbers
,125:1,error,indent
,125:14,error,no-magic-numbers
,126:1,error,indent
,126:25,error,no-magic-numbers
,126:29,error,no-magic-numbers
,126:32,error,no-magic-numbers
,126:35,error,no-magic-numbers
,126:49,error,no-magic-numbers
,127:1,error,indent
,128:1,error,indent
,128:14,error,no-magic-numbers
,129:1,error,indent
,129:25,error,no-magic-numbers
,129:29,error,no-magic-numbers
,129:32,error,no-magic-numbers
,129:35,error,no-magic-numbers
,130:1,error,indent
,131:1,error,indent
,131:14,error,no-magic-numbers
,132:1,error,indent
,132:25,error,no-magic-numbers
,132:28,error,no-magic-numbers
,132:31,error,no-magic-numbers
,132:34,error,no-magic-numbers
,132:38,error,no-magic-numbers
,133:1,error,indent
,134:1,error,indent
,134:14,error,no-magic-numbers
,135:1,error,indent
,135:25,error,no-magic-numbers
,135:28,error,no-magic-numbers
,135:31,error,no-magic-numbers
,135:34,error,no-magic-numbers
,135:37,error,no-magic-numbers
,135:40,error,no-magic-numbers
,136:1,error,indent
,137:1,error,indent
,137:14,error,no-magic-numbers
,138:1,error,indent
,138:25,error,no-magic-numbers
,138:28,error,no-magic-numbers
,138:31,error,no-magic-numbers
,138:35,error,no-magic-numbers
,138:50,error,no-magic-numbers
,139:1,error,indent
,140:1,error,indent
,140:14,error,no-magic-numbers
,141:1,error,indent
,141:25,error,no-magic-numbers
,141:28,error,no-magic-numbers
,141:32,error,no-magic-numbers
,141:36,error,no-magic-numbers
,142:1,error,indent
,143:1,error,indent
,143:14,error,no-magic-numbers
,144:1,error,indent
,144:25,error,no-magic-numbers
,144:28,error,no-magic-numbers
,144:32,error,no-magic-numbers
,144:35,error,no-magic-numbers
,144:38,error,no-magic-numbers
,145:1,error,indent
,146:1,error,indent
,147:1,error,indent
,149:26,error,no-magic-numbers
,149:29,error,no-magic-numbers
,172:22,error,max-statements
,172:22,error,complexity
,189:9,error,no-promise-executor-return
,194:53,error,prefer-template
,233:7,error,no-promise-executor-return
,297:35,error,prefer-template
,299:5,error,prefer-template
,311:7,error,prefer-template
,343:45,error,no-magic-numbers
,360:37,error,no-magic-numbers
,402:26,error,no-magic-numbers
,413:26,error,no-undef
,417:36,error,no-magic-numbers
,417:39,error,no-magic-numbers
,480:22,error,no-undef
,570:16,error,prefer-template
,574:5,error,prefer-template
,638:33,error,no-magic-numbers
,653:25,error,prefer-template
,694:18,error,prefer-template
,717:16,error,prefer-template
,732:13,error,prefer-template
,802:11,error,prefer-template
,822:15,error,prefer-template
,882:13,error,prefer-template
,981:5,error,prefer-template
,999:11,error,prefer-template
,1036:15,error,prefer-template
,1058:15,error,prefer-template
,1071:17,error,prefer-template
,12:51,error,no-magic-numbers
,19:1,error,indent
,20:1,error,indent
,21:1,error,indent
,22:1,error,indent
,23:1,error,indent
,24:1,error,indent
,25:1,error,indent
,26:1,error,indent
,27:1,error,indent
,28:1,error,indent
,29:1,error,indent
,30:1,error,indent
,31:1,error,indent
,32:1,error,indent
,33:1,error,indent
,34:1,error,indent
,35:1,error,indent
,36:1,error,indent
,37:1,error,indent
,38:1,error,indent
,39:1,error,indent
,67:60,error,prefer-template
,91:42,error,prefer-template
,9:30,error,no-magic-numbers
,20:42,error,no-magic-numbers
,17:57,error,prefer-template
,13:40,error,no-magic-numbers
,93:43,error,no-magic-numbers
,61:21,error,no-empty
,15:48,error,no-magic-numbers
,18:87,error,no-magic-numbers
,18:90,error,no-magic-numbers
,19:13,error,no-empty
,100:22,error,no-magic-numbers
,100:40,error,no-magic-numbers
,101:18,error,no-magic-numbers
,106:10,error,max-statements
,280:51,error,no-magic-numbers
,493:1,error,indent
,494:1,error,indent
,543:5,error,no-undef
,543:58,error,no-magic-numbers
,545:1,error,indent
,546:1,error,indent
,547:1,error,indent
,551:5,error,no-undef
,551:76,error,no-magic-numbers
,553:1,error,indent
,554:1,error,indent
,555:1,error,indent
,780:78,error,no-magic-numbers
,782:39,error,no-magic-numbers
,782:42,error,no-magic-numbers
,5:27,error,no-useless-escape
,16:10,error,max-statements
,27:1,error,indent
,28:1,error,indent
,82:34,error,no-magic-numbers
,84:73,error,no-empty
,86:34,error,no-magic-numbers
,95:34,error,no-magic-numbers
,97:73,error,no-empty
,99:66,error,no-magic-numbers
,12:7,error,prefer-template
,28:32,error,no-undef
,35:7,error,no-undef
,54:61,error,no-magic-numbers
,54:66,error,no-magic-numbers
,55:23,error,prefer-template
,59:30,error,no-magic-numbers
,67:17,error,prefer-template
,12:42,error,no-undef
,37:62,error,no-magic-numbers
,37:67,error,no-magic-numbers
,50:60,error,prefer-template
,72:20,error,prefer-template
,105:40,error,prefer-template
,75:32,error,prefer-template
,23:58,error,prefer-template
,46:53,error,prefer-template
,89:47,error,prefer-template
,98:51,error,prefer-template
,11:30,error,no-undef
,22:3,error,no-undef
,15:36,error,no-undef
,25:3,error,no-undef
,34:18,error,no-magic-numbers
,12:36,error,no-undef
,22:3,error,no-undef
,7:1,error,max-statements
,7:1,error,complexity
,13:53,error,no-magic-numbers
,39:1,error,indent
,40:1,error,indent
,41:1,error,indent
,42:1,error,indent
,44:1,error,indent
,45:1,error,indent
,46:1,error,indent
,47:1,error,indent
,48:1,error,indent
,49:1,error,indent
,50:1,error,indent
,51:1,error,indent
,52:1,error,indent
,53:1,error,indent
,54:1,error,indent
,55:1,error,indent
,56:1,error,indent
,57:1,error,indent
,58:1,error,indent
,59:1,error,indent
,60:1,error,indent
,61:1,error,indent
,62:1,error,indent
,63:1,error,indent
,64:1,error,indent
,65:1,error,indent
,66:1,error,indent
,67:1,error,indent
,68:1,error,indent
,69:1,error,indent
,70:1,error,indent
,71:1,error,indent
,72:1,error,indent
,73:1,error,indent
,74:1,error,indent
,75:1,error,indent
,76:1,error,indent
,77:1,error,indent
,78:1,error,indent
,95:55,error,prefer-template
,103:1,error,indent
,104:1,error,indent
,105:1,error,indent
,106:1,error,indent
,107:1,error,indent
,108:1,error,indent
,109:1,error,indent
,110:1,error,indent
,111:1,error,indent
,112:1,error,indent
,113:1,error,indent
,115:1,error,indent
,116:1,error,indent
,117:1,error,indent
,118:1,error,indent
,120:38,error,no-magic-numbers
,122:41,error,no-magic-numbers
,142:40,error,prefer-template
,29:44,error,no-magic-numbers
,24:18,error,no-undef
,32:23,error,prefer-template
,47:12,error,no-undef
,48:1,error,no-undef
,56:16,error,no-undef
,60:3,error,no-undef
,12:14,error,no-undef
,37:23,error,no-magic-numbers
,44:1,error,indent
,44:12,error,no-magic-numbers
,45:1,error,indent
,55:41,error,no-magic-numbers
,59:64,error,no-magic-numbers
,59:69,error,no-magic-numbers
,36:23,error,no-magic-numbers
,43:1,error,indent
,43:12,error,no-magic-numbers
,44:1,error,indent
,51:38,error,no-magic-numbers
,57:23,error,no-magic-numbers
,76:38,error,no-magic-numbers
,82:23,error,no-magic-numbers
,89:23,error,no-magic-numbers
,33:8,error,no-magic-numbers
,27:8,error,no-magic-numbers
,73:28,error,no-magic-numbers
,73:44,error,no-magic-numbers
,73:48,error,no-magic-numbers
,273:1,error,indent
,274:1,error,indent
,275:1,error,indent
,276:1,error,indent
,277:1,error,indent
,278:1,error,indent
,279:1,error,indent
,29:30,error,no-magic-numbers
,117:8,error,no-magic-numbers
,66:32,error,no-magic-numbers
,107:8,error,no-magic-numbers
,138:8,error,no-magic-numbers
,62:10,error,no-magic-numbers
,97:53,error,no-magic-numbers
,60:29,error,no-undef
,30:16,error,no-undef
,39:8,error,no-magic-numbers
,89:28,error,no-magic-numbers
,89:50,error,no-magic-numbers
,89:73,error,no-magic-numbers
,91:28,error,no-magic-numbers
,91:50,error,no-magic-numbers
,91:75,error,no-magic-numbers
,27:62,error,no-magic-numbers
,27:67,error,no-magic-numbers
,58:19,error,no-magic-numbers
,28:29,error,no-magic-numbers
,116:8,error,no-magic-numbers
,121:8,error,no-magic-numbers
,145:31,error,no-magic-numbers
,186:33,error,no-magic-numbers
,320:1,error,indent
,321:1,error,indent
,322:1,error,indent
,323:1,error,indent
,324:1,error,indent
,325:1,error,indent
,76:26,error,no-undef
,79:24,error,no-undef
,82:7,error,no-undef
,224:8,error,no-magic-numbers
,228:34,error,no-magic-numbers
,229:25,error,no-magic-numbers
,231:16,error,no-magic-numbers
,232:14,error,prefer-template
,235:18,error,no-magic-numbers
,236:16,error,prefer-template
,58:1,error,indent
,59:1,error,indent
,60:1,error,indent
,61:1,error,indent
,62:1,error,indent
,63:1,error,indent
,64:1,error,indent
,65:1,error,indent
,66:1,error,indent
,67:1,error,indent
,68:1,error,indent
,69:1,error,indent
,70:1,error,indent
,71:1,error,indent
,72:1,error,indent
,73:1,error,indent
,74:1,error,indent
,75:1,error,indent
,76:1,error,indent
,77:1,error,indent
,78:1,error,indent
,79:1,error,indent
,80:1,error,indent
,81:1,error,indent
,82:1,error,indent
,83:1,error,indent
,84:1,error,indent
,85:1,error,indent
,86:1,error,indent
,87:1,error,indent
,88:1,error,indent
,89:1,error,indent
,90:1,error,indent
,91:1,error,indent
,92:1,error,indent
,93:1,error,indent
,94:1,error,indent
,95:1,error,indent
,96:1,error,indent
,97:1,error,indent
,98:1,error,indent
,99:1,error,indent
,100:1,error,indent
,101:1,error,indent
,102:1,error,indent
,103:1,error,indent
,104:1,error,indent
,105:1,error,indent
,106:1,error,indent
,107:1,error,indent
,108:1,error,indent
,109:1,error,indent
,110:1,error,indent
,111:1,error,indent
,112:1,error,indent
,113:1,error,indent
,118:23,error,no-magic-numbers
,35:23,error,no-magic-numbers
,42:1,error,indent
,42:12,error,no-magic-numbers
,43:1,error,indent
,52:41,error,no-magic-numbers
,48:23,error,no-magic-numbers
,55:1,error,indent
,55:12,error,no-magic-numbers
,56:1,error,indent
,61:41,error,no-magic-numbers
,86:57,error,no-magic-numbers
,102:33,error,no-magic-numbers
,110:44,error,no-magic-numbers
,139:13,error,no-undef
,21:1,error,max-statements
,21:1,error,complexity
,23:1,error,indent
,24:1,error,indent
,26:1,error,indent
,27:1,error,indent
,28:1,error,indent
,30:1,error,indent
,31:1,error,indent
,32:1,error,indent
,33:1,error,indent
,33:27,error,prefer-template
,34:1,error,indent
,36:1,error,indent
,37:1,error,indent
,38:1,error,indent
,40:1,error,indent
,41:1,error,indent
,42:1,error,indent
,43:1,error,indent
,44:1,error,indent
,45:1,error,indent
,46:1,error,indent
,47:1,error,indent
,49:1,error,indent
,50:1,error,indent
,52:1,error,indent
,53:1,error,indent
,54:1,error,indent
,55:1,error,indent
,56:1,error,indent
,57:1,error,indent
,58:1,error,indent
,59:1,error,indent
,60:1,error,indent
,60:25,error,prefer-template
,61:1,error,indent
,63:1,error,indent
,64:1,error,indent
,65:1,error,indent
,67:1,error,indent
,69:1,error,indent
,70:1,error,indent
,71:1,error,indent
,72:1,error,indent
,73:1,error,indent
,74:1,error,indent
,75:1,error,indent
,76:1,error,indent
,78:1,error,indent
,80:1,error,indent
,81:1,error,indent
,82:1,error,indent
,83:1,error,indent
,84:1,error,indent
,86:1,error,indent
,87:1,error,indent
,88:1,error,indent
,89:1,error,indent
,90:1,error,indent
,91:1,error,indent
,92:1,error,indent
,93:1,error,indent
,95:1,error,indent
,96:1,error,indent
,98:1,error,indent
,99:1,error,indent
,100:1,error,indent
,101:1,error,indent
,102:1,error,indent
,104:1,error,indent
,105:1,error,indent
,106:1,error,indent
,107:1,error,indent
,108:1,error,indent
,109:1,error,indent
,110:1,error,indent
,111:1,error,indent
,111:25,error,prefer-template
,112:1,error,indent
,114:1,error,indent
,115:1,error,indent
,116:1,error,indent
,117:1,error,indent
,119:1,error,indent
,120:1,error,indent
,121:1,error,indent
,122:1,error,indent
,123:1,error,indent
,124:1,error,indent
,125:1,error,indent
,127:1,error,indent
,128:1,error,indent
,129:1,error,indent
,130:1,error,indent
,132:1,error,indent
,133:1,error,indent
,134:1,error,indent
,135:1,error,indent
,136:1,error,indent
,137:1,error,indent
,139:1,error,indent
,140:1,error,indent
,141:1,error,indent
,141:33,error,prefer-template
,142:1,error,indent
,143:1,error,indent
,144:1,error,indent
,145:1,error,indent
,147:1,error,indent
,148:1,error,indent
,150:1,error,indent
,152:1,error,indent
,153:1,error,indent
,154:1,error,indent
,155:1,error,indent
,156:1,error,indent
,157:1,error,indent
,158:1,error,indent
,159:1,error,indent
,161:1,error,indent
,162:1,error,indent
,163:1,error,indent
,164:1,error,indent
,165:1,error,indent
,166:1,error,indent
,167:1,error,indent
,168:1,error,indent
,170:1,error,indent
,171:1,error,indent
,173:1,error,indent
,174:1,error,indent
,175:1,error,indent
,176:1,error,indent
,177:1,error,indent
,178:1,error,indent
,180:1,error,indent
,181:1,error,indent
,182:1,error,indent
,183:1,error,indent
,184:1,error,indent
,186:1,error,indent
,188:1,error,indent
,189:1,error,indent
,190:1,error,indent
,191:1,error,indent
,192:1,error,indent
,193:1,error,indent
,195:1,error,indent
,196:1,error,indent
,197:1,error,indent
,198:1,error,indent
,199:1,error,indent
,200:1,error,indent
,202:1,error,indent
,203:1,error,indent
,204:1,error,indent
,205:1,error,indent
,207:1,error,indent
,208:1,error,indent
,208:27,error,prefer-template
,209:1,error,indent
,210:1,error,indent
,211:1,error,indent
,212:1,error,indent
,213:1,error,indent
,215:1,error,indent
,216:1,error,indent
,217:1,error,indent
,218:1,error,indent
,219:1,error,indent
,220:1,error,indent
,221:1,error,indent
,222:1,error,indent
,223:1,error,indent
,224:1,error,indent
,225:1,error,indent
,226:1,error,indent
,227:1,error,indent
,228:1,error,indent
,229:1,error,indent
,230:1,error,indent
,231:1,error,indent
,232:1,error,indent
,233:1,error,indent
,234:1,error,indent
,236:1,error,indent
,237:1,error,indent
,238:1,error,indent
,238:27,error,prefer-template
,239:1,error,indent
,240:1,error,indent
,241:1,error,indent
,243:1,error,indent
,244:1,error,indent
,245:1,error,indent
,246:1,error,indent
,247:1,error,indent
,249:1,error,indent
,250:1,error,indent
,251:1,error,indent
,252:1,error,indent
,253:1,error,indent
,254:1,error,indent
,256:1,error,indent
,257:1,error,indent
,259:1,error,indent
,260:1,error,indent
,261:1,error,indent
,262:1,error,indent
,263:1,error,indent
,265:1,error,indent
,266:1,error,indent
,267:1,error,indent
,268:1,error,indent
,270:1,error,indent
,271:1,error,indent
,272:1,error,indent
,273:1,error,indent
,274:1,error,indent
,275:1,error,indent
,276:1,error,indent
,277:1,error,indent
,278:1,error,indent
,279:1,error,indent
,280:1,error,indent
,281:1,error,indent
,282:1,error,indent
,283:1,error,indent
,284:1,error,indent
,286:1,error,indent
,287:1,error,indent
,288:1,error,indent
,289:1,error,indent
,290:1,error,indent
,291:1,error,indent
,292:1,error,indent
,293:1,error,indent
,293:27,error,prefer-template
,294:1,error,indent
,296:1,error,indent
,297:1,error,indent
,298:1,error,indent
,300:1,error,indent
,301:1,error,indent
,303:1,error,indent
,304:1,error,indent
,305:1,error,indent
,306:1,error,indent
,307:1,error,indent
,308:1,error,indent
,310:1,error,indent
,311:1,error,indent
,312:1,error,indent
,313:1,error,indent
,314:1,error,indent
,315:1,error,indent
,316:1,error,indent
,317:1,error,indent
,318:1,error,indent
,318:7,error,no-case-declarations
,319:1,error,indent
,320:1,error,indent
,322:1,error,indent
,323:1,error,indent
,324:1,error,indent
,325:1,error,indent
,326:1,error,indent
,326:29,error,prefer-template
,327:1,error,indent
,328:1,error,indent
,329:1,error,indent
,331:1,error,indent
,332:1,error,indent
,332:7,error,no-case-declarations
,333:1,error,indent
,334:1,error,indent
,335:1,error,indent
,336:1,error,indent
,337:1,error,indent
,338:1,error,indent
,340:1,error,indent
,341:1,error,indent
,342:1,error,indent
,343:1,error,indent
,344:1,error,indent
,345:1,error,indent
,346:1,error,indent
,347:1,error,indent
,348:1,error,indent
,349:1,error,indent
,350:1,error,indent
,351:1,error,indent
,352:1,error,indent
,353:1,error,indent
,354:1,error,indent
,355:1,error,indent
,356:1,error,indent
,357:1,error,indent
,358:1,error,indent
,359:1,error,indent
,360:1,error,indent
,369:1,error,indent
,370:1,error,indent
,371:1,error,indent
,372:1,error,indent
,373:1,error,indent
,374:1,error,indent
,375:1,error,indent
,376:1,error,indent
,377:1,error,indent
,378:1,error,indent
,379:1,error,indent
,380:1,error,indent
,381:1,error,indent
,382:1,error,indent
,383:1,error,indent
,384:1,error,indent
,395:1,error,indent
,396:1,error,indent
,397:1,error,indent
,398:1,error,indent
,423:28,error,prefer-template
,435:49,error,no-magic-numbers
,484:1,error,indent
,485:1,error,indent
,486:1,error,indent
,40:50,error,no-magic-numbers
,43:45,error,no-magic-numbers
,75:18,error,no-magic-numbers
,4:46,error,no-undef
,5:5,error,no-undef
,7:9,error,no-undef
,16:67,error,max-statements
,16:67,error,complexity
,24:40,error,no-magic-numbers
,27:83,error,no-magic-numbers
,27:95,error,no-magic-numbers
,36:42,error,no-magic-numbers
,41:28,error,no-magic-numbers
,42:27,error,no-magic-numbers
,43:49,error,no-magic-numbers
,43:62,error,no-magic-numbers
,43:81,error,no-magic-numbers
,44:19,error,no-magic-numbers
,45:29,error,no-magic-numbers
,45:39,error,no-magic-numbers
,45:50,error,no-magic-numbers
,46:27,error,prefer-template
,57:81,error,no-magic-numbers
,60:20,error,no-magic-numbers
,65:35,error,no-magic-numbers
,66:45,error,no-magic-numbers
,67:45,error,no-magic-numbers
,70:67,error,no-magic-numbers
,71:64,error,no-magic-numbers
,73:73,error,no-magic-numbers
,73:87,error,no-magic-numbers
,74:1,error,indent
,75:1,error,indent
,76:1,error,indent
,77:1,error,indent
,78:1,error,indent
,83:74,error,no-magic-numbers
,84:24,error,no-magic-numbers
,7:43,error,no-undef
,8:5,error,no-undef
,10:9,error,no-undef
,42:39,error,prefer-template
,46:15,error,prefer-template
,73:46,error,no-magic-numbers
,73:51,error,no-magic-numbers
,75:14,error,no-redeclare
,75:34,error,no-magic-numbers
,75:42,error,no-magic-numbers
,77:50,error,no-magic-numbers
,77:77,error,no-magic-numbers
,90:48,error,no-magic-numbers
,90:53,error,no-magic-numbers
,100:30,error,no-magic-numbers
,106:62,error,no-magic-numbers
,107:74,error,no-magic-numbers
,107:79,error,no-magic-numbers
,108:1,error,indent
,108:68,error,no-magic-numbers
,108:72,error,no-magic-numbers
,111:3,error,max-statements
,111:3,error,complexity
,117:16,error,no-magic-numbers
,123:40,error,no-magic-numbers
,125:25,error,no-magic-numbers
,125:30,error,no-magic-numbers
,130:58,error,no-magic-numbers
,136:41,error,no-magic-numbers
,136:86,error,no-magic-numbers
,140:40,error,no-magic-numbers
,140:68,error,no-magic-numbers
,141:53,error,no-magic-numbers
,142:22,error,no-magic-numbers
,142:84,error,no-magic-numbers
,145:30,error,no-magic-numbers
,145:75,error,no-magic-numbers
,148:46,error,no-magic-numbers
,148:98,error,no-magic-numbers
,157:22,error,no-magic-numbers
,157:45,error,no-magic-numbers
,158:23,error,no-magic-numbers
,158:51,error,no-magic-numbers
,163:29,error,no-magic-numbers
,167:18,error,no-redeclare
,171:18,error,no-redeclare
,186:50,error,no-magic-numbers
,187:1,error,indent
,187:50,error,no-magic-numbers
,188:26,error,no-magic-numbers
,192:54,error,no-magic-numbers
,194:18,error,no-magic-numbers
,1:1,error,no-extra-semi
,5:46,error,no-undef
,7:5,error,no-undef
,10:9,error,no-undef
,37:22,error,no-undef
,38:29,error,no-undef
,39:31,error,no-undef
,67:43,error,no-magic-numbers
,73:31,error,no-magic-numbers
,78:27,error,no-magic-numbers
,78:39,error,no-magic-numbers
,78:51,error,no-magic-numbers
,86:23,error,max-statements
,87:39,error,no-magic-numbers
,93:25,error,no-magic-numbers
,94:58,error,no-magic-numbers
,95:28,error,no-undef
,96:33,error,no-undef
,99:27,error,no-magic-numbers
,119:67,error,no-magic-numbers
,129:60,error,no-magic-numbers
,135:51,error,no-magic-numbers
,152:29,error,no-magic-numbers
,155:46,error,no-magic-numbers
,155:49,error,no-magic-numbers
,159:22,error,no-undef
,161:15,error,no-unused-vars
,217:25,error,prefer-template
,222:17,error,no-magic-numbers
,223:26,error,prefer-template
,225:26,error,prefer-template
,231:11,error,no-unused-vars
,1:1,error,no-extra-semi
,9:43,error,no-undef
,11:5,error,no-undef
,17:12,error,no-undef
,23:3,error,complexity
,34:26,error,no-magic-numbers
,34:38,error,no-magic-numbers
,34:50,error,no-magic-numbers
,34:62,error,no-magic-numbers
,39:25,error,no-prototype-builtins
,47:26,error,no-prototype-builtins
,97:14,error,max-statements
,97:14,error,complexity
,119:44,error,prefer-template
,119:50,error,no-magic-numbers
,121:46,error,no-magic-numbers
,121:56,error,no-magic-numbers
,150:18,error,prefer-template
,156:21,error,max-statements
,171:36,error,no-magic-numbers
,173:41,error,no-magic-numbers
,173:47,error,no-magic-numbers
,4:1,error,no-extra-semi
,12:43,error,no-undef
,14:5,error,no-undef
,20:12,error,no-undef
,24:1044,error,no-useless-escape
,24:1120,error,no-useless-escape
,49:16,error,max-statements
,49:16,error,complexity
,74:30,error,no-magic-numbers
,122:48,error,no-magic-numbers
,123:30,error,no-magic-numbers
,124:61,error,no-magic-numbers
,8:18,error,max-statements
,82:7,error,prefer-template
,124:1,error,indent
,125:1,error,indent
,126:1,error,indent
,127:1,error,indent
,128:1,error,indent
,129:1,error,indent
,130:1,error,indent
,131:1,error,indent
,132:1,error,indent
,133:1,error,indent
,134:1,error,indent
,135:1,error,indent
,136:1,error,indent
,137:1,error,indent
,138:1,error,indent
,139:1,error,indent
,140:1,error,indent
,141:1,error,indent
,142:1,error,indent
,143:1,error,indent
,144:1,error,indent
,145:1,error,indent
,146:1,error,indent
,147:1,error,indent
,148:1,error,indent
,149:1,error,indent
,150:1,error,indent
,151:1,error,indent
,152:1,error,indent
,153:1,error,indent
,154:1,error,indent
,155:1,error,indent
,156:1,error,indent
,157:1,error,indent
,158:1,error,indent
,159:1,error,indent
,160:1,error,indent
,161:1,error,indent
,162:1,error,indent
,163:1,error,indent
,164:1,error,indent
,165:1,error,indent
,166:1,error,indent
,167:1,error,indent
,168:1,error,indent
,169:1,error,indent
,170:1,error,indent
,171:1,error,indent
,172:1,error,indent
,173:1,error,indent
,174:1,error,indent
,175:1,error,indent
,176:1,error,indent
,177:1,error,indent
,178:1,error,indent
,190:66,error,no-useless-escape
,190:86,error,no-useless-escape
,223:1,error,indent
,224:1,error,indent
,226:1,error,indent
,227:1,error,indent
,228:1,error,indent
,229:1,error,indent
,230:1,error,indent
,231:1,error,indent
,232:1,error,indent
,233:1,error,indent
,234:1,error,indent
,235:1,error,indent
,236:1,error,indent
,237:1,error,indent
,238:1,error,indent
,239:1,error,indent
,240:1,error,indent
,246:1,error,indent
,247:1,error,indent
,248:1,error,indent
,249:1,error,indent
,250:1,error,indent
,251:1,error,indent
,252:1,error,indent
,253:1,error,indent
,261:1,error,indent
,262:1,error,indent
,263:1,error,indent
,264:1,error,indent
,265:1,error,indent
,266:1,error,indent
,267:1,error,indent
,268:1,error,indent
,269:1,error,indent
,270:1,error,indent
,271:1,error,indent
,272:1,error,indent
,273:1,error,indent
,274:1,error,indent
,275:1,error,indent
,276:1,error,indent
,277:1,error,indent
,278:1,error,indent
,279:1,error,indent
,280:1,error,indent
,288:1,error,indent
,289:1,error,indent
,290:1,error,indent
,291:1,error,indent
,292:1,error,indent
,293:1,error,indent
,294:1,error,indent
,295:1,error,indent
,305:40,error,no-magic-numbers
,307:40,error,no-magic-numbers
,310:41,error,no-magic-numbers
,330:75,error,no-magic-numbers
,332:30,error,no-magic-numbers
,336:17,error,no-magic-numbers
,341:60,error,no-magic-numbers
,345:17,error,no-magic-numbers
,348:46,error,no-magic-numbers
,355:37,error,no-magic-numbers
,355:50,error,no-magic-numbers
,31:20,error,no-magic-numbers
,46:40,error,no-magic-numbers
,48:1,error,indent
,49:1,error,indent
,50:1,error,indent
,51:1,error,indent
,52:1,error,indent
,53:1,error,indent
,54:1,error,indent
,55:1,error,indent
,56:1,error,indent
,57:1,error,indent
,58:1,error,indent
,59:1,error,indent
,60:1,error,indent
,61:1,error,indent
,62:1,error,indent
,63:1,error,indent
,64:1,error,indent
,65:1,error,indent
,12:1,error,indent
,13:1,error,indent
,14:1,error,indent
,15:1,error,indent
,16:1,error,indent
,17:1,error,indent
,18:1,error,indent
,19:1,error,indent
,20:1,error,indent
,21:1,error,indent
,22:1,error,indent
,23:1,error,indent
,24:1,error,indent
,25:1,error,indent
,43:27,error,no-magic-numbers
,47:18,error,prefer-template
,109:1,error,indent
,110:1,error,indent
,111:1,error,indent
,112:1,error,indent
,113:1,error,indent
,114:1,error,indent
,115:1,error,indent
,116:1,error,indent
,117:1,error,indent
,118:1,error,indent
,124:6,error,no-magic-numbers
,124:13,error,no-magic-numbers
,124:18,error,no-magic-numbers
,124:23,error,no-magic-numbers
,137:6,error,no-magic-numbers
,137:11,error,no-magic-numbers
,14:1,error,indent
,15:1,error,indent
,16:1,error,indent
,17:1,error,indent
,18:1,error,indent
,19:1,error,indent
,20:1,error,indent
,21:1,error,indent
,22:1,error,indent
,23:1,error,indent
,24:1,error,indent
,25:1,error,indent
,26:1,error,indent
,27:1,error,indent
,28:1,error,indent
,29:1,error,indent
,30:1,error,indent
,31:1,error,indent
,32:1,error,indent
,33:1,error,indent
,34:1,error,indent
,35:1,error,indent
,36:1,error,indent
,37:1,error,indent
,38:1,error,indent
,39:1,error,indent
,40:1,error,indent
,41:1,error,indent
,42:1,error,indent
,43:1,error,indent
,44:1,error,indent
,45:1,error,indent
,46:1,error,indent
,47:1,error,indent
,48:1,error,indent
,49:1,error,indent
,50:1,error,indent
,51:1,error,indent
,52:1,error,indent
,53:1,error,indent
,54:1,error,indent
,55:1,error,indent
,56:1,error,indent
,58:1,error,indent
,59:1,error,indent
,60:1,error,indent
,61:1,error,indent
,62:1,error,indent
,63:1,error,indent
,64:1,error,indent
,65:1,error,indent
,66:1,error,indent
,67:1,error,indent
,68:1,error,indent
,69:1,error,indent
,70:1,error,indent
,71:1,error,indent
,72:1,error,indent
,73:1,error,indent
,74:1,error,indent
,75:1,error,indent
,492:7,error,require-await
,503:1,error,indent
,504:1,error,indent
,64:20,error,prefer-template
,99:53,error,no-magic-numbers
,100:51,error,no-magic-numbers
,5:1,error,no-undef
,7:54,error,no-undef
,10:3,error,no-undef
,5:17,error,no-undef
,6:20,error,no-undef
,9:23,error,no-undef
,3:1,error,no-undef
,7:1,error,no-undef
,11:1,error,no-undef
,16:1,error,no-undef
,20:7,error,no-undef
,26:7,error,no-undef
,32:7,error,no-undef
,38:7,error,no-undef
,44:7,error,no-undef
,50:7,error,no-undef
,55:1,error,no-undef
,56:19,error,no-undef
,62:7,error,no-undef
,63:7,error,no-undef
,68:1,error,no-undef
,70:22,error,prefer-template
,77:26,error,no-undef
,78:24,error,no-undef
,81:19,error,no-undef
,83:25,error,no-undef
,84:26,error,no-undef
,86:29,error,no-undef
,93:7,error,no-undef
,94:7,error,no-undef
,95:7,error,no-undef
,96:7,error,no-undef
,97:7,error,no-undef
,105:7,error,no-undef
,109:1,error,no-undef
,123:26,error,no-undef
,124:24,error,no-undef
,127:25,error,no-undef
,128:19,error,no-undef
,132:18,error,no-undef
,134:29,error,no-undef
,141:7,error,no-undef
,142:7,error,no-undef
,143:7,error,no-undef
,144:7,error,no-undef
,148:1,error,no-undef
,152:26,error,no-undef
,153:24,error,no-undef
,156:25,error,no-undef
,157:19,error,no-undef
,160:18,error,no-undef
,162:29,error,no-undef
,169:7,error,no-undef
,173:1,error,no-undef
,177:11,error,no-undef
,178:9,error,no-undef
,182:25,error,no-undef
,185:12,error,no-undef
,189:26,error,no-undef
,191:19,error,no-undef
,194:18,error,no-undef
,196:29,error,no-undef
,209:7,error,no-undef
,213:1,error,no-undef
,217:11,error,no-undef
,218:9,error,no-undef
,222:25,error,no-undef
,225:12,error,no-undef
,229:26,error,no-undef
,231:19,error,no-undef
,234:18,error,no-undef
,236:29,error,no-undef
,249:7,error,no-undef
,253:1,error,no-undef
,257:11,error,no-undef
,258:9,error,no-undef
,262:25,error,no-undef
,265:12,error,no-undef
,269:26,error,no-undef
,271:19,error,no-undef
,274:18,error,no-undef
,276:29,error,no-undef
,289:7,error,no-undef
,293:1,error,no-undef
,297:11,error,no-undef
,298:9,error,no-undef
,302:25,error,no-undef
,305:12,error,no-undef
,309:26,error,no-undef
,311:19,error,no-undef
,314:18,error,no-undef
,316:29,error,no-undef
,329:7,error,no-undef
,333:1,error,no-undef
,337:5,error,prefer-template
,384:5,error,prefer-template
,445:3,error,no-undef
,448:1,error,no-undef
,452:5,error,prefer-template
,476:5,error,prefer-template
,505:3,error,no-undef
,508:1,error,no-undef
,513:3,error,no-undef
,516:3,error,no-undef
,519:1,error,no-undef
,520:23,error,no-undef
,526:5,error,prefer-template
,537:3,error,no-undef
,537:39,error,no-magic-numbers
,537:42,error,no-magic-numbers
,538:3,error,no-undef
,538:39,error,no-magic-numbers
,538:42,error,no-magic-numbers
,541:3,error,no-undef
,541:39,error,no-magic-numbers
,541:42,error,no-magic-numbers
,544:3,error,no-undef
,544:39,error,no-magic-numbers
,544:42,error,no-magic-numbers
,547:3,error,no-undef
,547:39,error,no-magic-numbers
,547:42,error,no-magic-numbers
,552:1,error,no-undef
,554:5,error,prefer-template
,574:5,error,prefer-template
,579:5,error,prefer-template
,584:5,error,prefer-template
,590:3,error,no-undef
,590:26,error,no-undef
,593:1,error,no-undef
,597:5,error,prefer-template
,620:5,error,prefer-template
,627:5,error,prefer-template
,634:5,error,prefer-template
,642:3,error,no-undef
,642:26,error,no-undef
,645:1,error,no-undef
,649:5,error,prefer-template
,679:5,error,prefer-template
,710:3,error,no-undef
,713:1,error,no-undef
,716:5,error,prefer-template
,731:5,error,prefer-template
,745:3,error,no-undef
,748:1,error,no-undef
,752:5,error,prefer-template
,782:5,error,prefer-template
,813:3,error,no-undef
,816:1,error,no-undef
,819:5,error,prefer-template
,834:5,error,prefer-template
,848:3,error,no-undef
,851:1,error,no-undef
,855:29,error,no-undef
,856:23,error,no-undef
,864:3,error,no-undef
,865:3,error,no-undef
,868:1,error,no-undef
,880:29,error,no-undef
,881:19,error,no-undef
,882:16,error,no-undef
,885:15,error,no-undef
,892:3,error,no-undef
,893:3,error,no-undef
,893:44,error,no-magic-numbers
,894:3,error,no-undef
,894:32,error,no-magic-numbers
,894:35,error,no-magic-numbers
,896:3,error,no-undef
,899:56,error,no-magic-numbers
,903:5,error,no-undef
,909:1,error,no-undef
,919:26,error,no-magic-numbers
,929:29,error,no-undef
,930:19,error,no-undef
,931:16,error,no-undef
,934:15,error,no-undef
,942:3,error,no-undef
,942:71,error,no-magic-numbers
,944:51,error,no-magic-numbers
,945:56,error,no-magic-numbers
,947:3,error,no-undef
,949:58,error,no-magic-numbers
,954:1,error,no-undef
,959:29,error,no-undef
,960:19,error,no-undef
,961:16,error,no-undef
,962:15,error,no-undef
,969:3,error,no-undef
,970:3,error,no-undef
,971:3,error,no-undef
,974:1,error,no-undef
,979:29,error,no-undef
,980:19,error,no-undef
,981:16,error,no-undef
,982:15,error,no-undef
,989:3,error,no-undef
,990:3,error,no-undef
,991:3,error,no-undef
,994:1,error,no-undef
,1004:3,error,no-undef
,1007:1,error,no-undef
,1017:3,error,no-undef
,1020:1,error,no-undef
,1030:3,error,no-undef
,1033:1,error,no-undef
,1038:5,error,prefer-template
,1047:29,error,no-undef
,1048:19,error,no-undef
,1049:16,error,no-undef
,1052:15,error,no-undef
,1061:3,error,no-undef
,1061:35,error,no-magic-numbers
,1062:3,error,no-undef
,1062:22,error,no-magic-numbers
,1063:3,error,no-undef
,1063:22,error,no-magic-numbers
,1064:3,error,no-undef
,1064:22,error,no-magic-numbers
,1066:3,error,no-undef
,1066:22,error,no-magic-numbers
,1071:26,error,no-magic-numbers
,1074:3,error,no-undef
,1074:22,error,no-magic-numbers
,1079:26,error,no-magic-numbers
,1082:3,error,no-undef
,1082:22,error,no-magic-numbers
,1087:26,error,no-magic-numbers
,1092:1,error,no-undef
,1093:20,error,no-undef
,1094:18,error,no-undef
,1115:3,error,no-undef
,1116:3,error,no-undef
,1119:1,error,no-undef
,1120:20,error,no-undef
,1121:18,error,no-undef
,1147:3,error,no-undef
,1148:3,error,no-undef
,1151:1,error,no-undef
,1152:20,error,no-undef
,1153:18,error,no-undef
,1160:5,error,prefer-template
,1174:5,error,prefer-template
,1195:3,error,no-undef
,1198:1,error,no-undef
,1212:5,error,prefer-template
,1226:29,error,no-undef
,1230:5,error,prefer-template
,1245:3,error,no-undef
,1248:1,error,no-undef
,1248:99,error,max-statements
,1266:5,error,prefer-template
,1282:34,error,no-undef
,1283:25,error,no-undef
,1285:29,error,no-undef
,1317:3,error,no-undef
,1318:3,error,no-undef
,1319:3,error,no-undef
,1319:53,error,no-magic-numbers
,1320:3,error,no-undef
,1320:53,error,no-magic-numbers
,1321:3,error,no-undef
,1321:41,error,no-magic-numbers
,1321:44,error,no-magic-numbers
,1322:3,error,no-undef
,1322:41,error,no-magic-numbers
,1322:44,error,no-magic-numbers
,1323:3,error,no-undef
,1323:41,error,no-magic-numbers
,1323:44,error,no-magic-numbers
,1324:3,error,no-undef
,1324:41,error,no-magic-numbers
,1324:44,error,no-magic-numbers
,1327:1,error,no-undef
,1344:25,error,no-undef
,1345:29,error,no-undef
,1349:3,error,no-undef
,1350:3,error,no-undef
,1353:1,error,no-undef
,1354:3,error,no-undef
,1355:3,error,no-undef
,1356:3,error,no-undef
,1357:3,error,no-undef
,1359:7,error,prefer-template
,1367:3,error,no-undef
,1369:7,error,prefer-template
,1377:3,error,no-undef
,1379:7,error,prefer-template
,1387:3,error,no-undef
,1389:7,error,prefer-template
,1397:3,error,no-undef
,1399:7,error,prefer-template
,1407:3,error,no-undef
,1409:7,error,prefer-template
,1417:3,error,no-undef
,1419:7,error,prefer-template
,1427:3,error,no-undef
,1429:7,error,prefer-template
,1437:3,error,no-undef
,1439:7,error,prefer-template
,1447:3,error,no-undef
,1449:7,error,prefer-template
,1457:3,error,no-undef
,1459:7,error,prefer-template
,1467:3,error,no-undef
,1469:7,error,prefer-template
,1477:3,error,no-undef
,1479:7,error,prefer-template
,1487:3,error,no-undef
,1489:7,error,prefer-template
,1497:3,error,no-undef
,1499:7,error,prefer-template
,1507:3,error,no-undef
,1509:7,error,prefer-template
,1519:1,error,no-undef
,1521:29,error,no-undef
,1525:5,error,prefer-template
,1539:19,error,no-undef
,1540:36,error,no-undef
,1547:7,error,no-undef
,1548:7,error,no-undef
,1549:7,error,no-undef
,1557:1,error,no-undef
,1559:29,error,no-undef
,1563:5,error,prefer-template
,1577:19,error,no-undef
,1578:36,error,no-undef
,1585:7,error,no-undef
,1586:7,error,no-undef
,1587:7,error,no-undef
,1595:1,error,no-undef
,1597:29,error,no-undef
,1601:5,error,prefer-template
,1615:19,error,no-undef
,1616:36,error,no-undef
,1617:50,error,no-undef
,1622:7,error,no-undef
,1623:7,error,no-undef
,1624:7,error,no-undef
,1628:1,error,no-undef
,1630:29,error,no-undef
,1634:5,error,prefer-template
,1648:19,error,no-undef
,1649:36,error,no-undef
,1650:50,error,no-undef
,1655:7,error,no-undef
,1656:7,error,no-undef
,1657:7,error,no-undef
,1661:1,error,no-undef
,1663:29,error,no-undef
,1667:5,error,prefer-template
,1693:19,error,no-undef
,1694:36,error,no-undef
,1701:7,error,no-undef
,1702:7,error,no-undef
,1703:7,error,no-undef
,1704:7,error,no-undef
,1709:7,error,no-undef
,1717:1,error,no-undef
,1719:29,error,no-undef
,1724:5,error,prefer-template
,1731:5,error,prefer-template
,1740:19,error,no-undef
,1741:36,error,no-undef
,1748:7,error,no-undef
,1752:1,error,no-undef
,1754:29,error,no-undef
,1760:5,error,prefer-template
,1773:5,error,prefer-template
,1789:19,error,no-undef
,1790:36,error,no-undef
,1801:7,error,no-undef
,1805:1,error,no-undef
,1807:29,error,no-undef
,1811:5,error,prefer-template
,1837:19,error,no-undef
,1840:36,error,no-undef
,1843:50,error,no-undef
,1848:7,error,no-undef
,1849:7,error,no-undef
,1850:7,error,no-undef
,1851:7,error,no-undef
,1851:68,error,no-magic-numbers
,1852:7,error,no-undef
,1860:1,error,no-undef
,1862:29,error,no-undef
,1866:5,error,prefer-template
,1874:28,error,prefer-template
,1876:50,error,no-undef
,1877:19,error,no-undef
,1882:7,error,no-undef
,1886:1,error,no-undef
,1888:29,error,no-undef
,1892:5,error,prefer-template
,1906:28,error,prefer-template
,1907:50,error,no-undef
,1909:19,error,no-undef
,1914:7,error,no-undef
,1918:1,error,no-undef
,1920:29,error,no-undef
,1926:5,error,prefer-template
,1940:5,error,prefer-template
,1950:19,error,no-undef
,1953:36,error,no-undef
,1956:50,error,no-undef
,1961:7,error,no-undef
,1965:1,error,no-undef
,1967:29,error,no-undef
,1973:5,error,prefer-template
,1987:5,error,prefer-template
,1996:19,error,no-undef
,1999:36,error,no-undef
,2002:50,error,no-undef
,2007:7,error,no-undef
,15:1,error,no-undef
,21:1,error,no-undef
,24:7,error,no-undef
,28:7,error,no-undef
,33:1,error,no-undef
,36:12,error,prefer-template
,37:12,error,prefer-template
,4:17,error,no-undef
,5:20,error,no-undef
,8:23,error,no-undef
,23:1,error,no-undef
,28:1,error,no-undef
,39:7,error,no-undef
,43:7,error,no-undef
,48:1,error,no-undef
,4:17,error,no-undef
,5:20,error,no-undef
,8:23,error,no-undef
,23:1,error,no-undef
,28:1,error,no-undef
,30:49,error,no-magic-numbers
,32:47,error,no-magic-numbers
,34:43,error,no-magic-numbers
,68:11,error,max-statements
,69:26,error,no-magic-numbers
,70:26,error,no-magic-numbers
,72:7,error,no-undef
,74:41,error,prefer-template
,77:7,error,no-undef
,78:7,error,no-undef
,79:7,error,no-undef
,80:7,error,no-undef
,81:7,error,no-undef
,82:7,error,no-undef
,83:7,error,no-undef
,84:7,error,no-undef
,85:7,error,no-undef
,85:30,error,no-magic-numbers
,85:65,error,no-magic-numbers
,86:7,error,no-undef
,86:30,error,no-magic-numbers
,86:69,error,no-magic-numbers
,87:7,error,no-undef
,87:30,error,no-magic-numbers
,87:62,error,no-magic-numbers
,88:7,error,no-undef
,88:30,error,no-magic-numbers
,88:66,error,no-magic-numbers
,89:7,error,no-undef
,89:30,error,no-magic-numbers
,90:24,error,no-magic-numbers
,92:7,error,no-undef
,92:30,error,no-magic-numbers
,93:28,error,no-magic-numbers
,96:7,error,no-undef
,98:41,error,prefer-template
,100:7,error,no-undef
,101:7,error,no-undef
,102:7,error,no-undef
,103:7,error,no-undef
,104:7,error,no-undef
,105:7,error,no-undef
,106:7,error,no-undef
,107:7,error,no-undef
,113:1,error,no-undef
,4:17,error,no-undef
,5:20,error,no-undef
,8:23,error,no-undef
,22:1,error,no-undef
,27:1,error,no-undef
,29:49,error,no-magic-numbers
,36:5,error,no-undef
,38:39,error,prefer-template
,42:5,error,no-undef
,43:5,error,no-undef
,47:1,error,no-undef
,9:1,error,no-undef
,13:1,error,no-undef
,17:19,error,no-magic-numbers
,22:7,error,no-undef
,23:7,error,no-undef
,24:7,error,no-undef
,25:7,error,no-undef
,26:7,error,no-undef
,30:1,error,no-undef
,8:17,error,no-undef
,9:20,error,no-undef
,12:23,error,no-undef
,27:1,error,no-undef
,32:1,error,no-undef
,34:49,error,no-magic-numbers
,76:7,error,no-undef
,81:7,error,no-undef
,83:7,error,no-undef
,92:7,error,no-undef
,96:1,error,no-undef
,6:17,error,no-undef
,7:20,error,no-undef
,10:23,error,no-undef
,32:52,error,no-magic-numbers
,72:43,error,prefer-template
,11:26,error,no-magic-numbers
,27:19,error,no-magic-numbers
,29:29,error,no-magic-numbers
,6:17,error,no-undef
,7:20,error,no-undef
,10:23,error,no-undef
,30:52,error,no-magic-numbers
,5:17,error,no-undef
,6:20,error,no-undef
,9:23,error,no-undef
,25:15,error,no-empty
,5:17,error,no-undef
,6:20,error,no-undef
,9:23,error,no-undef
,65:34,error,no-magic-numbers
,5:17,error,no-undef
,6:20,error,no-undef
,9:23,error,no-undef
,5:17,error,no-undef
,6:20,error,no-undef
,9:23,error,no-undef
,33:54,error,no-magic-numbers
,34:42,error,no-magic-numbers
,35:42,error,no-magic-numbers
,37:54,error,no-magic-numbers
,47:26,error,no-magic-numbers
,48:26,error,no-magic-numbers
,51:41,error,prefer-template
,58:42,error,prefer-template
,63:59,error,prefer-template
,5:17,error,no-undef
,6:20,error,no-undef
,9:23,error,no-undef
,32:65,error,no-magic-numbers
,5:17,error,no-undef
,6:20,error,no-undef
,9:23,error,no-undef
,5:17,error,no-undef
,6:20,error,no-undef
,9:23,error,no-undef
,29:57,error,no-magic-numbers
,30:58,error,no-magic-numbers
,34:40,error,no-magic-numbers
,34:43,error,no-magic-numbers
,37:42,error,no-magic-numbers
,38:42,error,no-magic-numbers
,44:38,error,no-magic-numbers
,45:38,error,no-magic-numbers
,5:17,error,no-undef
,6:20,error,no-undef
,9:23,error,no-undef
,5:17,error,no-undef
,6:20,error,no-undef
,9:23,error,no-undef
,29:52,error,no-magic-numbers
,6:17,error,no-undef
,7:20,error,no-undef
,10:23,error,no-undef
,30:52,error,no-magic-numbers
,32:47,error,no-magic-numbers
,34:43,error,no-magic-numbers
,35:48,error,no-magic-numbers
,37:43,error,no-magic-numbers
,93:28,error,no-magic-numbers
,94:28,error,no-magic-numbers
,101:11,error,max-statements
,102:26,error,no-magic-numbers
,103:26,error,no-magic-numbers
,106:41,error,prefer-template
,116:28,error,no-magic-numbers
,116:55,error,no-magic-numbers
,117:28,error,no-magic-numbers
,117:59,error,no-magic-numbers
,118:28,error,no-magic-numbers
,118:52,error,no-magic-numbers
,119:28,error,no-magic-numbers
,119:56,error,no-magic-numbers
,121:25,error,no-magic-numbers
,122:24,error,no-magic-numbers
,125:25,error,no-magic-numbers
,126:28,error,no-magic-numbers
,130:41,error,prefer-template
,11:26,error,no-magic-numbers
,25:50,error,no-magic-numbers
,25:55,error,no-magic-numbers
,48:21,error,no-magic-numbers
,50:1,error,indent
,51:1,error,indent
,52:1,error,indent
,54:1,error,indent
,55:1,error,indent
,56:1,error,indent
,57:1,error,indent
,58:1,error,indent
,59:1,error,indent
,60:1,error,indent
,61:1,error,indent
,62:1,error,indent
,63:1,error,indent
,114:46,error,no-magic-numbers
,114:52,error,no-magic-numbers
,132:39,error,prefer-template
,161:48,error,no-magic-numbers
,161:53,error,no-magic-numbers
,40:5,error,no-useless-escape
,40:8,error,no-useless-escape
,5:1,error,no-undef
,22:1,error,no-undef
,3:14,error,no-undef
,4:17,error,no-undef
,11:11,error,no-undef
,2:1,error,no-undef
,5:16,error,no-undef
,8:32,error,no-undef
,24:1,error,no-undef
,29:1,error,no-undef
,35:3,error,no-undef
,38:1,error,no-undef
,39:38,error,no-undef
,40:18,error,no-undef
,41:23,error,no-undef
,42:23,error,no-undef
,45:21,error,no-undef
,46:22,error,no-undef
,58:3,error,no-undef
,59:3,error,no-undef
,62:1,error,no-undef
,63:38,error,no-undef
,64:32,error,no-undef
,65:18,error,no-undef
,66:23,error,no-undef
,67:23,error,no-undef
,70:21,error,no-undef
,72:22,error,no-undef
,84:3,error,no-undef
,85:3,error,no-undef
,88:1,error,no-undef
,89:38,error,no-undef
,90:32,error,no-undef
,93:18,error,no-undef
,94:23,error,no-undef
,95:23,error,no-undef
,96:21,error,no-undef
,98:22,error,no-undef
,108:3,error,no-undef
,109:3,error,no-undef
,110:3,error,no-undef
,116:1,error,no-undef
,116:91,error,max-statements
,121:38,error,no-undef
,122:32,error,no-undef
,123:18,error,no-undef
,124:23,error,no-undef
,125:23,error,no-undef
,128:21,error,no-undef
,129:22,error,no-undef
,131:22,error,no-undef
,137:3,error,no-undef
,137:31,error,no-magic-numbers
,137:61,error,no-magic-numbers
,138:3,error,no-undef
,138:31,error,no-magic-numbers
,139:3,error,no-undef
,139:31,error,no-magic-numbers
,139:61,error,no-magic-numbers
,140:3,error,no-undef
,140:31,error,no-magic-numbers
,141:3,error,no-undef
,141:31,error,no-magic-numbers
,141:61,error,no-magic-numbers
,142:3,error,no-undef
,142:31,error,no-magic-numbers
,143:3,error,no-undef
,143:31,error,no-magic-numbers
,144:3,error,no-undef
,144:31,error,no-magic-numbers
,145:3,error,no-undef
,145:31,error,no-magic-numbers
,146:3,error,no-undef
,146:31,error,no-magic-numbers
,147:3,error,no-undef
,147:31,error,no-magic-numbers
,148:3,error,no-undef
,152:1,error,no-undef
,158:3,error,no-undef
,3:1,error,no-undef
,7:3,error,no-undef
,10:1,error,no-undef
,16:3,error,no-undef
,19:1,error,no-undef
,23:3,error,no-undef
,26:1,error,no-undef
,32:3,error,no-undef
,35:1,error,no-undef
,39:3,error,no-undef
,42:1,error,no-undef
,64:3,error,no-undef
,67:1,error,no-undef
,71:3,error,no-undef
,4:17,error,no-undef
,5:20,error,no-undef
,8:23,error,no-undef
,20:1,error,no-undef
,26:1,error,no-undef
,29:3,error,no-undef
,30:3,error,no-undef
,33:1,error,no-undef
,8:1,error,no-undef
,22:5,error,no-undef
,26:1,error,no-undef
,36:5,error,no-undef
,40:1,error,no-undef
,53:5,error,no-undef
,57:1,error,no-undef
,66:5,error,no-undef
,4:1,error,no-undef
,42:5,error,no-undef
,43:5,error,no-undef
,7:1,error,no-undef
,23:5,error,no-undef
,27:1,error,no-undef
,42:5,error,no-undef
,47:1,error,no-undef
,57:5,error,no-undef
,6:1,error,no-undef
,44:5,error,no-undef
,8:7,error,no-unused-vars
,10:1,error,no-undef
,258:11,error,no-unused-vars
,258:28,error,no-magic-numbers
,259:30,error,no-magic-numbers
,260:34,error,no-magic-numbers
,263:5,error,no-undef
,267:1,error,no-undef
,655:11,error,no-unused-vars
,655:28,error,no-magic-numbers
,656:29,error,no-magic-numbers
,657:30,error,no-magic-numbers
,658:33,error,no-magic-numbers
,665:5,error,no-undef
,1:1,error,no-undef
,7:20,error,no-undef
,22:1,error,no-undef
,24:3,error,no-undef
,27:1,error,no-undef
,29:3,error,no-undef
,32:1,error,no-undef
,34:3,error,no-undef
,37:1,error,no-undef
,39:3,error,no-undef
,42:1,error,no-undef
,44:3,error,no-undef
,48:3,error,no-undef
,51:1,error,no-undef
,53:3,error,no-undef
,57:3,error,no-undef
,60:1,error,no-undef
,62:3,error,no-undef
,65:1,error,no-undef
,67:3,error,no-undef
,70:1,error,no-undef
,72:3,error,no-undef
,75:1,error,no-undef
,77:3,error,no-undef
,80:1,error,no-undef
,82:3,error,no-undef
,85:1,error,no-undef
,87:3,error,no-undef
,90:1,error,no-undef
,92:3,error,no-undef
,95:1,error,no-undef
,97:3,error,no-undef
,100:1,error,no-undef
,102:3,error,no-undef
,105:1,error,no-undef
,107:3,error,no-undef
,110:1,error,no-undef
,112:3,error,no-undef
,115:1,error,no-undef
,117:3,error,no-undef
,8:1,error,no-undef
,9:3,error,no-undef
,12:1,error,no-undef
,14:3,error,no-undef
,5:1,error,no-undef
,53:5,error,no-undef
,58:5,error,no-undef
,13:1,error,no-undef
,29:1,error,no-undef
,44:22,error,no-magic-numbers
,44:53,error,no-magic-numbers
,51:5,error,no-undef
,3:1,error,no-undef
,10:3,error,no-undef
,13:1,error,no-undef
,15:20,error,prefer-template
,18:3,error,no-undef
,21:1,error,no-undef
,26:3,error,no-undef
,29:1,error,no-undef
,34:3,error,no-undef
,37:1,error,no-undef
,42:3,error,no-undef
,45:1,error,no-undef
,49:3,error,no-undef
,52:1,error,no-undef
,56:3,error,no-undef
,3:1,error,no-undef
,7:1,error,no-undef
,12:1,error,no-undef
,14:18,error,no-undef
,15:21,error,no-undef
,16:21,error,no-undef
,18:26,error,no-undef
,19:26,error,no-undef
,24:3,error,no-undef
,25:3,error,no-undef
,26:3,error,no-undef
,29:1,error,no-undef
,31:18,error,no-undef
,32:21,error,no-undef
,33:21,error,no-undef
,35:26,error,no-undef
,36:26,error,no-undef
,41:3,error,no-undef
,42:3,error,no-undef
,43:3,error,no-undef
,48:1,error,no-undef
,50:14,error,no-undef
,51:14,error,no-undef
,52:14,error,no-undef
,54:18,error,no-undef
,55:24,error,no-undef
,59:3,error,no-undef
,61:5,error,no-undef
,65:1,error,no-undef
,66:18,error,no-undef
,67:24,error,no-undef
,68:33,error,no-undef
,74:3,error,no-undef
,75:3,error,no-undef
,79:1,error,no-undef
,80:18,error,no-undef
,81:24,error,no-undef
,83:33,error,no-undef
,87:3,error,no-undef
,90:3,error,no-undef
,90:57,error,no-undef
,91:3,error,no-undef
,91:26,error,no-magic-numbers
,91:29,error,no-magic-numbers
,94:3,error,no-undef
,94:26,error,no-magic-numbers
,94:29,error,no-magic-numbers
,98:1,error,no-undef
,98:94,error,max-statements
,99:15,error,no-undef
,100:15,error,no-undef
,102:3,error,no-undef
,102:35,error,no-undef
,103:5,error,no-undef
,105:33,error,no-undef
,121:3,error,no-undef
,121:43,error,no-magic-numbers
,122:3,error,no-undef
,122:31,error,no-magic-numbers
,122:34,error,no-magic-numbers
,123:3,error,no-undef
,123:31,error,no-magic-numbers
,123:34,error,no-magic-numbers
,124:3,error,no-undef
,124:31,error,no-magic-numbers
,124:34,error,no-magic-numbers
,125:3,error,no-undef
,125:31,error,no-magic-numbers
,125:34,error,no-magic-numbers
,126:3,error,no-undef
,126:31,error,no-magic-numbers
,126:34,error,no-magic-numbers
,127:3,error,no-undef
,127:31,error,no-magic-numbers
,127:34,error,no-magic-numbers
,128:3,error,no-undef
,128:31,error,no-magic-numbers
,128:34,error,no-magic-numbers
,129:3,error,no-undef
,129:31,error,no-magic-numbers
,129:34,error,no-magic-numbers
,130:3,error,no-undef
,130:31,error,no-magic-numbers
,130:34,error,no-magic-numbers
,131:3,error,no-undef
,131:31,error,no-magic-numbers
,131:34,error,no-magic-numbers
,132:3,error,no-undef
,132:31,error,no-magic-numbers
,132:35,error,no-magic-numbers
,135:1,error,no-undef
,135:136,error,max-statements
,136:15,error,no-undef
,137:15,error,no-undef
,139:3,error,no-undef
,139:35,error,no-undef
,140:5,error,no-undef
,142:33,error,no-undef
,158:3,error,no-undef
,158:43,error,no-magic-numbers
,159:3,error,no-undef
,159:31,error,no-magic-numbers
,159:34,error,no-magic-numbers
,160:3,error,no-undef
,160:31,error,no-magic-numbers
,160:34,error,no-magic-numbers
,161:3,error,no-undef
,161:31,error,no-magic-numbers
,161:34,error,no-magic-numbers
,162:3,error,no-undef
,162:31,error,no-magic-numbers
,162:34,error,no-magic-numbers
,163:3,error,no-undef
,163:31,error,no-magic-numbers
,163:34,error,no-magic-numbers
,164:3,error,no-undef
,164:31,error,no-magic-numbers
,164:34,error,no-magic-numbers
,165:3,error,no-undef
,165:31,error,no-magic-numbers
,165:34,error,no-magic-numbers
,166:3,error,no-undef
,166:31,error,no-magic-numbers
,166:34,error,no-magic-numbers
,167:3,error,no-undef
,167:31,error,no-magic-numbers
,167:34,error,no-magic-numbers
,168:3,error,no-undef
,168:31,error,no-magic-numbers
,168:34,error,no-magic-numbers
,169:3,error,no-undef
,169:31,error,no-magic-numbers
,169:35,error,no-magic-numbers
,172:1,error,no-undef
,173:15,error,no-undef
,174:15,error,no-undef
,176:3,error,no-undef
,176:35,error,no-undef
,177:5,error,no-undef
,179:33,error,no-undef
,195:3,error,no-undef
,195:43,error,no-magic-numbers
,196:3,error,no-undef
,196:31,error,no-magic-numbers
,196:34,error,no-magic-numbers
,197:3,error,no-undef
,197:31,error,no-magic-numbers
,197:34,error,no-magic-numbers
,198:3,error,no-undef
,198:31,error,no-magic-numbers
,198:34,error,no-magic-numbers
,201:1,error,no-undef
,202:15,error,no-undef
,203:15,error,no-undef
,205:3,error,no-undef
,205:35,error,no-undef
,206:5,error,no-undef
,208:33,error,no-undef
,224:3,error,no-undef
,224:43,error,no-magic-numbers
,225:3,error,no-undef
,225:31,error,no-magic-numbers
,225:34,error,no-magic-numbers
,228:1,error,no-undef
,229:34,error,no-undef
,232:18,error,no-undef
,233:22,error,no-undef
,238:3,error,no-undef
,239:3,error,no-undef
,244:1,error,no-undef
,245:18,error,no-undef
,246:27,error,no-undef
,246:49,error,no-undef
,247:22,error,no-undef
,248:34,error,no-undef
,261:3,error,no-undef
,266:3,error,no-undef
,270:3,error,no-undef
,270:16,error,no-magic-numbers
,271:3,error,no-undef
,271:16,error,no-magic-numbers
,275:1,error,no-undef
,276:18,error,no-undef
,277:27,error,no-undef
,277:49,error,no-undef
,278:22,error,no-undef
,279:34,error,no-undef
,292:3,error,no-undef
,297:3,error,no-undef
,301:3,error,no-undef
,301:16,error,no-magic-numbers
,302:3,error,no-undef
,302:16,error,no-magic-numbers
,306:1,error,no-undef
,307:15,error,no-undef
,308:15,error,no-undef
,310:3,error,no-undef
,310:35,error,no-undef
,311:5,error,no-undef
,313:33,error,no-undef
,329:3,error,no-undef
,329:43,error,no-magic-numbers
,330:3,error,no-undef
,330:31,error,no-magic-numbers
,330:34,error,no-magic-numbers
,333:1,error,no-undef
,334:15,error,no-undef
,335:15,error,no-undef
,337:3,error,no-undef
,337:35,error,no-undef
,338:5,error,no-undef
,340:33,error,no-undef
,356:3,error,no-undef
,356:43,error,no-magic-numbers
,357:3,error,no-undef
,357:31,error,no-magic-numbers
,357:34,error,no-magic-numbers
,360:1,error,no-undef
,361:15,error,no-undef
,362:15,error,no-undef
,364:3,error,no-undef
,364:35,error,no-undef
,365:5,error,no-undef
,367:33,error,no-undef
,383:3,error,no-undef
,383:43,error,no-magic-numbers
,384:3,error,no-undef
,384:31,error,no-magic-numbers
,384:34,error,no-magic-numbers
,5:1,error,no-undef
,14:1,error,no-undef
,24:1,error,no-undef
,35:1,error,no-undef
,39:1,error,no-undef
,46:3,error,no-undef
,50:1,error,no-undef
,57:3,error,no-undef
,60:1,error,no-undef
,67:3,error,no-undef
,71:1,error,no-undef
,78:3,error,no-undef
,81:1,error,no-undef
,88:3,error,no-undef
,91:1,error,no-undef
,93:22,error,no-undef
,95:3,error,no-undef
,98:1,error,no-undef
,100:22,error,no-undef
,102:3,error,no-undef
,3:1,error,no-undef
,4:3,error,no-undef
,5:5,error,no-undef
,6:5,error,no-undef
,7:5,error,no-undef
,10:3,error,no-undef
,11:5,error,no-undef
,12:5,error,no-undef
,13:5,error,no-undef
