directory_file_name,line_number,error_type,error_description
create-react-app\docusaurus\website\docusaurus.config.js,7:1,error,strict
create-react-app\packages\babel-plugin-named-asset-import\index.js,1:1,error,strict
create-react-app\packages\babel-plugin-named-asset-import\index.js,9:44,error,no-magic-numbers
create-react-app\packages\babel-plugin-named-asset-import\index.js,18:44,error,no-magic-numbers
create-react-app\packages\babel-plugin-named-asset-import\index.js,20:63,error,no-magic-numbers
create-react-app\packages\babel-plugin-named-asset-import\index.test.js,1:1,error,strict
create-react-app\packages\babel-preset-react-app\create.js,7:1,error,strict
create-react-app\packages\babel-preset-react-app\create.js,23:18,error,complexity
create-react-app\packages\babel-preset-react-app\create.js,59:7,error,prefer-template
create-react-app\packages\babel-preset-react-app\dependencies.js,7:1,error,strict
create-react-app\packages\babel-preset-react-app\dependencies.js,23:18,error,complexity
create-react-app\packages\babel-preset-react-app\dependencies.js,55:7,error,prefer-template
create-react-app\packages\babel-preset-react-app\dev.js,7:1,error,strict
create-react-app\packages\babel-preset-react-app\index.js,7:1,error,strict
create-react-app\packages\babel-preset-react-app\prod.js,7:1,error,strict
create-react-app\packages\babel-preset-react-app\test.js,7:1,error,strict
create-react-app\packages\babel-preset-react-app\webpack-overrides.js,7:1,error,strict
create-react-app\packages\babel-preset-react-app\webpack-overrides.js,26:54,error,no-magic-numbers
create-react-app\packages\confusing-browser-globals\index.js,8:1,error,strict
create-react-app\packages\confusing-browser-globals\test.js,10:1,error,strict
create-react-app\packages\create-react-app\__tests__\getTemplateInstallPackage.test.js,8:1,error,strict
create-react-app\packages\create-react-app\createReactApp.js,30:1,error,strict
create-react-app\packages\create-react-app\createReactApp.js,53:72,error,no-magic-numbers
create-react-app\packages\create-react-app\createReactApp.js,189:18,error,no-magic-numbers
create-react-app\packages\create-react-app\createReactApp.js,235:1,error,max-statements
create-react-app\packages\create-react-app\createReactApp.js,235:1,error,complexity
create-react-app\packages\create-react-app\createReactApp.js,259:18,error,no-magic-numbers
create-react-app\packages\create-react-app\createReactApp.js,273:39,error,no-magic-numbers
create-react-app\packages\create-react-app\createReactApp.js,279:18,error,no-magic-numbers
create-react-app\packages\create-react-app\createReactApp.js,334:22,error,max-statements
create-react-app\packages\create-react-app\createReactApp.js,385:20,error,no-magic-numbers
create-react-app\packages\create-react-app\createReactApp.js,542:22,error,no-magic-numbers
create-react-app\packages\create-react-app\createReactApp.js,553:17,error,no-magic-numbers
create-react-app\packages\create-react-app\createReactApp.js,558:39,error,no-magic-numbers
create-react-app\packages\create-react-app\createReactApp.js,586:24,error,no-magic-numbers
create-react-app\packages\create-react-app\createReactApp.js,597:1,error,complexity
create-react-app\packages\create-react-app\createReactApp.js,603:40,error,no-magic-numbers
create-react-app\packages\create-react-app\createReactApp.js,615:34,error,no-magic-numbers
create-react-app\packages\create-react-app\createReactApp.js,616:41,error,no-magic-numbers
create-react-app\packages\create-react-app\createReactApp.js,617:36,error,no-magic-numbers
create-react-app\packages\create-react-app\createReactApp.js,711:11,error,no-magic-numbers
create-react-app\packages\create-react-app\createReactApp.js,724:57,error,no-magic-numbers
create-react-app\packages\create-react-app\createReactApp.js,729:35,error,no-magic-numbers
create-react-app\packages\create-react-app\createReactApp.js,729:62,error,no-magic-numbers
create-react-app\packages\create-react-app\createReactApp.js,729:76,error,no-magic-numbers
create-react-app\packages\create-react-app\createReactApp.js,730:42,error,no-magic-numbers
create-react-app\packages\create-react-app\createReactApp.js,733:69,error,no-magic-numbers
create-react-app\packages\create-react-app\createReactApp.js,817:18,error,no-magic-numbers
create-react-app\packages\create-react-app\createReactApp.js,838:18,error,no-magic-numbers
create-react-app\packages\create-react-app\createReactApp.js,854:18,error,no-magic-numbers
create-react-app\packages\create-react-app\createReactApp.js,863:18,error,no-magic-numbers
create-react-app\packages\create-react-app\createReactApp.js,886:18,error,no-magic-numbers
create-react-app\packages\create-react-app\createReactApp.js,892:18,error,no-magic-numbers
create-react-app\packages\create-react-app\createReactApp.js,898:67,error,no-magic-numbers
create-react-app\packages\create-react-app\createReactApp.js,944:26,error,no-magic-numbers
create-react-app\packages\create-react-app\createReactApp.js,1038:7,error,prefer-template
create-react-app\packages\create-react-app\createReactApp.js,1086:20,error,no-magic-numbers
create-react-app\packages\create-react-app\createReactApp.js,1103:34,error,no-magic-numbers
create-react-app\packages\create-react-app\index.js,37:1,error,strict
create-react-app\packages\create-react-app\index.js,41:22,error,no-magic-numbers
create-react-app\packages\create-react-app\index.js,43:13,error,no-magic-numbers
create-react-app\packages\create-react-app\index.js,45:5,error,prefer-template
create-react-app\packages\create-react-app\index.js,51:16,error,no-magic-numbers
create-react-app\packages\eslint-config-react-app\base.js,8:1,error,strict
create-react-app\packages\eslint-config-react-app\index.js,8:1,error,strict
create-react-app\packages\eslint-config-react-app\jest.js,8:1,error,strict
create-react-app\packages\react-app-polyfill\ie11.js,7:1,error,strict
create-react-app\packages\react-app-polyfill\ie9.js,7:1,error,strict
create-react-app\packages\react-app-polyfill\jsdom.js,7:1,error,strict
create-react-app\packages\react-app-polyfill\stable.js,7:1,error,strict
create-react-app\packages\react-dev-utils\FileSizeReporter.js,8:1,error,strict
create-react-app\packages\react-dev-utils\FileSizeReporter.js,54:46,error,prefer-template
create-react-app\packages\react-dev-utils\FileSizeReporter.js,72:56,error,no-magic-numbers
create-react-app\packages\react-dev-utils\FileSizeReporter.js,81:7,error,prefer-template
create-react-app\packages\react-dev-utils\FileSizeReporter.js,119:25,error,no-magic-numbers
create-react-app\packages\react-dev-utils\FileSizeReporter.js,119:32,error,no-magic-numbers
create-react-app\packages\react-dev-utils\FileSizeReporter.js,121:69,error,no-magic-numbers
create-react-app\packages\react-dev-utils\FileSizeReporter.js,123:22,error,prefer-template
create-react-app\packages\react-dev-utils\FileSizeReporter.js,124:59,error,no-magic-numbers
create-react-app\packages\react-dev-utils\FileSizeReporter.js,125:25,error,prefer-template
create-react-app\packages\react-dev-utils\FileSizeReporter.js,126:27,error,no-magic-numbers
create-react-app\packages\react-dev-utils\ForkTsCheckerWarningWebpackPlugin.js,8:1,error,strict
create-react-app\packages\react-dev-utils\ForkTsCheckerWebpackPlugin.js,8:1,error,strict
create-react-app\packages\react-dev-utils\InlineChunkHtmlPlugin.js,8:1,error,strict
create-react-app\packages\react-dev-utils\InterpolateHtmlPlugin.js,16:1,error,strict
create-react-app\packages\react-dev-utils\InterpolateHtmlPlugin.js,34:26,error,prefer-template
create-react-app\packages\react-dev-utils\ModuleNotFoundPlugin.js,8:1,error,strict
create-react-app\packages\react-dev-utils\ModuleNotFoundPlugin.js,37:14,error,prefer-template
create-react-app\packages\react-dev-utils\ModuleNotFoundPlugin.js,42:16,error,max-statements
create-react-app\packages\react-dev-utils\ModuleNotFoundPlugin.js,42:16,error,complexity
create-react-app\packages\react-dev-utils\ModuleNotFoundPlugin.js,65:32,error,no-magic-numbers
create-react-app\packages\react-dev-utils\ModuleNotFoundPlugin.js,65:46,error,no-magic-numbers
create-react-app\packages\react-dev-utils\ModuleNotFoundPlugin.js,66:30,error,no-magic-numbers
create-react-app\packages\react-dev-utils\ModuleNotFoundPlugin.js,66:44,error,no-magic-numbers
create-react-app\packages\react-dev-utils\ModuleNotFoundPlugin.js,75:11,error,prefer-template
create-react-app\packages\react-dev-utils\ModuleScopePlugin.js,8:1,error,strict
create-react-app\packages\react-dev-utils\ModuleScopePlugin.js,34:69,error,no-magic-numbers
create-react-app\packages\react-dev-utils\ModuleScopePlugin.js,35:71,error,no-magic-numbers
create-react-app\packages\react-dev-utils\ModuleScopePlugin.js,78:13,error,prefer-template
create-react-app\packages\react-dev-utils\WebpackDevServerUtils.js,7:1,error,strict
create-react-app\packages\react-dev-utils\WebpackDevServerUtils.js,121:18,error,no-magic-numbers
create-react-app\packages\react-dev-utils\WebpackDevServerUtils.js,152:35,error,max-statements
create-react-app\packages\react-dev-utils\WebpackDevServerUtils.js,152:47,error,require-await
create-react-app\packages\react-dev-utils\WebpackDevServerUtils.js,182:36,error,no-magic-numbers
create-react-app\packages\react-dev-utils\WebpackDevServerUtils.js,197:9,error,prefer-template
create-react-app\packages\react-dev-utils\WebpackDevServerUtils.js,202:9,error,prefer-template
create-react-app\packages\react-dev-utils\WebpackDevServerUtils.js,212:42,error,no-magic-numbers
create-react-app\packages\react-dev-utils\WebpackDevServerUtils.js,217:20,error,no-magic-numbers
create-react-app\packages\react-dev-utils\WebpackDevServerUtils.js,222:22,error,no-magic-numbers
create-react-app\packages\react-dev-utils\WebpackDevServerUtils.js,224:22,error,no-magic-numbers
create-react-app\packages\react-dev-utils\WebpackDevServerUtils.js,267:7,error,prefer-template
create-react-app\packages\react-dev-utils\WebpackDevServerUtils.js,277:7,error,prefer-template
create-react-app\packages\react-dev-utils\WebpackDevServerUtils.js,286:21,error,no-magic-numbers
create-react-app\packages\react-dev-utils\WebpackDevServerUtils.js,289:7,error,prefer-template
create-react-app\packages\react-dev-utils\WebpackDevServerUtils.js,312:17,error,prefer-template
create-react-app\packages\react-dev-utils\WebpackDevServerUtils.js,317:18,error,no-magic-numbers
create-react-app\packages\react-dev-utils\WebpackDevServerUtils.js,328:35,error,prefer-template
create-react-app\packages\react-dev-utils\WebpackDevServerUtils.js,343:18,error,no-magic-numbers
create-react-app\packages\react-dev-utils\WebpackDevServerUtils.js,371:57,error,no-magic-numbers
create-react-app\packages\react-dev-utils\WebpackDevServerUtils.js,396:11,error,no-promise-executor-return
create-react-app\packages\react-dev-utils\WebpackDevServerUtils.js,399:57,error,no-magic-numbers
create-react-app\packages\react-dev-utils\WebpackDevServerUtils.js,409:15,error,prefer-template
create-react-app\packages\react-dev-utils\WebpackDevServerUtils.js,410:17,error,prefer-template
create-react-app\packages\react-dev-utils\WebpackDevServerUtils.js,429:9,error,prefer-template
create-react-app\packages\react-dev-utils\WebpackDevServerUtils.js,431:12,error,prefer-template
create-react-app\packages\react-dev-utils\__tests__\getCSSModuleLocalIdent.test.js,8:1,error,strict
create-react-app\packages\react-dev-utils\__tests__\getPublicUrlOrPath.test.js,8:1,error,strict
create-react-app\packages\react-dev-utils\__tests__\ignoredFiles.test.js,8:1,error,strict
create-react-app\packages\react-dev-utils\browsersHelper.js,7:1,error,strict
create-react-app\packages\react-dev-utils\browsersHelper.js,34:7,error,prefer-template
create-react-app\packages\react-dev-utils\browsersHelper.js,53:9,error,prefer-template
create-react-app\packages\react-dev-utils\browsersHelper.js,77:64,error,no-magic-numbers
create-react-app\packages\react-dev-utils\chalk.js,8:1,error,strict
create-react-app\packages\react-dev-utils\checkRequiredFiles.js,8:1,error,strict
create-react-app\packages\react-dev-utils\clearConsole.js,8:1,error,strict
create-react-app\packages\react-dev-utils\crossSpawn.js,8:1,error,strict
create-react-app\packages\react-dev-utils\errorOverlayMiddleware.js,7:1,error,strict
create-react-app\packages\react-dev-utils\errorOverlayMiddleware.js,15:64,error,no-magic-numbers
create-react-app\packages\react-dev-utils\errorOverlayMiddleware.js,16:62,error,no-magic-numbers
create-react-app\packages\react-dev-utils\eslintFormatter.js,8:1,error,strict
create-react-app\packages\react-dev-utils\eslintFormatter.js,22:45,error,no-magic-numbers
create-react-app\packages\react-dev-utils\eslintFormatter.js,39:29,error,no-magic-numbers
create-react-app\packages\react-dev-utils\eslintFormatter.js,55:34,error,no-magic-numbers
create-react-app\packages\react-dev-utils\eslintFormatter.js,57:17,error,prefer-template
create-react-app\packages\react-dev-utils\eslintFormatter.js,59:33,error,prefer-template
create-react-app\packages\react-dev-utils\eslintFormatter.js,71:41,error,no-magic-numbers
create-react-app\packages\react-dev-utils\eslintFormatter.js,76:9,error,no-magic-numbers
create-react-app\packages\react-dev-utils\eslintFormatter.js,76:16,error,no-magic-numbers
create-react-app\packages\react-dev-utils\eslintFormatter.js,76:45,error,no-magic-numbers
create-react-app\packages\react-dev-utils\eslintFormatter.js,76:66,error,no-magic-numbers
create-react-app\packages\react-dev-utils\eslintFormatter.js,77:16,error,no-magic-numbers
create-react-app\packages\react-dev-utils\eslintFormatter.js,77:19,error,no-magic-numbers
create-react-app\packages\react-dev-utils\eslintFormatter.js,103:7,error,prefer-template
create-react-app\packages\react-dev-utils\evalSourceMapMiddleware.js,7:1,error,strict
create-react-app\packages\react-dev-utils\evalSourceMapMiddleware.js,34:64,error,no-magic-numbers
create-react-app\packages\react-dev-utils\formatWebpackMessages.js,8:1,error,strict
create-react-app\packages\react-dev-utils\formatWebpackMessages.js,13:56,error,no-magic-numbers
create-react-app\packages\react-dev-utils\formatWebpackMessages.js,17:1,error,max-statements
create-react-app\packages\react-dev-utils\formatWebpackMessages.js,71:22,error,no-magic-numbers
create-react-app\packages\react-dev-utils\formatWebpackMessages.js,71:33,error,no-magic-numbers
create-react-app\packages\react-dev-utils\formatWebpackMessages.js,72:18,error,no-magic-numbers
create-react-app\packages\react-dev-utils\formatWebpackMessages.js,72:21,error,no-magic-numbers
create-react-app\packages\react-dev-utils\formatWebpackMessages.js,75:9,error,no-magic-numbers
create-react-app\packages\react-dev-utils\formatWebpackMessages.js,75:20,error,no-magic-numbers
create-react-app\packages\react-dev-utils\formatWebpackMessages.js,78:13,error,no-magic-numbers
create-react-app\packages\react-dev-utils\formatWebpackMessages.js,78:25,error,no-magic-numbers
create-react-app\packages\react-dev-utils\formatWebpackMessages.js,78:62,error,no-magic-numbers
create-react-app\packages\react-dev-utils\formatWebpackMessages.js,80:13,error,no-magic-numbers
create-react-app\packages\react-dev-utils\formatWebpackMessages.js,81:13,error,no-magic-numbers
create-react-app\packages\react-dev-utils\formatWebpackMessages.js,88:13,error,no-magic-numbers
create-react-app\packages\react-dev-utils\formatWebpackMessages.js,88:25,error,no-magic-numbers
create-react-app\packages\react-dev-utils\formatWebpackMessages.js,89:11,error,no-magic-numbers
create-react-app\packages\react-dev-utils\formatWebpackMessages.js,90:11,error,no-magic-numbers
create-react-app\packages\react-dev-utils\formatWebpackMessages.js,109:17,error,no-magic-numbers
create-react-app\packages\react-dev-utils\formatWebpackMessages.js,109:72,error,no-magic-numbers
create-react-app\packages\react-dev-utils\getCSSModuleLocalIdent.js,8:1,error,strict
create-react-app\packages\react-dev-utils\getCSSModuleLocalIdent.js,30:5,error,no-magic-numbers
create-react-app\packages\react-dev-utils\getCSSModuleLocalIdent.js,35:5,error,prefer-template
create-react-app\packages\react-dev-utils\getCacheIdentifier.js,8:1,error,strict
create-react-app\packages\react-dev-utils\getProcessForPort.js,8:1,error,strict
create-react-app\packages\react-dev-utils\getProcessForPort.js,31:6,error,prefer-template
create-react-app\packages\react-dev-utils\getProcessForPort.js,34:18,error,no-magic-numbers
create-react-app\packages\react-dev-utils\getProcessForPort.js,50:5,error,prefer-template
create-react-app\packages\react-dev-utils\getProcessForPort.js,66:5,error,prefer-template
create-react-app\packages\react-dev-utils\getProcessForPort.js,80:18,error,prefer-template
create-react-app\packages\react-dev-utils\getPublicUrlOrPath.js,8:1,error,strict
create-react-app\packages\react-dev-utils\getPublicUrlOrPath.js,32:9,error,prefer-template
create-react-app\packages\react-dev-utils\getPublicUrlOrPath.js,43:1,error,indent
create-react-app\packages\react-dev-utils\getPublicUrlOrPath.js,44:1,error,indent
create-react-app\packages\react-dev-utils\getPublicUrlOrPath.js,49:52,error,prefer-template
create-react-app\packages\react-dev-utils\getPublicUrlOrPath.js,60:1,error,indent
create-react-app\packages\react-dev-utils\getPublicUrlOrPath.js,61:1,error,indent
create-react-app\packages\react-dev-utils\globby.js,8:1,error,strict
create-react-app\packages\react-dev-utils\ignoredFiles.js,8:1,error,strict
create-react-app\packages\react-dev-utils\ignoredFiles.js,16:22,error,prefer-template
create-react-app\packages\react-dev-utils\immer.js,8:1,error,strict
create-react-app\packages\react-dev-utils\launchEditor.js,7:1,error,strict
create-react-app\packages\react-dev-utils\launchEditor.js,18:1,error,indent
create-react-app\packages\react-dev-utils\launchEditor.js,19:1,error,indent
create-react-app\packages\react-dev-utils\launchEditor.js,20:1,error,indent
create-react-app\packages\react-dev-utils\launchEditor.js,21:1,error,indent
create-react-app\packages\react-dev-utils\launchEditor.js,125:1,error,complexity
create-react-app\packages\react-dev-utils\launchEditor.js,134:1,error,indent
create-react-app\packages\react-dev-utils\launchEditor.js,135:1,error,indent
create-react-app\packages\react-dev-utils\launchEditor.js,136:1,error,indent
create-react-app\packages\react-dev-utils\launchEditor.js,137:1,error,indent
create-react-app\packages\react-dev-utils\launchEditor.js,138:1,error,indent
create-react-app\packages\react-dev-utils\launchEditor.js,139:1,error,indent
create-react-app\packages\react-dev-utils\launchEditor.js,140:1,error,indent
create-react-app\packages\react-dev-utils\launchEditor.js,140:15,error,prefer-template
create-react-app\packages\react-dev-utils\launchEditor.js,141:1,error,indent
create-react-app\packages\react-dev-utils\launchEditor.js,142:1,error,indent
create-react-app\packages\react-dev-utils\launchEditor.js,143:1,error,indent
create-react-app\packages\react-dev-utils\launchEditor.js,143:15,error,prefer-template
create-react-app\packages\react-dev-utils\launchEditor.js,144:1,error,indent
create-react-app\packages\react-dev-utils\launchEditor.js,145:1,error,indent
create-react-app\packages\react-dev-utils\launchEditor.js,145:15,error,prefer-template
create-react-app\packages\react-dev-utils\launchEditor.js,145:34,error,prefer-template
create-react-app\packages\react-dev-utils\launchEditor.js,146:1,error,indent
create-react-app\packages\react-dev-utils\launchEditor.js,147:1,error,indent
create-react-app\packages\react-dev-utils\launchEditor.js,148:1,error,indent
create-react-app\packages\react-dev-utils\launchEditor.js,149:1,error,indent
create-react-app\packages\react-dev-utils\launchEditor.js,150:1,error,indent
create-react-app\packages\react-dev-utils\launchEditor.js,150:15,error,prefer-template
create-react-app\packages\react-dev-utils\launchEditor.js,151:1,error,indent
create-react-app\packages\react-dev-utils\launchEditor.js,152:1,error,indent
create-react-app\packages\react-dev-utils\launchEditor.js,153:1,error,indent
create-react-app\packages\react-dev-utils\launchEditor.js,153:15,error,prefer-template
create-react-app\packages\react-dev-utils\launchEditor.js,154:1,error,indent
create-react-app\packages\react-dev-utils\launchEditor.js,155:1,error,indent
create-react-app\packages\react-dev-utils\launchEditor.js,156:1,error,indent
create-react-app\packages\react-dev-utils\launchEditor.js,157:1,error,indent
create-react-app\packages\react-dev-utils\launchEditor.js,158:1,error,indent
create-react-app\packages\react-dev-utils\launchEditor.js,159:1,error,indent
create-react-app\packages\react-dev-utils\launchEditor.js,160:1,error,indent
create-react-app\packages\react-dev-utils\launchEditor.js,161:1,error,indent
create-react-app\packages\react-dev-utils\launchEditor.js,162:1,error,indent
create-react-app\packages\react-dev-utils\launchEditor.js,163:1,error,indent
create-react-app\packages\react-dev-utils\launchEditor.js,164:1,error,indent
create-react-app\packages\react-dev-utils\launchEditor.js,165:1,error,indent
create-react-app\packages\react-dev-utils\launchEditor.js,165:16,error,prefer-template
create-react-app\packages\react-dev-utils\launchEditor.js,166:1,error,indent
create-react-app\packages\react-dev-utils\launchEditor.js,167:1,error,indent
create-react-app\packages\react-dev-utils\launchEditor.js,168:1,error,indent
create-react-app\packages\react-dev-utils\launchEditor.js,169:1,error,indent
create-react-app\packages\react-dev-utils\launchEditor.js,170:1,error,indent
create-react-app\packages\react-dev-utils\launchEditor.js,171:1,error,indent
create-react-app\packages\react-dev-utils\launchEditor.js,172:1,error,indent
create-react-app\packages\react-dev-utils\launchEditor.js,173:1,error,indent
create-react-app\packages\react-dev-utils\launchEditor.js,174:1,error,indent
create-react-app\packages\react-dev-utils\launchEditor.js,175:1,error,indent
create-react-app\packages\react-dev-utils\launchEditor.js,176:1,error,indent
create-react-app\packages\react-dev-utils\launchEditor.js,177:1,error,indent
create-react-app\packages\react-dev-utils\launchEditor.js,178:1,error,indent
create-react-app\packages\react-dev-utils\launchEditor.js,179:1,error,indent
create-react-app\packages\react-dev-utils\launchEditor.js,180:1,error,indent
create-react-app\packages\react-dev-utils\launchEditor.js,181:1,error,indent
create-react-app\packages\react-dev-utils\launchEditor.js,182:1,error,indent
create-react-app\packages\react-dev-utils\launchEditor.js,183:1,error,indent
create-react-app\packages\react-dev-utils\launchEditor.js,184:1,error,indent
create-react-app\packages\react-dev-utils\launchEditor.js,185:1,error,indent
create-react-app\packages\react-dev-utils\launchEditor.js,186:1,error,indent
create-react-app\packages\react-dev-utils\launchEditor.js,187:1,error,indent
create-react-app\packages\react-dev-utils\launchEditor.js,188:1,error,indent
create-react-app\packages\react-dev-utils\launchEditor.js,197:1,error,max-statements
create-react-app\packages\react-dev-utils\launchEditor.js,197:1,error,complexity
create-react-app\packages\react-dev-utils\launchEditor.js,212:45,error,no-magic-numbers
create-react-app\packages\react-dev-utils\launchEditor.js,228:57,error,no-magic-numbers
create-react-app\packages\react-dev-utils\launchEditor.js,242:45,error,no-magic-numbers
create-react-app\packages\react-dev-utils\launchEditor.js,264:15,error,prefer-template
create-react-app\packages\react-dev-utils\launchEditor.js,267:44,error,no-magic-numbers
create-react-app\packages\react-dev-utils\launchEditor.js,271:17,error,prefer-template
create-react-app\packages\react-dev-utils\launchEditor.js,276:5,error,prefer-template
create-react-app\packages\react-dev-utils\launchEditor.js,288:1,error,max-statements
create-react-app\packages\react-dev-utils\launchEditor.js,288:1,error,complexity
create-react-app\packages\react-dev-utils\launchEditor.js,296:54,error,no-magic-numbers
create-react-app\packages\react-dev-utils\launchEditor.js,302:52,error,no-magic-numbers
create-react-app\packages\react-dev-utils\launchEditor.js,303:17,error,no-magic-numbers
create-react-app\packages\react-dev-utils\launchEditor.js,341:17,error,prefer-template
create-react-app\packages\react-dev-utils\launchEditor.js,391:35,error,prefer-template
create-react-app\packages\react-dev-utils\launchEditorEndpoint.js,7:1,error,strict
create-react-app\packages\react-dev-utils\noopServiceWorkerMiddleware.js,8:1,error,strict
create-react-app\packages\react-dev-utils\openBrowser.js,8:1,error,strict
create-react-app\packages\react-dev-utils\openBrowser.js,47:40,error,no-magic-numbers
create-react-app\packages\react-dev-utils\openBrowser.js,52:18,error,no-magic-numbers
create-react-app\packages\react-dev-utils\openBrowser.js,59:19,error,prefer-template
create-react-app\packages\react-dev-utils\openBrowser.js,67:1,error,complexity
create-react-app\packages\react-dev-utils\openBrowser.js,93:18,error,prefer-template
create-react-app\packages\react-dev-utils\openBrowser.js,95:11,error,prefer-template
create-react-app\packages\react-dev-utils\openBrowser.js,121:52,error,no-magic-numbers
create-react-app\packages\react-dev-utils\openBrowser.js,143:1,error,indent
create-react-app\packages\react-dev-utils\openBrowser.js,144:1,error,indent
create-react-app\packages\react-dev-utils\openBrowser.js,145:1,error,indent
create-react-app\packages\react-dev-utils\openBrowser.js,146:1,error,indent
create-react-app\packages\react-dev-utils\openBrowser.js,147:1,error,indent
create-react-app\packages\react-dev-utils\openBrowser.js,148:1,error,indent
create-react-app\packages\react-dev-utils\openBrowser.js,149:1,error,indent
create-react-app\packages\react-dev-utils\openBrowser.js,150:1,error,indent
create-react-app\packages\react-dev-utils\openBrowser.js,151:1,error,indent
create-react-app\packages\react-dev-utils\printBuildError.js,8:1,error,strict
create-react-app\packages\react-dev-utils\printBuildError.js,20:40,error,no-magic-numbers
create-react-app\packages\react-dev-utils\printBuildError.js,27:35,error,no-magic-numbers
create-react-app\packages\react-dev-utils\printBuildError.js,28:28,error,no-magic-numbers
create-react-app\packages\react-dev-utils\printBuildError.js,29:30,error,no-magic-numbers
create-react-app\packages\react-dev-utils\printBuildError.js,33:55,error,prefer-template
create-react-app\packages\react-dev-utils\printBuildError.js,42:17,error,prefer-template
create-react-app\packages\react-dev-utils\printHostingInstructions.js,8:1,error,strict
create-react-app\packages\react-dev-utils\redirectServedPathMiddleware.js,7:1,error,strict
create-react-app\packages\react-dev-utils\redirectServedPathMiddleware.js,13:33,error,no-magic-numbers
create-react-app\packages\react-dev-utils\redirectServedPathMiddleware.js,13:36,error,no-magic-numbers
create-react-app\packages\react-dev-utils\refreshOverlayInterop.js,9:1,error,strict
create-react-app\packages\react-dev-utils\webpackHotDevClient.js,8:1,error,strict
create-react-app\packages\react-dev-utils\webpackHotDevClient.js,28:5,error,prefer-template
create-react-app\packages\react-dev-utils\webpackHotDevClient.js,32:61,error,no-magic-numbers
create-react-app\packages\react-dev-utils\webpackHotDevClient.js,34:60,error,no-magic-numbers
create-react-app\packages\react-dev-utils\webpackHotDevClient.js,131:19,error,no-magic-numbers
create-react-app\packages\react-dev-utils\webpackHotDevClient.js,169:50,error,no-magic-numbers
create-react-app\packages\react-dev-utils\webpackHotDevClient.js,198:1,error,indent
create-react-app\packages\react-dev-utils\webpackHotDevClient.js,199:1,error,indent
create-react-app\packages\react-dev-utils\webpackHotDevClient.js,200:1,error,indent
create-react-app\packages\react-dev-utils\webpackHotDevClient.js,201:1,error,indent
create-react-app\packages\react-dev-utils\webpackHotDevClient.js,202:1,error,indent
create-react-app\packages\react-dev-utils\webpackHotDevClient.js,203:1,error,indent
create-react-app\packages\react-dev-utils\webpackHotDevClient.js,204:1,error,indent
create-react-app\packages\react-dev-utils\webpackHotDevClient.js,205:1,error,indent
create-react-app\packages\react-dev-utils\webpackHotDevClient.js,206:1,error,indent
create-react-app\packages\react-dev-utils\webpackHotDevClient.js,207:1,error,indent
create-react-app\packages\react-dev-utils\webpackHotDevClient.js,208:1,error,indent
create-react-app\packages\react-dev-utils\webpackHotDevClient.js,209:1,error,indent
create-react-app\packages\react-dev-utils\webpackHotDevClient.js,210:1,error,indent
create-react-app\packages\react-dev-utils\webpackHotDevClient.js,211:1,error,indent
create-react-app\packages\react-dev-utils\webpackHotDevClient.js,212:1,error,indent
create-react-app\packages\react-dev-utils\webpackHotDevClient.js,213:1,error,indent
create-react-app\packages\react-dev-utils\webpackHotDevClient.js,214:1,error,indent
create-react-app\packages\react-dev-utils\webpackHotDevClient.js,215:1,error,indent
create-react-app\packages\react-dev-utils\webpackHotDevClient.js,242:67,error,no-magic-numbers
create-react-app\packages\react-error-overlay\build.js,7:1,error,strict
create-react-app\packages\react-error-overlay\build.js,16:33,error,no-magic-numbers
create-react-app\packages\react-error-overlay\build.js,17:24,error,no-magic-numbers
create-react-app\packages\react-error-overlay\build.js,17:49,error,no-magic-numbers
create-react-app\packages\react-error-overlay\build.js,25:26,error,prefer-template
create-react-app\packages\react-error-overlay\build.js,49:28,error,no-magic-numbers
create-react-app\packages\react-error-overlay\build.js,84:18,error,no-magic-numbers
create-react-app\packages\react-error-overlay\build.js,89:18,error,no-magic-numbers
create-react-app\packages\react-error-overlay\flow\env.js,2:24,error,expected
create-react-app\packages\react-error-overlay\src\__tests__\get-source-map.js,25:33,error,no-magic-numbers
create-react-app\packages\react-error-overlay\src\__tests__\get-source-map.js,25:40,error,no-magic-numbers
create-react-app\packages\react-error-overlay\src\__tests__\get-source-map.js,45:46,error,no-magic-numbers
create-react-app\packages\react-error-overlay\src\__tests__\get-source-map.js,45:49,error,no-magic-numbers
create-react-app\packages\react-error-overlay\src\__tests__\get-source-map.js,52:21,error,no-magic-numbers
create-react-app\packages\react-error-overlay\src\__tests__\lines-around.js,13:25,error,no-magic-numbers
create-react-app\packages\react-error-overlay\src\__tests__\lines-around.js,13:28,error,no-magic-numbers
create-react-app\packages\react-error-overlay\src\__tests__\lines-around.js,17:25,error,no-magic-numbers
create-react-app\packages\react-error-overlay\src\__tests__\lines-around.js,17:28,error,no-magic-numbers
create-react-app\packages\react-error-overlay\src\__tests__\mapper.js,14:21,error,no-magic-numbers
create-react-app\packages\react-error-overlay\src\__tests__\mapper.js,28:42,error,no-magic-numbers
create-react-app\packages\react-error-overlay\src\__tests__\mapper.js,39:21,error,no-magic-numbers
create-react-app\packages\react-error-overlay\src\__tests__\mapper.js,64:21,error,no-magic-numbers
create-react-app\packages\react-error-overlay\src\__tests__\script-lines.js,11:25,error,no-magic-numbers
create-react-app\packages\react-error-overlay\src\__tests__\script-lines.js,15:25,error,no-magic-numbers
create-react-app\packages\react-error-overlay\src\__tests__\stack-frame.js,23:5,error,no-magic-numbers
create-react-app\packages\react-error-overlay\src\__tests__\stack-frame.js,24:5,error,no-magic-numbers
create-react-app\packages\react-error-overlay\src\__tests__\stack-frame.js,28:5,error,no-magic-numbers
create-react-app\packages\react-error-overlay\src\__tests__\stack-frame.js,29:5,error,no-magic-numbers
create-react-app\packages\react-error-overlay\src\__tests__\unmapper.js,14:21,error,no-magic-numbers
create-react-app\packages\react-error-overlay\src\__tests__\unmapper.js,32:68,error,no-magic-numbers
create-react-app\packages\react-error-overlay\src\__tests__\unmapper.js,55:21,error,no-magic-numbers
create-react-app\packages\react-error-overlay\src\components\CloseButton.js,24:29,error,expected
create-react-app\packages\react-error-overlay\src\components\CodeBlock.js,27:27,error,expected
create-react-app\packages\react-error-overlay\src\components\Collapsible.js,41:29,error,expected
create-react-app\packages\react-error-overlay\src\components\ErrorOverlay.js,35:30,error,expected
create-react-app\packages\react-error-overlay\src\components\Footer.js,20:24,error,expected
create-react-app\packages\react-error-overlay\src\components\Header.js,26:23,error,expected
create-react-app\packages\react-error-overlay\src\components\NavigationBar.js,47:31,error,expected
create-react-app\packages\react-error-overlay\src\containers\CompileErrorContainer.js,23:39,error,expected
create-react-app\packages\react-error-overlay\src\containers\RuntimeError.js,21:27,error,expected
create-react-app\packages\react-error-overlay\src\containers\RuntimeErrorContainer.js,19:14,error,expected
create-react-app\packages\react-error-overlay\src\containers\StackFrame.js,48:28,error,expected
create-react-app\packages\react-error-overlay\src\containers\StackFrameCodeBlock.js,18:37,error,expected
create-react-app\packages\react-error-overlay\src\containers\StackTrace.js,25:14,error,expected
create-react-app\packages\react-error-overlay\src\effects\proxyConsole.js,54:37,error,no-magic-numbers
create-react-app\packages\react-error-overlay\src\effects\proxyConsole.js,55:71,error,no-magic-numbers
create-react-app\packages\react-error-overlay\src\effects\proxyConsole.js,56:72,error,no-magic-numbers
create-react-app\packages\react-error-overlay\src\iframeScript.js,36:43,error,no-magic-numbers
create-react-app\packages\react-error-overlay\src\index.js,23:32,error,expected
create-react-app\packages\react-error-overlay\src\listenToRuntimeErrors.js,32:27,error,expected
create-react-app\packages\react-error-overlay\src\styles.js,9:21,error,expected
create-react-app\packages\react-error-overlay\src\utils\dom\css.js,15:65,error,no-magic-numbers
create-react-app\packages\react-error-overlay\src\utils\generateAnsiHTML.js,45:1,error,max-statements
create-react-app\packages\react-error-overlay\src\utils\generateAnsiHTML.js,66:19,error,prefer-template
create-react-app\packages\react-error-overlay\src\utils\generateAnsiHTML.js,71:19,error,prefer-template
create-react-app\packages\react-error-overlay\src\utils\generateAnsiHTML.js,73:42,error,no-magic-numbers
create-react-app\packages\react-error-overlay\src\utils\getLinesAround.js,27:26,error,no-magic-numbers
create-react-app\packages\react-error-overlay\src\utils\getLinesAround.js,27:36,error,no-magic-numbers
create-react-app\packages\react-error-overlay\src\utils\getLinesAround.js,28:38,error,no-magic-numbers
create-react-app\packages\react-error-overlay\src\utils\getLinesAround.js,28:48,error,no-magic-numbers
create-react-app\packages\react-error-overlay\src\utils\getLinesAround.js,31:40,error,no-magic-numbers
create-react-app\packages\react-error-overlay\src\utils\getLinesAround.js,31:74,error,no-magic-numbers
create-react-app\packages\react-error-overlay\src\utils\getPrettyURL.js,24:32,error,no-magic-numbers
create-react-app\packages\react-error-overlay\src\utils\getPrettyURL.js,25:29,error,no-magic-numbers
create-react-app\packages\react-error-overlay\src\utils\getPrettyURL.js,29:18,error,prefer-template
create-react-app\packages\react-error-overlay\src\utils\getPrettyURL.js,32:20,error,prefer-template
create-react-app\packages\react-error-overlay\src\utils\getPrettyURL.js,35:17,error,prefer-template
create-react-app\packages\react-error-overlay\src\utils\getPrettyURL.js,38:20,error,prefer-template
create-react-app\packages\react-error-overlay\src\utils\getSourceMap.js,92:24,error,no-magic-numbers
create-react-app\packages\react-error-overlay\src\utils\getSourceMap.js,95:32,error,no-magic-numbers
create-react-app\packages\react-error-overlay\src\utils\getSourceMap.js,108:31,error,no-magic-numbers
create-react-app\packages\react-error-overlay\src\utils\getSourceMap.js,116:30,error,no-magic-numbers
create-react-app\packages\react-error-overlay\src\utils\getSourceMap.js,122:35,error,no-magic-numbers
create-react-app\packages\react-error-overlay\src\utils\getSourceMap.js,122:46,error,no-magic-numbers
create-react-app\packages\react-error-overlay\src\utils\getStackFrames.js,17:25,error,no-magic-numbers
create-react-app\packages\react-error-overlay\src\utils\getStackFrames.js,36:65,error,no-magic-numbers
create-react-app\packages\react-error-overlay\src\utils\getStackFrames.js,36:80,error,no-magic-numbers
create-react-app\packages\react-error-overlay\src\utils\getStackFrames.js,43:75,error,no-magic-numbers
create-react-app\packages\react-error-overlay\src\utils\isBultinErrorName.js,11:1,error,indent
create-react-app\packages\react-error-overlay\src\utils\isBultinErrorName.js,12:1,error,indent
create-react-app\packages\react-error-overlay\src\utils\isBultinErrorName.js,13:1,error,indent
create-react-app\packages\react-error-overlay\src\utils\isBultinErrorName.js,14:1,error,indent
create-react-app\packages\react-error-overlay\src\utils\isBultinErrorName.js,15:1,error,indent
create-react-app\packages\react-error-overlay\src\utils\isBultinErrorName.js,16:1,error,indent
create-react-app\packages\react-error-overlay\src\utils\isBultinErrorName.js,17:1,error,indent
create-react-app\packages\react-error-overlay\src\utils\isBultinErrorName.js,18:1,error,indent
create-react-app\packages\react-error-overlay\src\utils\isBultinErrorName.js,19:1,error,indent
create-react-app\packages\react-error-overlay\src\utils\isBultinErrorName.js,20:1,error,indent
create-react-app\packages\react-error-overlay\src\utils\isInternalFile.js,13:39,error,no-magic-numbers
create-react-app\packages\react-error-overlay\src\utils\isInternalFile.js,14:50,error,no-magic-numbers
create-react-app\packages\react-error-overlay\src\utils\isInternalFile.js,15:44,error,no-magic-numbers
create-react-app\packages\react-error-overlay\src\utils\mapper.js,21:26,error,no-magic-numbers
create-react-app\packages\react-error-overlay\src\utils\mapper.js,30:37,error,no-magic-numbers
create-react-app\packages\react-error-overlay\src\utils\mapper.js,38:51,error,no-magic-numbers
create-react-app\packages\react-error-overlay\src\utils\parseCompileError.js,4:29,error,expected
create-react-app\packages\react-error-overlay\src\utils\parser.js,19:14,error,no-magic-numbers
create-react-app\packages\react-error-overlay\src\utils\parser.js,58:37,error,no-magic-numbers
create-react-app\packages\react-error-overlay\src\utils\parser.js,61:35,error,no-magic-numbers
create-react-app\packages\react-error-overlay\src\utils\parser.js,64:51,error,no-magic-numbers
create-react-app\packages\react-error-overlay\src\utils\stack-frame.js,55:61,error,no-magic-numbers
create-react-app\packages\react-error-overlay\src\utils\stack-frame.js,98:14,error,prefer-template
create-react-app\packages\react-error-overlay\src\utils\stack-frame.js,101:14,error,prefer-template
create-react-app\packages\react-error-overlay\src\utils\stack-frame.js,104:14,error,prefer-template
create-react-app\packages\react-error-overlay\src\utils\stack-frame.js,106:22,error,no-magic-numbers
create-react-app\packages\react-error-overlay\src\utils\stack-frame.js,106:25,error,no-magic-numbers
create-react-app\packages\react-error-overlay\src\utils\unmapper.js,23:44,error,no-magic-numbers
create-react-app\packages\react-error-overlay\src\utils\unmapper.js,24:22,error,no-magic-numbers
create-react-app\packages\react-error-overlay\src\utils\unmapper.js,37:26,error,no-magic-numbers
create-react-app\packages\react-error-overlay\src\utils\unmapper.js,70:22,error,no-magic-numbers
create-react-app\packages\react-error-overlay\src\utils\unmapper.js,79:19,error,no-magic-numbers
create-react-app\packages\react-error-overlay\src\utils\unmapper.js,84:25,error,no-magic-numbers
create-react-app\packages\react-error-overlay\src\utils\unmapper.js,98:28,error,no-magic-numbers
create-react-app\packages\react-error-overlay\src\utils\warnings.js,39:47,error,no-magic-numbers
create-react-app\packages\react-error-overlay\webpack.config.iframe.js,7:1,error,strict
create-react-app\packages\react-error-overlay\webpack.config.js,7:1,error,strict
create-react-app\packages\react-scripts\bin\react-scripts.js,9:1,error,strict
create-react-app\packages\react-scripts\bin\react-scripts.js,19:33,error,no-magic-numbers
create-react-app\packages\react-scripts\bin\react-scripts.js,24:32,error,no-magic-numbers
create-react-app\packages\react-scripts\bin\react-scripts.js,24:42,error,no-magic-numbers
create-react-app\packages\react-scripts\bin\react-scripts.js,25:32,error,no-magic-numbers
create-react-app\packages\react-scripts\bin\react-scripts.js,25:47,error,no-magic-numbers
create-react-app\packages\react-scripts\bin\react-scripts.js,31:31,error,prefer-template
create-react-app\packages\react-scripts\bin\react-scripts.js,32:40,error,no-magic-numbers
create-react-app\packages\react-scripts\bin\react-scripts.js,49:18,error,no-magic-numbers
create-react-app\packages\react-scripts\bin\react-scripts.js,53:15,error,prefer-template
create-react-app\packages\react-scripts\config\env.js,9:1,error,strict
create-react-app\packages\react-scripts\config\getHttpsConfig.js,9:1,error,strict
create-react-app\packages\react-scripts\config\jest\babelTransform.js,9:1,error,strict
create-react-app\packages\react-scripts\config\jest\cssTransform.js,9:1,error,strict
create-react-app\packages\react-scripts\config\jest\fileTransform.js,1:1,error,strict
create-react-app\packages\react-scripts\config\modules.js,9:1,error,strict
create-react-app\packages\react-scripts\config\paths.js,9:1,error,strict
create-react-app\packages\react-scripts\config\paths.js,122:75,error,no-magic-numbers
create-react-app\packages\react-scripts\config\webpack.config.js,9:1,error,strict
create-react-app\packages\react-scripts\config\webpack.config.js,100:18,error,complexity
create-react-app\packages\react-scripts\config\webpack.config.js,113:64,error,no-magic-numbers
create-react-app\packages\react-scripts\config\webpack.config.js,113:67,error,no-magic-numbers
create-react-app\packages\react-scripts\config\webpack.config.js,146:1,error,indent
create-react-app\packages\react-scripts\config\webpack.config.js,147:1,error,indent
create-react-app\packages\react-scripts\config\webpack.config.js,148:1,error,indent
create-react-app\packages\react-scripts\config\webpack.config.js,149:1,error,indent
create-react-app\packages\react-scripts\config\webpack.config.js,150:1,error,indent
create-react-app\packages\react-scripts\config\webpack.config.js,151:1,error,indent
create-react-app\packages\react-scripts\config\webpack.config.js,152:1,error,indent
create-react-app\packages\react-scripts\config\webpack.config.js,153:1,error,indent
create-react-app\packages\react-scripts\config\webpack.config.js,154:1,error,indent
create-react-app\packages\react-scripts\config\webpack.config.js,155:1,error,indent
create-react-app\packages\react-scripts\config\webpack.config.js,156:1,error,indent
create-react-app\packages\react-scripts\config\webpack.config.js,157:1,error,indent
create-react-app\packages\react-scripts\config\webpack.config.js,158:1,error,indent
create-react-app\packages\react-scripts\config\webpack.config.js,159:1,error,indent
create-react-app\packages\react-scripts\config\webpack.config.js,160:1,error,indent
create-react-app\packages\react-scripts\config\webpack.config.js,162:1,error,indent
create-react-app\packages\react-scripts\config\webpack.config.js,163:1,error,indent
create-react-app\packages\react-scripts\config\webpack.config.js,164:1,error,indent
create-react-app\packages\react-scripts\config\webpack.config.js,165:1,error,indent
create-react-app\packages\react-scripts\config\webpack.config.js,166:1,error,indent
create-react-app\packages\react-scripts\config\webpack.config.js,167:1,error,indent
create-react-app\packages\react-scripts\config\webpack.config.js,168:1,error,indent
create-react-app\packages\react-scripts\config\webpack.config.js,169:1,error,indent
create-react-app\packages\react-scripts\config\webpack.config.js,170:1,error,indent
create-react-app\packages\react-scripts\config\webpack.config.js,171:1,error,indent
create-react-app\packages\react-scripts\config\webpack.config.js,172:1,error,indent
create-react-app\packages\react-scripts\config\webpack.config.js,173:1,error,indent
create-react-app\packages\react-scripts\config\webpack.config.js,236:1,error,indent
create-react-app\packages\react-scripts\config\webpack.config.js,237:1,error,indent
create-react-app\packages\react-scripts\config\webpack.config.js,238:1,error,indent
create-react-app\packages\react-scripts\config\webpack.config.js,617:1,error,indent
create-react-app\packages\react-scripts\config\webpack.config.js,618:1,error,indent
create-react-app\packages\react-scripts\config\webpack.config.js,619:1,error,indent
create-react-app\packages\react-scripts\config\webpack.config.js,620:1,error,indent
create-react-app\packages\react-scripts\config\webpack.config.js,621:1,error,indent
create-react-app\packages\react-scripts\config\webpack.config.js,622:1,error,indent
create-react-app\packages\react-scripts\config\webpack.config.js,623:1,error,indent
create-react-app\packages\react-scripts\config\webpack.config.js,624:1,error,indent
create-react-app\packages\react-scripts\config\webpack.config.js,625:1,error,indent
create-react-app\packages\react-scripts\config\webpack.config.js,626:1,error,indent
create-react-app\packages\react-scripts\config\webpack.config.js,627:1,error,indent
create-react-app\packages\react-scripts\config\webpack.config.js,628:1,error,indent
create-react-app\packages\react-scripts\config\webpack.config.js,629:1,error,indent
create-react-app\packages\react-scripts\config\webpack.config.js,716:42,error,no-magic-numbers
create-react-app\packages\react-scripts\config\webpack.config.js,716:46,error,no-magic-numbers
create-react-app\packages\react-scripts\config\webpack.config.js,716:53,error,no-magic-numbers
create-react-app\packages\react-scripts\config\webpackDevServer.config.js,9:1,error,strict
create-react-app\packages\react-scripts\config\webpackDevServer.config.js,99:47,error,no-magic-numbers
create-react-app\packages\react-scripts\config\webpackDevServer.config.js,99:50,error,no-magic-numbers
create-react-app\packages\react-scripts\config\webpack\persistentCache\createEnvironmentHash.js,1:1,error,strict
create-react-app\packages\react-scripts\fixtures\kitchensink\template\integration\config.test.js,22:77,error,no-magic-numbers
create-react-app\packages\react-scripts\fixtures\kitchensink\template\integration\initDOM.js,42:31,error,require-await
create-react-app\packages\react-scripts\fixtures\kitchensink\template\integration\initDOM.js,84:10,error,no-magic-numbers
create-react-app\packages\react-scripts\fixtures\kitchensink\template\integration\syntax.test.js,24:14,error,no-magic-numbers
create-react-app\packages\react-scripts\fixtures\kitchensink\template\integration\syntax.test.js,31:9,error,no-magic-numbers
create-react-app\packages\react-scripts\fixtures\kitchensink\template\integration\syntax.test.js,39:9,error,no-magic-numbers
create-react-app\packages\react-scripts\fixtures\kitchensink\template\integration\syntax.test.js,48:14,error,no-magic-numbers
create-react-app\packages\react-scripts\fixtures\kitchensink\template\integration\syntax.test.js,56:14,error,no-magic-numbers
create-react-app\packages\react-scripts\fixtures\kitchensink\template\integration\syntax.test.js,64:14,error,no-magic-numbers
create-react-app\packages\react-scripts\fixtures\kitchensink\template\integration\syntax.test.js,72:14,error,no-magic-numbers
create-react-app\packages\react-scripts\fixtures\kitchensink\template\integration\syntax.test.js,80:14,error,no-magic-numbers
create-react-app\packages\react-scripts\fixtures\kitchensink\template\integration\syntax.test.js,87:9,error,no-magic-numbers
create-react-app\packages\react-scripts\fixtures\kitchensink\template\integration\syntax.test.js,96:14,error,no-magic-numbers
create-react-app\packages\react-scripts\fixtures\kitchensink\template\integration\syntax.test.js,104:14,error,no-magic-numbers
create-react-app\packages\react-scripts\fixtures\kitchensink\template\integration\syntax.test.js,110:77,error,no-magic-numbers
create-react-app\packages\react-scripts\fixtures\kitchensink\template\integration\syntax.test.js,118:14,error,no-magic-numbers
create-react-app\packages\react-scripts\fixtures\kitchensink\template\integration\syntax.test.js,126:14,error,no-magic-numbers
create-react-app\packages\react-scripts\fixtures\kitchensink\template\integration\syntax.test.js,134:14,error,no-magic-numbers
create-react-app\packages\react-scripts\fixtures\kitchensink\template\jest.integration.config.js,1:1,error,strict
create-react-app\packages\react-scripts\fixtures\kitchensink\template\jest.transform.js,1:1,error,strict
create-react-app\packages\react-scripts\fixtures\kitchensink\template\src\App.js,65:20,error,complexity
create-react-app\packages\react-scripts\fixtures\kitchensink\template\src\App.js,71:54,error,no-magic-numbers
create-react-app\packages\react-scripts\fixtures\kitchensink\template\src\App.js,74:1,error,indent
create-react-app\packages\react-scripts\fixtures\kitchensink\template\src\App.js,75:1,error,indent
create-react-app\packages\react-scripts\fixtures\kitchensink\template\src\App.js,76:1,error,indent
create-react-app\packages\react-scripts\fixtures\kitchensink\template\src\App.js,77:1,error,indent
create-react-app\packages\react-scripts\fixtures\kitchensink\template\src\App.js,78:1,error,indent
create-react-app\packages\react-scripts\fixtures\kitchensink\template\src\App.js,79:1,error,indent
create-react-app\packages\react-scripts\fixtures\kitchensink\template\src\App.js,80:1,error,indent
create-react-app\packages\react-scripts\fixtures\kitchensink\template\src\App.js,81:1,error,indent
create-react-app\packages\react-scripts\fixtures\kitchensink\template\src\App.js,82:1,error,indent
create-react-app\packages\react-scripts\fixtures\kitchensink\template\src\App.js,83:1,error,indent
create-react-app\packages\react-scripts\fixtures\kitchensink\template\src\App.js,84:1,error,indent
create-react-app\packages\react-scripts\fixtures\kitchensink\template\src\App.js,85:1,error,indent
create-react-app\packages\react-scripts\fixtures\kitchensink\template\src\App.js,86:1,error,indent
create-react-app\packages\react-scripts\fixtures\kitchensink\template\src\App.js,87:1,error,indent
create-react-app\packages\react-scripts\fixtures\kitchensink\template\src\App.js,88:1,error,indent
create-react-app\packages\react-scripts\fixtures\kitchensink\template\src\App.js,89:1,error,indent
create-react-app\packages\react-scripts\fixtures\kitchensink\template\src\App.js,90:1,error,indent
create-react-app\packages\react-scripts\fixtures\kitchensink\template\src\App.js,91:1,error,indent
create-react-app\packages\react-scripts\fixtures\kitchensink\template\src\App.js,92:1,error,indent
create-react-app\packages\react-scripts\fixtures\kitchensink\template\src\App.js,93:1,error,indent
create-react-app\packages\react-scripts\fixtures\kitchensink\template\src\App.js,94:1,error,indent
create-react-app\packages\react-scripts\fixtures\kitchensink\template\src\App.js,95:1,error,indent
create-react-app\packages\react-scripts\fixtures\kitchensink\template\src\App.js,96:1,error,indent
create-react-app\packages\react-scripts\fixtures\kitchensink\template\src\App.js,97:1,error,indent
create-react-app\packages\react-scripts\fixtures\kitchensink\template\src\App.js,98:1,error,indent
create-react-app\packages\react-scripts\fixtures\kitchensink\template\src\App.js,99:1,error,indent
create-react-app\packages\react-scripts\fixtures\kitchensink\template\src\App.js,100:1,error,indent
create-react-app\packages\react-scripts\fixtures\kitchensink\template\src\App.js,101:1,error,indent
create-react-app\packages\react-scripts\fixtures\kitchensink\template\src\App.js,102:1,error,indent
create-react-app\packages\react-scripts\fixtures\kitchensink\template\src\App.js,103:1,error,indent
create-react-app\packages\react-scripts\fixtures\kitchensink\template\src\App.js,104:1,error,indent
create-react-app\packages\react-scripts\fixtures\kitchensink\template\src\App.js,105:1,error,indent
create-react-app\packages\react-scripts\fixtures\kitchensink\template\src\App.js,106:1,error,indent
create-react-app\packages\react-scripts\fixtures\kitchensink\template\src\App.js,107:1,error,indent
create-react-app\packages\react-scripts\fixtures\kitchensink\template\src\App.js,108:1,error,indent
create-react-app\packages\react-scripts\fixtures\kitchensink\template\src\App.js,109:1,error,indent
create-react-app\packages\react-scripts\fixtures\kitchensink\template\src\App.js,110:1,error,indent
create-react-app\packages\react-scripts\fixtures\kitchensink\template\src\App.js,111:1,error,indent
create-react-app\packages\react-scripts\fixtures\kitchensink\template\src\App.js,112:1,error,indent
create-react-app\packages\react-scripts\fixtures\kitchensink\template\src\App.js,113:1,error,indent
create-react-app\packages\react-scripts\fixtures\kitchensink\template\src\App.js,114:1,error,indent
create-react-app\packages\react-scripts\fixtures\kitchensink\template\src\App.js,115:1,error,indent
create-react-app\packages\react-scripts\fixtures\kitchensink\template\src\App.js,116:1,error,indent
create-react-app\packages\react-scripts\fixtures\kitchensink\template\src\App.js,117:1,error,indent
create-react-app\packages\react-scripts\fixtures\kitchensink\template\src\App.js,118:1,error,indent
create-react-app\packages\react-scripts\fixtures\kitchensink\template\src\App.js,119:1,error,indent
create-react-app\packages\react-scripts\fixtures\kitchensink\template\src\App.js,120:1,error,indent
create-react-app\packages\react-scripts\fixtures\kitchensink\template\src\App.js,121:1,error,indent
create-react-app\packages\react-scripts\fixtures\kitchensink\template\src\App.js,122:1,error,indent
create-react-app\packages\react-scripts\fixtures\kitchensink\template\src\App.js,123:1,error,indent
create-react-app\packages\react-scripts\fixtures\kitchensink\template\src\App.js,124:1,error,indent
create-react-app\packages\react-scripts\fixtures\kitchensink\template\src\App.js,125:1,error,indent
create-react-app\packages\react-scripts\fixtures\kitchensink\template\src\App.js,126:1,error,indent
create-react-app\packages\react-scripts\fixtures\kitchensink\template\src\App.js,127:1,error,indent
create-react-app\packages\react-scripts\fixtures\kitchensink\template\src\App.js,128:1,error,indent
create-react-app\packages\react-scripts\fixtures\kitchensink\template\src\App.js,129:1,error,indent
create-react-app\packages\react-scripts\fixtures\kitchensink\template\src\App.js,130:1,error,indent
create-react-app\packages\react-scripts\fixtures\kitchensink\template\src\App.js,131:1,error,indent
create-react-app\packages\react-scripts\fixtures\kitchensink\template\src\App.js,132:1,error,indent
create-react-app\packages\react-scripts\fixtures\kitchensink\template\src\App.js,133:1,error,indent
create-react-app\packages\react-scripts\fixtures\kitchensink\template\src\App.js,134:1,error,indent
create-react-app\packages\react-scripts\fixtures\kitchensink\template\src\App.js,135:1,error,indent
create-react-app\packages\react-scripts\fixtures\kitchensink\template\src\App.js,136:1,error,indent
create-react-app\packages\react-scripts\fixtures\kitchensink\template\src\App.js,137:1,error,indent
create-react-app\packages\react-scripts\fixtures\kitchensink\template\src\App.js,138:1,error,indent
create-react-app\packages\react-scripts\fixtures\kitchensink\template\src\App.js,139:1,error,indent
create-react-app\packages\react-scripts\fixtures\kitchensink\template\src\App.js,140:1,error,indent
create-react-app\packages\react-scripts\fixtures\kitchensink\template\src\App.js,141:1,error,indent
create-react-app\packages\react-scripts\fixtures\kitchensink\template\src\App.js,142:1,error,indent
create-react-app\packages\react-scripts\fixtures\kitchensink\template\src\App.js,143:1,error,indent
create-react-app\packages\react-scripts\fixtures\kitchensink\template\src\App.js,144:1,error,indent
create-react-app\packages\react-scripts\fixtures\kitchensink\template\src\App.js,145:1,error,indent
create-react-app\packages\react-scripts\fixtures\kitchensink\template\src\App.js,146:1,error,indent
create-react-app\packages\react-scripts\fixtures\kitchensink\template\src\App.js,147:1,error,indent
create-react-app\packages\react-scripts\fixtures\kitchensink\template\src\App.js,148:1,error,indent
create-react-app\packages\react-scripts\fixtures\kitchensink\template\src\App.js,149:1,error,indent
create-react-app\packages\react-scripts\fixtures\kitchensink\template\src\App.js,150:1,error,indent
create-react-app\packages\react-scripts\fixtures\kitchensink\template\src\App.js,151:1,error,indent
create-react-app\packages\react-scripts\fixtures\kitchensink\template\src\App.js,152:1,error,indent
create-react-app\packages\react-scripts\fixtures\kitchensink\template\src\App.js,153:1,error,indent
create-react-app\packages\react-scripts\fixtures\kitchensink\template\src\App.js,154:1,error,indent
create-react-app\packages\react-scripts\fixtures\kitchensink\template\src\App.js,155:1,error,indent
create-react-app\packages\react-scripts\fixtures\kitchensink\template\src\App.js,156:1,error,indent
create-react-app\packages\react-scripts\fixtures\kitchensink\template\src\App.js,157:1,error,indent
create-react-app\packages\react-scripts\fixtures\kitchensink\template\src\App.js,158:1,error,indent
create-react-app\packages\react-scripts\fixtures\kitchensink\template\src\App.js,159:1,error,indent
create-react-app\packages\react-scripts\fixtures\kitchensink\template\src\App.js,160:1,error,indent
create-react-app\packages\react-scripts\fixtures\kitchensink\template\src\App.js,161:1,error,indent
create-react-app\packages\react-scripts\fixtures\kitchensink\template\src\App.js,162:1,error,indent
create-react-app\packages\react-scripts\fixtures\kitchensink\template\src\App.js,163:1,error,indent
create-react-app\packages\react-scripts\fixtures\kitchensink\template\src\App.js,164:1,error,indent
create-react-app\packages\react-scripts\fixtures\kitchensink\template\src\App.js,165:1,error,indent
create-react-app\packages\react-scripts\fixtures\kitchensink\template\src\App.js,166:1,error,indent
create-react-app\packages\react-scripts\fixtures\kitchensink\template\src\App.js,167:1,error,indent
create-react-app\packages\react-scripts\fixtures\kitchensink\template\src\App.js,168:1,error,indent
create-react-app\packages\react-scripts\fixtures\kitchensink\template\src\App.js,169:1,error,indent
create-react-app\packages\react-scripts\fixtures\kitchensink\template\src\App.js,170:1,error,indent
create-react-app\packages\react-scripts\fixtures\kitchensink\template\src\App.js,171:1,error,indent
create-react-app\packages\react-scripts\fixtures\kitchensink\template\src\App.js,172:1,error,indent
create-react-app\packages\react-scripts\fixtures\kitchensink\template\src\App.js,173:1,error,indent
create-react-app\packages\react-scripts\fixtures\kitchensink\template\src\App.js,174:1,error,indent
create-react-app\packages\react-scripts\fixtures\kitchensink\template\src\App.js,175:1,error,indent
create-react-app\packages\react-scripts\fixtures\kitchensink\template\src\App.js,176:1,error,indent
create-react-app\packages\react-scripts\fixtures\kitchensink\template\src\App.js,177:1,error,indent
create-react-app\packages\react-scripts\fixtures\kitchensink\template\src\App.js,178:1,error,indent
create-react-app\packages\react-scripts\fixtures\kitchensink\template\src\App.js,179:1,error,indent
create-react-app\packages\react-scripts\fixtures\kitchensink\template\src\App.js,180:1,error,indent
create-react-app\packages\react-scripts\fixtures\kitchensink\template\src\App.js,181:1,error,indent
create-react-app\packages\react-scripts\fixtures\kitchensink\template\src\App.js,182:1,error,indent
create-react-app\packages\react-scripts\fixtures\kitchensink\template\src\App.js,183:1,error,indent
create-react-app\packages\react-scripts\fixtures\kitchensink\template\src\App.js,184:1,error,indent
create-react-app\packages\react-scripts\fixtures\kitchensink\template\src\App.js,185:1,error,indent
create-react-app\packages\react-scripts\fixtures\kitchensink\template\src\App.js,186:1,error,indent
create-react-app\packages\react-scripts\fixtures\kitchensink\template\src\App.js,187:1,error,indent
create-react-app\packages\react-scripts\fixtures\kitchensink\template\src\App.js,188:1,error,indent
create-react-app\packages\react-scripts\fixtures\kitchensink\template\src\App.js,189:1,error,indent
create-react-app\packages\react-scripts\fixtures\kitchensink\template\src\App.js,190:1,error,indent
create-react-app\packages\react-scripts\fixtures\kitchensink\template\src\App.js,191:1,error,indent
create-react-app\packages\react-scripts\fixtures\kitchensink\template\src\App.js,192:1,error,indent
create-react-app\packages\react-scripts\fixtures\kitchensink\template\src\App.js,193:1,error,indent
create-react-app\packages\react-scripts\fixtures\kitchensink\template\src\App.js,194:1,error,indent
create-react-app\packages\react-scripts\fixtures\kitchensink\template\src\App.js,195:1,error,indent
create-react-app\packages\react-scripts\fixtures\kitchensink\template\src\App.js,196:1,error,indent
create-react-app\packages\react-scripts\fixtures\kitchensink\template\src\App.js,197:1,error,indent
create-react-app\packages\react-scripts\fixtures\kitchensink\template\src\App.js,198:1,error,indent
create-react-app\packages\react-scripts\fixtures\kitchensink\template\src\App.js,199:1,error,indent
create-react-app\packages\react-scripts\fixtures\kitchensink\template\src\App.js,200:1,error,indent
create-react-app\packages\react-scripts\fixtures\kitchensink\template\src\App.js,201:1,error,indent
create-react-app\packages\react-scripts\fixtures\kitchensink\template\src\App.js,202:1,error,indent
create-react-app\packages\react-scripts\fixtures\kitchensink\template\src\App.js,203:1,error,indent
create-react-app\packages\react-scripts\fixtures\kitchensink\template\src\App.js,204:1,error,indent
create-react-app\packages\react-scripts\fixtures\kitchensink\template\src\App.js,205:1,error,indent
create-react-app\packages\react-scripts\fixtures\kitchensink\template\src\App.js,206:1,error,indent
create-react-app\packages\react-scripts\fixtures\kitchensink\template\src\App.js,207:1,error,indent
create-react-app\packages\react-scripts\fixtures\kitchensink\template\src\App.js,208:1,error,indent
create-react-app\packages\react-scripts\fixtures\kitchensink\template\src\App.js,209:1,error,indent
create-react-app\packages\react-scripts\fixtures\kitchensink\template\src\App.js,210:1,error,indent
create-react-app\packages\react-scripts\fixtures\kitchensink\template\src\App.js,211:1,error,indent
create-react-app\packages\react-scripts\fixtures\kitchensink\template\src\App.js,212:1,error,indent
create-react-app\packages\react-scripts\fixtures\kitchensink\template\src\App.js,213:1,error,indent
create-react-app\packages\react-scripts\fixtures\kitchensink\template\src\App.js,214:1,error,indent
create-react-app\packages\react-scripts\fixtures\kitchensink\template\src\App.js,215:1,error,indent
create-react-app\packages\react-scripts\fixtures\kitchensink\template\src\App.js,216:1,error,indent
create-react-app\packages\react-scripts\fixtures\kitchensink\template\src\App.js,217:1,error,indent
create-react-app\packages\react-scripts\fixtures\kitchensink\template\src\App.js,218:1,error,indent
create-react-app\packages\react-scripts\fixtures\kitchensink\template\src\App.js,219:1,error,indent
create-react-app\packages\react-scripts\fixtures\kitchensink\template\src\App.js,220:1,error,indent
create-react-app\packages\react-scripts\fixtures\kitchensink\template\src\App.js,221:1,error,indent
create-react-app\packages\react-scripts\fixtures\kitchensink\template\src\App.js,222:1,error,indent
create-react-app\packages\react-scripts\fixtures\kitchensink\template\src\App.js,223:1,error,indent
create-react-app\packages\react-scripts\fixtures\kitchensink\template\src\App.js,224:1,error,indent
create-react-app\packages\react-scripts\fixtures\kitchensink\template\src\App.js,225:1,error,indent
create-react-app\packages\react-scripts\fixtures\kitchensink\template\src\App.js,226:1,error,indent
create-react-app\packages\react-scripts\fixtures\kitchensink\template\src\App.js,227:1,error,indent
create-react-app\packages\react-scripts\fixtures\kitchensink\template\src\App.js,228:1,error,indent
create-react-app\packages\react-scripts\fixtures\kitchensink\template\src\App.js,229:1,error,indent
create-react-app\packages\react-scripts\fixtures\kitchensink\template\src\App.js,230:1,error,indent
create-react-app\packages\react-scripts\fixtures\kitchensink\template\src\App.js,231:1,error,indent
create-react-app\packages\react-scripts\fixtures\kitchensink\template\src\App.js,232:1,error,indent
create-react-app\packages\react-scripts\fixtures\kitchensink\template\src\App.js,233:1,error,indent
create-react-app\packages\react-scripts\fixtures\kitchensink\template\src\App.js,234:1,error,indent
create-react-app\packages\react-scripts\fixtures\kitchensink\template\src\App.js,235:1,error,indent
create-react-app\packages\react-scripts\fixtures\kitchensink\template\src\App.js,236:1,error,indent
create-react-app\packages\react-scripts\fixtures\kitchensink\template\src\App.js,237:1,error,indent
create-react-app\packages\react-scripts\fixtures\kitchensink\template\src\App.js,238:1,error,indent
create-react-app\packages\react-scripts\fixtures\kitchensink\template\src\App.js,239:1,error,indent
create-react-app\packages\react-scripts\fixtures\kitchensink\template\src\App.js,240:1,error,indent
create-react-app\packages\react-scripts\fixtures\kitchensink\template\src\App.js,241:1,error,indent
create-react-app\packages\react-scripts\fixtures\kitchensink\template\src\App.js,242:1,error,indent
create-react-app\packages\react-scripts\fixtures\kitchensink\template\src\App.js,243:1,error,indent
create-react-app\packages\react-scripts\fixtures\kitchensink\template\src\App.js,244:1,error,indent
create-react-app\packages\react-scripts\fixtures\kitchensink\template\src\App.js,245:1,error,indent
create-react-app\packages\react-scripts\fixtures\kitchensink\template\src\App.js,246:1,error,indent
create-react-app\packages\react-scripts\fixtures\kitchensink\template\src\App.js,247:1,error,indent
create-react-app\packages\react-scripts\fixtures\kitchensink\template\src\App.js,248:1,error,indent
create-react-app\packages\react-scripts\fixtures\kitchensink\template\src\App.js,249:1,error,indent
create-react-app\packages\react-scripts\fixtures\kitchensink\template\src\App.js,250:1,error,indent
create-react-app\packages\react-scripts\fixtures\kitchensink\template\src\App.js,251:1,error,indent
create-react-app\packages\react-scripts\fixtures\kitchensink\template\src\App.js,252:1,error,indent
create-react-app\packages\react-scripts\fixtures\kitchensink\template\src\App.js,253:1,error,indent
create-react-app\packages\react-scripts\fixtures\kitchensink\template\src\App.js,254:1,error,indent
create-react-app\packages\react-scripts\fixtures\kitchensink\template\src\App.js,255:1,error,indent
create-react-app\packages\react-scripts\fixtures\kitchensink\template\src\App.js,256:1,error,indent
create-react-app\packages\react-scripts\fixtures\kitchensink\template\src\App.js,257:1,error,indent
create-react-app\packages\react-scripts\fixtures\kitchensink\template\src\App.js,258:1,error,indent
create-react-app\packages\react-scripts\fixtures\kitchensink\template\src\App.js,259:1,error,indent
create-react-app\packages\react-scripts\fixtures\kitchensink\template\src\App.js,260:1,error,indent
create-react-app\packages\react-scripts\fixtures\kitchensink\template\src\features\config\BaseUrl.js,22:3,error,require-await
create-react-app\packages\react-scripts\fixtures\kitchensink\template\src\features\syntax\ArrayDestructuring.js,13:6,error,no-magic-numbers
create-react-app\packages\react-scripts\fixtures\kitchensink\template\src\features\syntax\ArrayDestructuring.js,14:6,error,no-magic-numbers
create-react-app\packages\react-scripts\fixtures\kitchensink\template\src\features\syntax\ArrayDestructuring.js,15:6,error,no-magic-numbers
create-react-app\packages\react-scripts\fixtures\kitchensink\template\src\features\syntax\ArrayDestructuring.js,16:6,error,no-magic-numbers
create-react-app\packages\react-scripts\fixtures\kitchensink\template\src\features\syntax\ArrayDestructuring.js,30:3,error,require-await
create-react-app\packages\react-scripts\fixtures\kitchensink\template\src\features\syntax\ArraySpread.js,30:3,error,require-await
create-react-app\packages\react-scripts\fixtures\kitchensink\template\src\features\syntax\AsyncAwait.js,11:1,error,require-await
create-react-app\packages\react-scripts\fixtures\kitchensink\template\src\features\syntax\ComputedProperties.js,30:3,error,require-await
create-react-app\packages\react-scripts\fixtures\kitchensink\template\src\features\syntax\CustomInterpolation.js,16:49,error,no-magic-numbers
create-react-app\packages\react-scripts\fixtures\kitchensink\template\src\features\syntax\CustomInterpolation.js,16:59,error,no-magic-numbers
create-react-app\packages\react-scripts\fixtures\kitchensink\template\src\features\syntax\CustomInterpolation.js,37:3,error,require-await
create-react-app\packages\react-scripts\fixtures\kitchensink\template\src\features\syntax\DefaultParameters.js,11:20,error,no-magic-numbers
create-react-app\packages\react-scripts\fixtures\kitchensink\template\src\features\syntax\DefaultParameters.js,13:16,error,no-magic-numbers
create-react-app\packages\react-scripts\fixtures\kitchensink\template\src\features\syntax\DefaultParameters.js,14:16,error,no-magic-numbers
create-react-app\packages\react-scripts\fixtures\kitchensink\template\src\features\syntax\DefaultParameters.js,15:16,error,no-magic-numbers
create-react-app\packages\react-scripts\fixtures\kitchensink\template\src\features\syntax\DefaultParameters.js,16:16,error,no-magic-numbers
create-react-app\packages\react-scripts\fixtures\kitchensink\template\src\features\syntax\DefaultParameters.js,30:3,error,require-await
create-react-app\packages\react-scripts\fixtures\kitchensink\template\src\features\syntax\DestructuringAndAwait.js,11:1,error,require-await
create-react-app\packages\react-scripts\fixtures\kitchensink\template\src\features\syntax\Generators.js,31:27,error,no-magic-numbers
create-react-app\packages\react-scripts\fixtures\kitchensink\template\src\features\syntax\NullishCoalescing.js,30:3,error,require-await
create-react-app\packages\react-scripts\fixtures\kitchensink\template\src\features\syntax\ObjectDestructuring.js,30:3,error,require-await
create-react-app\packages\react-scripts\fixtures\kitchensink\template\src\features\syntax\ObjectSpread.js,30:3,error,require-await
create-react-app\packages\react-scripts\fixtures\kitchensink\template\src\features\syntax\OptionalChaining.js,30:3,error,require-await
create-react-app\packages\react-scripts\fixtures\kitchensink\template\src\features\syntax\RestAndDefault.js,13:16,error,no-magic-numbers
create-react-app\packages\react-scripts\fixtures\kitchensink\template\src\features\syntax\RestAndDefault.js,14:16,error,no-magic-numbers
create-react-app\packages\react-scripts\fixtures\kitchensink\template\src\features\syntax\RestAndDefault.js,15:16,error,no-magic-numbers
create-react-app\packages\react-scripts\fixtures\kitchensink\template\src\features\syntax\RestAndDefault.js,30:3,error,require-await
create-react-app\packages\react-scripts\fixtures\kitchensink\template\src\features\syntax\RestParameters.js,11:22,error,no-magic-numbers
create-react-app\packages\react-scripts\fixtures\kitchensink\template\src\features\syntax\RestParameters.js,13:16,error,no-magic-numbers
create-react-app\packages\react-scripts\fixtures\kitchensink\template\src\features\syntax\RestParameters.js,14:16,error,no-magic-numbers
create-react-app\packages\react-scripts\fixtures\kitchensink\template\src\features\syntax\RestParameters.js,15:16,error,no-magic-numbers
create-react-app\packages\react-scripts\fixtures\kitchensink\template\src\features\syntax\RestParameters.js,30:3,error,require-await
create-react-app\packages\react-scripts\fixtures\kitchensink\template\src\features\syntax\TemplateInterpolation.js,30:3,error,require-await
create-react-app\packages\react-scripts\fixtures\kitchensink\template\src\features\webpack\NoExtInclusion.js,12:43,error,no-magic-numbers
create-react-app\packages\react-scripts\fixtures\kitchensink\template\src\features\webpack\SvgComponent.test.js,24:37,error,no-magic-numbers
create-react-app\packages\react-scripts\fixtures\kitchensink\template\src\features\webpack\SvgComponent.test.js,25:23,error,no-magic-numbers
create-react-app\packages\react-scripts\fixtures\kitchensink\template\src\features\webpack\UnknownExtInclusion.js,12:47,error,no-magic-numbers
create-react-app\packages\react-scripts\lib\react-app.d.ts,5:19,error,no-unused-vars
create-react-app\packages\react-scripts\lib\react-app.d.ts,6:13,error,no-unused-vars
create-react-app\packages\react-scripts\scripts\build.js,9:1,error,strict
create-react-app\packages\react-scripts\scripts\build.js,44:37,error,no-magic-numbers
create-react-app\packages\react-scripts\scripts\build.js,44:43,error,no-magic-numbers
create-react-app\packages\react-scripts\scripts\build.js,45:36,error,no-magic-numbers
create-react-app\packages\react-scripts\scripts\build.js,45:43,error,no-magic-numbers
create-react-app\packages\react-scripts\scripts\build.js,51:16,error,no-magic-numbers
create-react-app\packages\react-scripts\scripts\build.js,54:33,error,no-magic-numbers
create-react-app\packages\react-scripts\scripts\build.js,55:52,error,no-magic-numbers
create-react-app\packages\react-scripts\scripts\build.js,84:11,error,prefer-template
create-react-app\packages\react-scripts\scripts\build.js,89:11,error,prefer-template
create-react-app\packages\react-scripts\scripts\build.js,131:22,error,no-magic-numbers
create-react-app\packages\react-scripts\scripts\build.js,139:18,error,no-magic-numbers
create-react-app\packages\react-scripts\scripts\build.js,148:18,error,max-statements
create-react-app\packages\react-scripts\scripts\build.js,148:18,error,complexity
create-react-app\packages\react-scripts\scripts\build.js,160:13,error,prefer-template
create-react-app\packages\react-scripts\scripts\build.js,176:38,error,no-magic-numbers
create-react-app\packages\react-scripts\scripts\build.js,210:18,error,prefer-template
create-react-app\packages\react-scripts\scripts\eject.js,8:1,error,strict
create-react-app\packages\react-scripts\scripts\eject.js,70:9,error,max-statements
create-react-app\packages\react-scripts\scripts\eject.js,70:9,error,complexity
create-react-app\packages\react-scripts\scripts\eject.js,79:7,error,prefer-template
create-react-app\packages\react-scripts\scripts\eject.js,85:43,error,no-magic-numbers
create-react-app\packages\react-scripts\scripts\eject.js,92:18,error,no-magic-numbers
create-react-app\packages\react-scripts\scripts\eject.js,108:20,error,no-magic-numbers
create-react-app\packages\react-scripts\scripts\eject.js,157:7,error,prefer-template
create-react-app\packages\react-scripts\scripts\eject.js,216:32,error,prefer-template
create-react-app\packages\react-scripts\scripts\eject.js,254:38,error,no-magic-numbers
create-react-app\packages\react-scripts\scripts\eject.js,286:36,error,no-magic-numbers
create-react-app\packages\react-scripts\scripts\init.js,8:1,error,strict
create-react-app\packages\react-scripts\scripts\init.js,84:18,error,max-statements
create-react-app\packages\react-scripts\scripts\init.js,84:18,error,complexity
create-react-app\packages\react-scripts\scripts\init.js,221:38,error,no-magic-numbers
create-react-app\packages\react-scripts\scripts\init.js,321:72,error,no-magic-numbers
create-react-app\packages\react-scripts\scripts\init.js,326:25,error,no-magic-numbers
create-react-app\packages\react-scripts\scripts\init.js,344:23,error,no-magic-numbers
create-react-app\packages\react-scripts\scripts\start.js,9:1,error,strict
create-react-app\packages\react-scripts\scripts\start.js,45:62,error,no-magic-numbers
create-react-app\packages\react-scripts\scripts\start.js,45:65,error,no-magic-numbers
create-react-app\packages\react-scripts\scripts\start.js,51:16,error,no-magic-numbers
create-react-app\packages\react-scripts\scripts\start.js,55:56,error,no-magic-numbers
create-react-app\packages\react-scripts\scripts\start.js,99:35,error,no-magic-numbers
create-react-app\packages\react-scripts\scripts\start.js,99:38,error,no-magic-numbers
create-react-app\packages\react-scripts\scripts\start.js,161:18,error,no-magic-numbers
create-react-app\packages\react-scripts\scripts\test.js,9:1,error,strict
create-react-app\packages\react-scripts\scripts\test.js,28:31,error,no-magic-numbers
create-react-app\packages\react-scripts\scripts\test.js,51:34,error,no-magic-numbers
create-react-app\packages\react-scripts\scripts\test.js,52:40,error,no-magic-numbers
create-react-app\packages\react-scripts\scripts\test.js,106:41,error,no-magic-numbers
create-react-app\packages\react-scripts\scripts\test.js,111:24,error,no-magic-numbers
create-react-app\packages\react-scripts\scripts\utils\createJestConfig.js,8:1,error,strict
create-react-app\packages\react-scripts\scripts\utils\createJestConfig.js,15:18,error,complexity
create-react-app\packages\react-scripts\scripts\utils\createJestConfig.js,20:45,error,no-magic-numbers
create-react-app\packages\react-scripts\scripts\utils\createJestConfig.js,111:57,error,no-magic-numbers
create-react-app\packages\react-scripts\scripts\utils\createJestConfig.js,116:13,error,prefer-template
create-react-app\packages\react-scripts\scripts\utils\createJestConfig.js,127:13,error,prefer-template
create-react-app\packages\react-scripts\scripts\utils\createJestConfig.js,130:40,error,prefer-template
create-react-app\packages\react-scripts\scripts\utils\createJestConfig.js,136:40,error,prefer-template
create-react-app\packages\react-scripts\scripts\utils\createJestConfig.js,148:20,error,no-magic-numbers
create-react-app\packages\react-scripts\scripts\utils\verifyTypeScriptSetup.js,9:1,error,strict
create-react-app\packages\react-scripts\scripts\utils\verifyTypeScriptSetup.js,37:34,error,no-magic-numbers
create-react-app\packages\react-scripts\scripts\utils\verifyTypeScriptSetup.js,46:32,error,no-magic-numbers
create-react-app\packages\react-scripts\scripts\utils\verifyTypeScriptSetup.js,50:44,error,no-magic-numbers
create-react-app\packages\react-scripts\scripts\utils\verifyTypeScriptSetup.js,60:1,error,max-statements
create-react-app\packages\react-scripts\scripts\utils\verifyTypeScriptSetup.js,60:1,error,complexity
create-react-app\packages\react-scripts\scripts\utils\verifyTypeScriptSetup.js,100:9,error,prefer-template
create-react-app\packages\react-scripts\scripts\utils\verifyTypeScriptSetup.js,107:9,error,prefer-template
create-react-app\packages\react-scripts\scripts\utils\verifyTypeScriptSetup.js,113:18,error,no-magic-numbers
create-react-app\packages\react-scripts\scripts\utils\verifyTypeScriptSetup.js,198:43,error,no-magic-numbers
create-react-app\packages\react-scripts\scripts\utils\verifyTypeScriptSetup.js,208:11,error,prefer-template
create-react-app\packages\react-scripts\scripts\utils\verifyTypeScriptSetup.js,215:18,error,no-magic-numbers
create-react-app\packages\react-scripts\scripts\utils\verifyTypeScriptSetup.js,227:38,error,prefer-template
create-react-app\packages\react-scripts\scripts\utils\verifyTypeScriptSetup.js,245:9,error,prefer-template
create-react-app\packages\react-scripts\scripts\utils\verifyTypeScriptSetup.js,263:25,error,no-magic-numbers
create-react-app\packages\react-scripts\scripts\utils\verifyTypeScriptSetup.js,282:22,error,prefer-template
create-react-app\tasks\cra.js,9:1,error,strict
create-react-app\tasks\cra.js,34:16,error,no-magic-numbers
create-react-app\tasks\cra.js,58:16,error,no-magic-numbers
create-react-app\tasks\cra.js,76:38,error,prefer-template
create-react-app\tasks\cra.js,79:41,error,prefer-template
create-react-app\tasks\cra.js,83:9,error,prefer-template
create-react-app\tasks\cra.js,87:9,error,prefer-template
create-react-app\tasks\cra.js,91:60,error,no-magic-numbers
create-react-app\tasks\cra.js,93:5,error,prefer-template
create-react-app\tasks\cra.js,107:33,error,no-magic-numbers
create-react-app\tasks\screencast-start.js,10:1,error,strict
create-react-app\tasks\screencast-start.js,22:54,error,no-magic-numbers
create-react-app\tasks\screencast-start.js,32:26,error,no-magic-numbers
create-react-app\tasks\screencast-start.js,36:29,error,no-magic-numbers
create-react-app\tasks\screencast-start.js,37:20,error,no-magic-numbers
create-react-app\tasks\screencast-start.js,42:22,error,no-magic-numbers
create-react-app\tasks\screencast.js,10:1,error,strict
create-react-app\tasks\screencast.js,19:1,error,max-statements
create-react-app\tasks\screencast.js,27:69,error,no-magic-numbers
create-react-app\tasks\screencast.js,28:66,error,no-magic-numbers
create-react-app\tasks\screencast.js,30:51,error,no-magic-numbers
create-react-app\tasks\screencast.js,63:14,error,no-magic-numbers
create-react-app\tasks\screencast.js,63:27,error,no-magic-numbers
create-react-app\tasks\screencast.js,67:22,error,no-magic-numbers
create-react-app\tasks\screencast.js,67:35,error,no-magic-numbers
create-react-app\tasks\screencast.js,72:38,error,no-magic-numbers
create-react-app\tasks\screencast.js,72:49,error,no-magic-numbers
create-react-app\test\fixtures\__shared__\test-setup.js,1:1,error,strict
create-react-app\test\fixtures\__shared__\test-setup.js,16:4,error,no-magic-numbers
create-react-app\test\fixtures\__shared__\test-setup.js,16:11,error,no-magic-numbers
create-react-app\test\fixtures\__shared__\test-setup.js,16:16,error,no-magic-numbers
create-react-app\test\fixtures\__shared__\test-setup.js,21:34,error,no-magic-numbers
create-react-app\test\fixtures\__shared__\test-setup.js,21:41,error,no-magic-numbers
create-react-app\test\fixtures\__shared__\test-setup.js,21:46,error,no-magic-numbers
create-react-app\test\fixtures\__shared__\util\scripts.js,1:1,error,strict
create-react-app\test\fixtures\__shared__\util\scripts.js,22:55,error,no-magic-numbers
create-react-app\test\fixtures\__shared__\util\scripts.js,48:14,error,no-return-await
create-react-app\test\fixtures\__shared__\util\scripts.js,61:12,error,no-return-await
create-react-app\test\fixtures\__shared__\util\scripts.js,86:12,error,no-return-await
create-react-app\test\fixtures\__shared__\util\setup.js,1:1,error,strict
create-react-app\test\fixtures\boostrap-sass\index.test.js,1:1,error,strict
create-react-app\test\fixtures\builds-with-multiple-runtimes\index.test.js,1:1,error,strict
create-react-app\test\fixtures\global-scss-asset-resolution\index.test.js,1:1,error,strict
create-react-app\test\fixtures\issue-5176-flow-class-properties\index.test.js,1:1,error,strict
create-react-app\test\fixtures\issue-5176-flow-class-properties\src\App.js,5:12,error,initializer
create-react-app\test\fixtures\issue-5947-not-typescript\index.test.js,1:1,error,strict
create-react-app\test\fixtures\issue-5947-not-typescript\index.test.js,27:49,error,no-magic-numbers
create-react-app\test\fixtures\issue-5947-not-typescript\index.test.js,27:52,error,no-magic-numbers
create-react-app\test\fixtures\issue-5947-not-typescript\index.test.js,28:49,error,no-magic-numbers
create-react-app\test\fixtures\issue-5947-not-typescript\index.test.js,28:52,error,no-magic-numbers
create-react-app\test\fixtures\issue-5947-not-typescript\index.test.js,29:49,error,no-magic-numbers
create-react-app\test\fixtures\issue-5947-not-typescript\index.test.js,29:52,error,no-magic-numbers
create-react-app\test\fixtures\issue-5947-not-typescript\index.test.js,36:46,error,no-magic-numbers
create-react-app\test\fixtures\issue-5947-not-typescript\index.test.js,36:49,error,no-magic-numbers
create-react-app\test\fixtures\jsconfig\index.test.js,1:1,error,strict
create-react-app\test\fixtures\jsconfig\src\App.js,23:3,error,require-await
create-react-app\test\fixtures\mjs-support\index.test.js,1:1,error,strict
create-react-app\test\fixtures\relative-paths\index.test.js,1:1,error,strict
create-react-app\test\fixtures\typescript-advanced\index.test.js,1:1,error,strict
create-react-app\test\fixtures\typescript-advanced\src\App.test.ts,6:31,error,no-magic-numbers
create-react-app\test\fixtures\typescript-advanced\src\App.test.ts,7:22,error,no-magic-numbers
create-react-app\test\fixtures\typescript-typecheck\index.test.js,1:1,error,strict
create-react-app\test\fixtures\typescript-typecheck\src\App.tsx,5:25,error,no-magic-numbers
create-react-app\test\fixtures\typescript\index.test.js,1:1,error,strict
create-react-app\test\fixtures\typescript\src\App.test.ts,6:31,error,no-magic-numbers
create-react-app\test\fixtures\typescript\src\App.test.ts,7:22,error,no-magic-numbers
create-react-app\test\fixtures\typescript\src\App.test.ts,14:30,error,no-magic-numbers
create-react-app\test\fixtures\typescript\src\App.ts,16:1,error,indent
create-react-app\test\fixtures\typescript\src\App.ts,16:15,error,no-magic-numbers
create-react-app\test\fixtures\typescript\src\App.ts,25:13,error,no-magic-numbers
create-react-app\test\fixtures\typescript\src\App.ts,26:12,error,no-magic-numbers
create-react-app\test\fixtures\typescript\src\App.ts,30:19,error,no-unused-vars
create-react-app\test\fixtures\typescript\src\App.ts,31:13,error,no-unused-vars
create-react-app\test\fixtures\webpack-message-formatting\index.test.js,1:1,error,strict
create-react-app\test\fixtures\webpack-message-formatting\index.test.js,79:21,error,no-magic-numbers
create-react-app\test\fixtures\webpack-message-formatting\index.test.js,80:31,error,no-magic-numbers
create-react-app\test\fixtures\webpack-message-formatting\src\AppBabel.js,7:9,error,tag
create-react-app\test\fixtures\webpack-message-formatting\src\AppLintError.js,3:10,error,no-unused-vars
create-react-app\test\fixtures\webpack-message-formatting\src\AppLintError.js,4:9,error,no-unused-vars
create-react-app\test\fixtures\webpack-message-formatting\src\AppLintError.js,4:13,error,no-undef
create-react-app\test\fixtures\webpack-message-formatting\src\AppLintWarning.js,3:10,error,no-unused-vars
create-react-app\test\fixtures\webpack-message-formatting\src\AppUnknownFile.js,2:8,error,no-unused-vars
create-react-app\test\fixtures\webpack-message-formatting\src\Export5.js,1:16,error,no-magic-numbers
create-react-app\test\integration\create-react-app\index.test.js,1:1,error,strict
create-react-app\test\integration\create-react-app\index.test.js,11:17,error,no-magic-numbers
create-react-app\test\integration\create-react-app\index.test.js,11:24,error,no-magic-numbers
create-react-app\test\integration\create-react-app\index.test.js,11:66,error,no-magic-numbers
create-react-app\test\integration\create-react-app\index.test.js,11:71,error,no-magic-numbers
create-react-app\test\integration\create-react-app\index.test.js,37:32,error,no-promise-executor-return
create-react-app\test\integration\create-react-app\index.test.js,37:52,error,no-magic-numbers
create-react-app\test\integration\create-react-app\index.test.js,70:27,error,no-magic-numbers
create-react-app\test\integration\create-react-app\index.test.js,77:27,error,no-magic-numbers
create-react-app\test\integration\create-react-app\index.test.js,86:27,error,no-magic-numbers
create-react-app\test\integration\create-react-app\index.test.js,106:27,error,no-magic-numbers
create-react-app\test\integration\create-react-app\index.test.js,125:27,error,no-magic-numbers
create-react-app\test\integration\create-react-app\index.test.js,138:27,error,no-magic-numbers
create-react-app\test\integration\create-react-app\index.test.js,157:27,error,no-magic-numbers
create-react-app\test\jest.config.js,1:1,error,strict
