directory_file_name,line_number,error_type,error_description
treeherder-master\docker\statsd_config.js,3:14,error,expected
treeherder-master\tests\ui\helpers\display_test.js,3:1,error,no-undef
treeherder-master\tests\ui\helpers\display_test.js,12:3,error,no-undef
treeherder-master\tests\ui\helpers\display_test.js,14:7,error,no-undef
treeherder-master\tests\ui\helpers\gzip_test.js,5:1,error,no-undef
treeherder-master\tests\ui\helpers\gzip_test.js,6:3,error,no-undef
treeherder-master\tests\ui\helpers\gzip_test.js,10:5,error,no-undef
treeherder-master\tests\ui\helpers\helpers_test.js,46:12,error,no-magic-numbers
treeherder-master\tests\ui\helpers\helpers_test.js,46:20,error,no-magic-numbers
treeherder-master\tests\ui\helpers\helpers_test.js,46:28,error,no-magic-numbers
treeherder-master\tests\ui\helpers\helpers_test.js,46:36,error,no-magic-numbers
treeherder-master\tests\ui\helpers\helpers_test.js,46:44,error,no-magic-numbers
treeherder-master\tests\ui\helpers\helpers_test.js,49:13,error,no-magic-numbers
treeherder-master\tests\ui\helpers\helpers_test.js,49:24,error,no-magic-numbers
treeherder-master\tests\ui\helpers\helpers_test.js,49:35,error,no-magic-numbers
treeherder-master\tests\ui\helpers\helpers_test.js,49:46,error,no-magic-numbers
treeherder-master\tests\ui\helpers\helpers_test.js,49:57,error,no-magic-numbers
treeherder-master\tests\ui\helpers\helpers_test.js,63:13,error,no-magic-numbers
treeherder-master\tests\ui\helpers\helpers_test.js,63:24,error,no-magic-numbers
treeherder-master\tests\ui\helpers\helpers_test.js,63:35,error,no-magic-numbers
treeherder-master\tests\ui\helpers\helpers_test.js,63:46,error,no-magic-numbers
treeherder-master\tests\ui\helpers\helpers_test.js,63:57,error,no-magic-numbers
treeherder-master\tests\ui\helpers\helpers_test.js,76:12,error,no-magic-numbers
treeherder-master\tests\ui\helpers\helpers_test.js,76:20,error,no-magic-numbers
treeherder-master\tests\ui\helpers\helpers_test.js,76:28,error,no-magic-numbers
treeherder-master\tests\ui\helpers\helpers_test.js,76:36,error,no-magic-numbers
treeherder-master\tests\ui\helpers\helpers_test.js,76:44,error,no-magic-numbers
treeherder-master\tests\ui\helpers\helpers_test.js,88:1,error,no-undef
treeherder-master\tests\ui\helpers\helpers_test.js,89:3,error,no-undef
treeherder-master\tests\ui\helpers\helpers_test.js,90:5,error,no-undef
treeherder-master\tests\ui\helpers\helpers_test.js,96:1,error,no-undef
treeherder-master\tests\ui\helpers\helpers_test.js,97:3,error,no-undef
treeherder-master\tests\ui\helpers\helpers_test.js,98:5,error,no-undef
treeherder-master\tests\ui\helpers\helpers_test.js,99:5,error,no-undef
treeherder-master\tests\ui\helpers\helpers_test.js,100:5,error,no-undef
treeherder-master\tests\ui\helpers\helpers_test.js,100:26,error,no-magic-numbers
treeherder-master\tests\ui\helpers\helpers_test.js,100:30,error,no-magic-numbers
treeherder-master\tests\ui\helpers\helpers_test.js,101:5,error,no-undef
treeherder-master\tests\ui\helpers\helpers_test.js,105:1,error,no-undef
treeherder-master\tests\ui\helpers\helpers_test.js,105:61,error,require-await
treeherder-master\tests\ui\helpers\helpers_test.js,107:3,error,no-undef
treeherder-master\tests\ui\helpers\helpers_test.js,112:1,error,no-undef
treeherder-master\tests\ui\helpers\helpers_test.js,112:56,error,require-await
treeherder-master\tests\ui\helpers\helpers_test.js,114:3,error,no-undef
treeherder-master\tests\ui\helpers\helpers_test.js,119:1,error,no-undef
treeherder-master\tests\ui\helpers\helpers_test.js,119:58,error,require-await
treeherder-master\tests\ui\helpers\helpers_test.js,121:3,error,no-undef
treeherder-master\tests\ui\helpers\helpers_test.js,126:1,error,no-undef
treeherder-master\tests\ui\helpers\helpers_test.js,126:67,error,require-await
treeherder-master\tests\ui\helpers\helpers_test.js,130:3,error,no-undef
treeherder-master\tests\ui\helpers\helpers_test.js,135:1,error,no-undef
treeherder-master\tests\ui\helpers\helpers_test.js,135:65,error,require-await
treeherder-master\tests\ui\helpers\helpers_test.js,137:3,error,no-undef
treeherder-master\tests\ui\helpers\helpers_test.js,142:1,error,no-undef
treeherder-master\tests\ui\helpers\helpers_test.js,142:82,error,require-await
treeherder-master\tests\ui\helpers\helpers_test.js,146:3,error,no-undef
treeherder-master\tests\ui\helpers\helpers_test.js,151:1,error,no-undef
treeherder-master\tests\ui\helpers\helpers_test.js,151:53,error,require-await
treeherder-master\tests\ui\helpers\helpers_test.js,153:3,error,no-undef
treeherder-master\tests\ui\helpers\helpers_test.js,158:1,error,no-undef
treeherder-master\tests\ui\helpers\helpers_test.js,159:3,error,no-undef
treeherder-master\tests\ui\helpers\helpers_test.js,162:3,error,no-undef
treeherder-master\tests\ui\helpers\taskcluster_test.js,3:1,error,no-undef
treeherder-master\tests\ui\helpers\taskcluster_test.js,6:3,error,no-undef
treeherder-master\tests\ui\helpers\taskcluster_test.js,9:5,error,no-undef
treeherder-master\tests\ui\helpers\taskcluster_test.js,12:3,error,no-undef
treeherder-master\tests\ui\helpers\taskcluster_test.js,15:5,error,no-undef
treeherder-master\tests\ui\models\browsertime_alerts_extra_data_test.js,23:1,error,no-undef
treeherder-master\tests\ui\models\browsertime_alerts_extra_data_test.js,24:3,error,no-undef
treeherder-master\tests\ui\models\browsertime_alerts_extra_data_test.js,28:3,error,no-undef
treeherder-master\tests\ui\models\browsertime_alerts_extra_data_test.js,29:5,error,no-undef
treeherder-master\tests\ui\models\browsertime_alerts_extra_data_test.js,54:5,error,no-undef
treeherder-master\tests\ui\models\browsertime_alerts_extra_data_test.js,73:9,error,no-undef
treeherder-master\tests\ui\models\browsertime_alerts_extra_data_test.js,74:9,error,no-undef
treeherder-master\tests\ui\models\browsertime_alerts_extra_data_test.js,78:5,error,no-undef
treeherder-master\tests\ui\models\browsertime_alerts_extra_data_test.js,94:9,error,no-undef
treeherder-master\tests\ui\models\browsertime_alerts_extra_data_test.js,95:9,error,no-undef
treeherder-master\tests\ui\models\browsertime_alerts_extra_data_test.js,100:3,error,no-undef
treeherder-master\tests\ui\models\browsertime_alerts_extra_data_test.js,101:5,error,no-undef
treeherder-master\tests\ui\models\browsertime_alerts_extra_data_test.js,122:5,error,no-undef
treeherder-master\tests\ui\models\browsertime_alerts_extra_data_test.js,135:9,error,no-undef
treeherder-master\tests\ui\models\browsertime_alerts_extra_data_test.js,136:9,error,no-undef
treeherder-master\tests\ui\models\browsertime_alerts_extra_data_test.js,146:3,error,no-undef
treeherder-master\tests\ui\models\browsertime_alerts_extra_data_test.js,147:5,error,no-undef
treeherder-master\tests\ui\models\browsertime_alerts_extra_data_test.js,157:7,error,no-undef
treeherder-master\tests\ui\models\browsertime_alerts_extra_data_test.js,162:9,error,no-undef
treeherder-master\tests\ui\models\browsertime_alerts_extra_data_test.js,163:9,error,no-undef
treeherder-master\tests\ui\models\browsertime_alerts_extra_data_test.js,167:5,error,no-undef
treeherder-master\tests\ui\models\browsertime_alerts_extra_data_test.js,177:7,error,no-undef
treeherder-master\tests\ui\models\browsertime_alerts_extra_data_test.js,182:9,error,no-undef
treeherder-master\tests\ui\models\browsertime_alerts_extra_data_test.js,183:9,error,no-undef
treeherder-master\tests\ui\models\browsertime_alerts_extra_data_test.js,188:3,error,no-undef
treeherder-master\tests\ui\models\browsertime_alerts_extra_data_test.js,189:5,error,no-undef
treeherder-master\tests\ui\models\browsertime_alerts_extra_data_test.js,196:5,error,no-undef
treeherder-master\tests\ui\models\browsertime_alerts_extra_data_test.js,206:7,error,no-undef
treeherder-master\tests\ui\models\browsertime_alerts_extra_data_test.js,213:9,error,no-undef
treeherder-master\tests\ui\models\browsertime_alerts_extra_data_test.js,214:9,error,no-undef
treeherder-master\tests\ui\models\filter_test.js,10:1,error,no-undef
treeherder-master\tests\ui\models\filter_test.js,13:3,error,no-undef
treeherder-master\tests\ui\models\filter_test.js,17:3,error,no-undef
treeherder-master\tests\ui\models\filter_test.js,18:5,error,no-undef
treeherder-master\tests\ui\models\filter_test.js,22:7,error,no-undef
treeherder-master\tests\ui\models\filter_test.js,40:5,error,no-undef
treeherder-master\tests\ui\models\filter_test.js,48:7,error,no-undef
treeherder-master\tests\ui\models\filter_test.js,63:5,error,no-undef
treeherder-master\tests\ui\models\filter_test.js,71:7,error,no-undef
treeherder-master\tests\ui\models\filter_test.js,97:5,error,no-undef
treeherder-master\tests\ui\models\filter_test.js,101:7,error,no-undef
treeherder-master\tests\ui\models\filter_test.js,121:3,error,no-undef
treeherder-master\tests\ui\models\filter_test.js,122:5,error,no-undef
treeherder-master\tests\ui\models\filter_test.js,128:7,error,no-undef
treeherder-master\tests\ui\models\filter_test.js,150:5,error,no-undef
treeherder-master\tests\ui\models\filter_test.js,154:7,error,no-undef
treeherder-master\tests\ui\models\jobs_test.js,11:1,error,no-undef
treeherder-master\tests\ui\models\jobs_test.js,12:3,error,no-undef
treeherder-master\tests\ui\models\jobs_test.js,16:3,error,no-undef
treeherder-master\tests\ui\models\jobs_test.js,28:3,error,no-undef
treeherder-master\tests\ui\models\jobs_test.js,31:5,error,no-undef
treeherder-master\tests\ui\models\jobs_test.js,31:31,error,no-magic-numbers
treeherder-master\tests\ui\models\jobs_test.js,34:3,error,no-undef
treeherder-master\tests\ui\models\jobs_test.js,40:5,error,no-undef
treeherder-master\tests\ui\models\jobs_test.js,40:31,error,no-magic-numbers
treeherder-master\tests\ui\models\jobs_test.js,41:5,error,no-undef
treeherder-master\tests\ui\models\jobs_test.js,41:17,error,no-magic-numbers
treeherder-master\tests\ui\models\jobs_test.js,41:29,error,no-magic-numbers
treeherder-master\tests\ui\models\jobs_test.js,45:1,error,no-undef
treeherder-master\tests\ui\models\jobs_test.js,46:3,error,no-undef
treeherder-master\tests\ui\models\jobs_test.js,65:36,error,no-magic-numbers
treeherder-master\tests\ui\models\jobs_test.js,76:3,error,no-undef
treeherder-master\tests\ui\models\jobs_test.js,98:3,error,no-undef
treeherder-master\tests\ui\models\jobs_test.js,100:60,error,no-magic-numbers
treeherder-master\tests\ui\models\jobs_test.js,102:5,error,no-undef
treeherder-master\tests\ui\models\jobs_test.js,103:5,error,no-undef
treeherder-master\tests\ui\models\jobs_test.js,106:3,error,no-undef
treeherder-master\tests\ui\models\jobs_test.js,111:7,error,no-magic-numbers
treeherder-master\tests\ui\models\jobs_test.js,117:5,error,no-undef
treeherder-master\tests\ui\models\jobs_test.js,118:5,error,no-undef
treeherder-master\tests\ui\models\jobs_test.js,119:5,error,no-undef
treeherder-master\tests\ui\models\jobs_test.js,122:3,error,no-undef
treeherder-master\tests\ui\models\jobs_test.js,123:61,error,no-magic-numbers
treeherder-master\tests\ui\models\jobs_test.js,126:5,error,no-undef
treeherder-master\tests\ui\models\jobs_test.js,127:5,error,no-undef
treeherder-master\tests\ui\models\jobs_test.js,128:5,error,no-undef
treeherder-master\tests\ui\models\jobs_test.js,131:3,error,no-undef
treeherder-master\tests\ui\models\jobs_test.js,140:5,error,no-undef
treeherder-master\tests\ui\models\jobs_test.js,141:5,error,no-undef
treeherder-master\tests\ui\models\jobs_test.js,142:5,error,no-undef
treeherder-master\tests\ui\models\jobs_test.js,145:3,error,no-undef
treeherder-master\tests\ui\models\jobs_test.js,148:5,error,no-undef
treeherder-master\tests\ui\models\jobs_test.js,149:5,error,no-undef
treeherder-master\tests\ui\models\jobs_test.js,150:5,error,no-undef
treeherder-master\tests\ui\models\jobs_test.js,153:3,error,no-undef
treeherder-master\tests\ui\models\jobs_test.js,156:30,error,no-magic-numbers
treeherder-master\tests\ui\models\jobs_test.js,158:5,error,no-undef
treeherder-master\tests\ui\models\jobs_test.js,159:5,error,no-undef
treeherder-master\tests\ui\models\jobs_test.js,160:5,error,no-undef
treeherder-master\tests\ui\models\jobs_test.js,163:3,error,no-undef
treeherder-master\tests\ui\models\jobs_test.js,164:30,error,no-magic-numbers
treeherder-master\tests\ui\models\jobs_test.js,166:5,error,no-undef
treeherder-master\tests\ui\models\jobs_test.js,167:5,error,no-undef
treeherder-master\tests\ui\models\jobs_test.js,168:5,error,no-undef
treeherder-master\tests\ui\models\push_test.js,6:1,error,no-undef
treeherder-master\tests\ui\models\push_test.js,7:3,error,no-undef
treeherder-master\tests\ui\models\push_test.js,11:3,error,no-undef
treeherder-master\tests\ui\models\push_test.js,16:5,error,no-undef
treeherder-master\tests\ui\models\push_test.js,22:5,error,no-undef
treeherder-master\tests\ui\models\push_test.js,24:9,error,no-magic-numbers
treeherder-master\tests\ui\models\push_test.js,28:7,error,no-undef
treeherder-master\tests\ui\models\push_test.js,32:7,error,no-undef
treeherder-master\tests\ui\models\push_test.js,32:61,error,no-magic-numbers
treeherder-master\tests\ui\models\push_test.js,34:41,error,no-magic-numbers
treeherder-master\tests\ui\models\push_test.js,36:7,error,no-undef
treeherder-master\tests\ui\models\push_test.js,36:61,error,no-magic-numbers
treeherder-master\tests\ui\models\push_test.js,39:5,error,no-undef
treeherder-master\tests\ui\models\push_test.js,41:10,error,no-magic-numbers
treeherder-master\tests\ui\models\push_test.js,45:7,error,no-undef
treeherder-master\tests\ui\perfherder\perfdocs_test.js,7:1,error,no-undef
treeherder-master\tests\ui\perfherder\perfdocs_test.js,14:3,error,no-undef
treeherder-master\tests\ui\perfherder\perfdocs_test.js,17:3,error,no-undef
treeherder-master\tests\ui\perfherder\perfdocs_test.js,18:3,error,no-undef
treeherder-master\tests\ui\perfherder\perfdocs_test.js,19:3,error,no-undef
treeherder-master\tests\ui\perfherder\perfdocs_test.js,20:3,error,no-undef
treeherder-master\tests\ui\perfherder\perfdocs_test.js,21:3,error,no-undef
treeherder-master\tests\ui\perfherder\perfdocs_test.js,22:3,error,no-undef
treeherder-master\tests\ui\perfherder\perfdocs_test.js,25:1,error,no-undef
treeherder-master\tests\ui\perfherder\perfdocs_test.js,32:3,error,no-undef
treeherder-master\tests\ui\perfherder\perfdocs_test.js,35:3,error,no-undef
treeherder-master\tests\ui\perfherder\perfdocs_test.js,36:3,error,no-undef
treeherder-master\tests\ui\perfherder\perfdocs_test.js,37:3,error,no-undef
treeherder-master\tests\ui\perfherder\perfdocs_test.js,38:3,error,no-undef
treeherder-master\tests\ui\perfherder\perfdocs_test.js,39:3,error,no-undef
treeherder-master\tests\ui\perfherder\perfdocs_test.js,40:3,error,no-undef
treeherder-master\tests\ui\perfherder\perfdocs_test.js,43:1,error,no-undef
treeherder-master\tests\ui\perfherder\perfdocs_test.js,48:3,error,no-undef
treeherder-master\tests\ui\perfherder\perfdocs_test.js,53:1,error,no-undef
treeherder-master\tests\ui\perfherder\perfdocs_test.js,59:3,error,no-undef
treeherder-master\tests\ui\perfherder\perfdocs_test.js,64:1,error,no-undef
treeherder-master\tests\ui\perfherder\perfdocs_test.js,69:3,error,no-undef
treeherder-master\tests\ui\perfherder\perfdocs_test.js,74:1,error,no-undef
treeherder-master\tests\ui\perfherder\perfdocs_test.js,79:3,error,no-undef
treeherder-master\tests\ui\perfherder\perfdocs_test.js,82:1,error,no-undef
treeherder-master\tests\ui\perfherder\perfdocs_test.js,87:3,error,no-undef
treeherder-master\tests\ui\perfherder\perfdocs_test.js,90:1,error,no-undef
treeherder-master\tests\ui\perfherder\perfdocs_test.js,92:41,error,no-magic-numbers
treeherder-master\tests\ui\perfherder\perfdocs_test.js,95:3,error,no-undef
treeherder-master\tests\ui\perfherder\perfdocs_test.js,98:1,error,no-undef
treeherder-master\tests\ui\perfherder\perfdocs_test.js,100:44,error,no-magic-numbers
treeherder-master\tests\ui\perfherder\perfdocs_test.js,103:3,error,no-undef
treeherder-master\tests\ui\test-setup.js,4:22,error,no-undef
treeherder-master\tests\ui\test-setup.js,7:18,error,no-undef
treeherder-master\tests\ui\test-setup.js,14:17,error,no-undef
treeherder-master\tests\ui\test-setup.js,16:17,error,no-undef
treeherder-master\tests\ui\test-setup.js,23:1,error,no-undef
treeherder-master\tests\ui\test-setup.js,25:12,error,no-undef
treeherder-master\tests\ui\test-setup.js,34:13,error,no-undef
treeherder-master\ui\helpers\auth.js,10:19,error,no-undef
treeherder-master\ui\helpers\auth.js,10:48,error,no-undef
treeherder-master\ui\helpers\auth.js,61:74,error,no-magic-numbers
treeherder-master\ui\helpers\display.js,30:31,error,no-magic-numbers
treeherder-master\ui\helpers\display.js,48:31,error,no-magic-numbers
treeherder-master\ui\helpers\display.js,56:37,error,no-magic-numbers
treeherder-master\ui\helpers\display.js,67:18,error,no-magic-numbers
treeherder-master\ui\helpers\display.js,67:55,error,no-magic-numbers
treeherder-master\ui\helpers\display.js,67:62,error,no-magic-numbers
treeherder-master\ui\helpers\display.js,81:17,error,no-undef
treeherder-master\ui\helpers\display.js,88:3,error,no-undef
treeherder-master\ui\helpers\display.js,88:41,error,no-magic-numbers
treeherder-master\ui\helpers\display.js,104:1,error,indent
treeherder-master\ui\helpers\display.js,105:1,error,indent
treeherder-master\ui\helpers\display.js,106:1,error,indent
treeherder-master\ui\helpers\display.js,107:1,error,indent
treeherder-master\ui\helpers\display.js,108:1,error,indent
treeherder-master\ui\helpers\display.js,109:1,error,indent
treeherder-master\ui\helpers\errorMessage.js,19:20,error,no-magic-numbers
treeherder-master\ui\helpers\errorMessage.js,19:40,error,no-magic-numbers
treeherder-master\ui\helpers\errorMessage.js,40:40,error,no-magic-numbers
treeherder-master\ui\helpers\errorMessage.js,41:60,error,no-magic-numbers
treeherder-master\ui\helpers\errorMessage.js,50:17,error,no-magic-numbers
treeherder-master\ui\helpers\errorMessage.js,55:18,error,no-magic-numbers
treeherder-master\ui\helpers\job.js,20:35,error,no-magic-numbers
treeherder-master\ui\helpers\job.js,20:38,error,no-magic-numbers
treeherder-master\ui\helpers\job.js,20:41,error,no-magic-numbers
treeherder-master\ui\helpers\job.js,33:33,error,no-magic-numbers
treeherder-master\ui\helpers\job.js,33:66,error,no-magic-numbers
treeherder-master\ui\helpers\job.js,102:22,error,no-undef
treeherder-master\ui\helpers\job.js,113:28,error,no-undef
treeherder-master\ui\helpers\job.js,141:10,error,no-undef
treeherder-master\ui\helpers\job.js,157:17,error,no-undef
treeherder-master\ui\helpers\job.js,216:50,error,no-magic-numbers
treeherder-master\ui\helpers\job.js,218:48,error,no-magic-numbers
treeherder-master\ui\helpers\job.js,220:38,error,no-magic-numbers
treeherder-master\ui\helpers\job.js,220:42,error,no-magic-numbers
treeherder-master\ui\helpers\job.js,224:20,error,no-magic-numbers
treeherder-master\ui\helpers\job.js,247:26,error,no-magic-numbers
treeherder-master\ui\helpers\job.js,247:43,error,no-magic-numbers
treeherder-master\ui\helpers\location.js,5:14,error,no-undef
treeherder-master\ui\helpers\location.js,20:3,error,no-undef
treeherder-master\ui\helpers\notifications.js,19:31,error,no-magic-numbers
treeherder-master\ui\helpers\performance.js,2:1,error,import/prefer-default-export
treeherder-master\ui\helpers\performance.js,18:8,error,require-await
treeherder-master\ui\helpers\revision.js,5:27,error,no-magic-numbers
treeherder-master\ui\helpers\revision.js,9:27,error,no-magic-numbers
treeherder-master\ui\helpers\revision.js,9:57,error,no-magic-numbers
treeherder-master\ui\helpers\revision.js,11:37,error,no-magic-numbers
treeherder-master\ui\helpers\revision.js,11:52,error,no-magic-numbers
treeherder-master\ui\helpers\revision.js,28:31,error,no-magic-numbers
treeherder-master\ui\helpers\revision.js,35:33,error,no-magic-numbers
treeherder-master\ui\helpers\revision.js,35:57,error,no-magic-numbers
treeherder-master\ui\helpers\sort.js,1:1,error,import/prefer-default-export
treeherder-master\ui\helpers\sort.js,18:12,error,no-magic-numbers
treeherder-master\ui\helpers\sort.js,20:12,error,no-magic-numbers
treeherder-master\ui\helpers\sort.js,22:12,error,no-magic-numbers
treeherder-master\ui\helpers\taskcluster.js,22:5,error,no-undef
treeherder-master\ui\helpers\taskcluster.js,22:51,error,no-magic-numbers
treeherder-master\ui\helpers\taskcluster.js,22:55,error,no-magic-numbers
treeherder-master\ui\helpers\taskcluster.js,22:60,error,no-magic-numbers
treeherder-master\ui\helpers\taskcluster.js,29:26,error,no-magic-numbers
treeherder-master\ui\helpers\taskcluster.js,35:5,error,no-undef
treeherder-master\ui\helpers\taskcluster.js,43:5,error,no-undef
treeherder-master\ui\helpers\taskcluster.js,44:5,error,no-undef
treeherder-master\ui\helpers\taskcluster.js,58:7,error,no-undef
treeherder-master\ui\helpers\taskcluster.js,60:7,error,no-undef
treeherder-master\ui\helpers\taskcluster.js,66:54,error,no-magic-numbers
treeherder-master\ui\helpers\taskcluster.js,74:9,error,no-undef
treeherder-master\ui\helpers\taskcluster.js,90:11,error,no-undef
treeherder-master\ui\helpers\taskcluster.js,96:10,error,no-magic-numbers
treeherder-master\ui\helpers\url.js,95:32,error,no-magic-numbers
treeherder-master\ui\helpers\utils.js,9:20,error,no-magic-numbers
treeherder-master\ui\helpers\utils.js,15:19,error,no-magic-numbers
treeherder-master\ui\helpers\utils.js,18:58,error,no-magic-numbers
treeherder-master\ui\helpers\utils.js,19:16,error,no-undef
treeherder-master\ui\helpers\utils.js,25:19,error,no-magic-numbers
treeherder-master\ui\helpers\utils.js,26:63,error,no-magic-numbers
treeherder-master\ui\infra-compare\constants.js,14:12,error,no-magic-numbers
treeherder-master\ui\infra-compare\constants.js,14:20,error,no-magic-numbers
treeherder-master\ui\infra-compare\helpers.js,2:15,error,no-magic-numbers
treeherder-master\ui\infra-compare\helpers.js,2:30,error,no-magic-numbers
treeherder-master\ui\infra-compare\helpers.js,43:30,error,max-statements
treeherder-master\ui\infra-compare\helpers.js,50:63,error,no-magic-numbers
treeherder-master\ui\infra-compare\helpers.js,54:34,error,no-magic-numbers
treeherder-master\ui\infra-compare\helpers.js,56:33,error,no-magic-numbers
treeherder-master\ui\infra-compare\helpers.js,57:53,error,no-magic-numbers
treeherder-master\ui\infra-compare\helpers.js,58:30,error,no-magic-numbers
treeherder-master\ui\infra-compare\helpers.js,59:63,error,no-magic-numbers
treeherder-master\ui\infra-compare\helpers.js,60:33,error,no-magic-numbers
treeherder-master\ui\infra-compare\helpers.js,62:63,error,no-magic-numbers
treeherder-master\ui\infra-compare\helpers.js,63:7,error,no-magic-numbers
treeherder-master\ui\infra-compare\helpers.js,66:51,error,no-magic-numbers
treeherder-master\ui\infra-compare\helpers.js,87:46,error,no-magic-numbers
treeherder-master\ui\infra-compare\helpers.js,87:72,error,no-magic-numbers
treeherder-master\ui\intermittent-failures\constants.js,1:1,error,import/prefer-default-export
treeherder-master\ui\intermittent-failures\helpers.js,48:29,error,no-magic-numbers
treeherder-master\ui\intermittent-failures\helpers.js,48:45,error,no-magic-numbers
treeherder-master\ui\intermittent-failures\helpers.js,48:49,error,no-magic-numbers
treeherder-master\ui\intermittent-failures\helpers.js,68:36,error,no-magic-numbers
treeherder-master\ui\intermittent-failures\helpers.js,88:14,error,no-magic-numbers
treeherder-master\ui\intermittent-failures\helpers.js,91:14,error,no-magic-numbers
treeherder-master\ui\intermittent-failures\helpers.js,93:12,error,no-magic-numbers
treeherder-master\ui\intermittent-failures\helpers.js,110:66,error,no-magic-numbers
treeherder-master\ui\intermittent-failures\helpers.js,113:62,error,no-magic-numbers
treeherder-master\ui\job-view\redux\stores\notifications.js,58:3,error,no-undef
treeherder-master\ui\job-view\redux\stores\notifications.js,69:3,error,no-undef
treeherder-master\ui\job-view\redux\stores\notifications.js,80:5,error,no-undef
treeherder-master\ui\job-view\redux\stores\notifications.js,88:1,error,indent
treeherder-master\ui\job-view\redux\stores\notifications.js,89:1,error,indent
treeherder-master\ui\job-view\redux\stores\notifications.js,90:1,error,indent
treeherder-master\ui\job-view\redux\stores\notifications.js,91:1,error,indent
treeherder-master\ui\job-view\redux\stores\notifications.js,92:1,error,indent
treeherder-master\ui\job-view\redux\stores\notifications.js,93:1,error,indent
treeherder-master\ui\job-view\redux\stores\notifications.js,94:1,error,indent
treeherder-master\ui\job-view\redux\stores\notifications.js,95:1,error,indent
treeherder-master\ui\job-view\redux\stores\notifications.js,96:1,error,indent
treeherder-master\ui\job-view\redux\stores\notifications.js,97:1,error,indent
treeherder-master\ui\job-view\redux\stores\notifications.js,98:1,error,indent
treeherder-master\ui\job-view\redux\stores\notifications.js,99:1,error,indent
treeherder-master\ui\job-view\redux\stores\notifications.js,100:1,error,indent
treeherder-master\ui\job-view\redux\stores\notifications.js,101:1,error,indent
treeherder-master\ui\job-view\redux\stores\notifications.js,102:1,error,indent
treeherder-master\ui\job-view\redux\stores\notifications.js,103:1,error,indent
treeherder-master\ui\job-view\redux\stores\notifications.js,104:1,error,indent
treeherder-master\ui\job-view\redux\stores\notifications.js,105:1,error,indent
treeherder-master\ui\job-view\redux\stores\pinnedJobs.js,16:17,error,no-undef
treeherder-master\ui\job-view\redux\stores\pinnedJobs.js,20:5,error,no-undef
treeherder-master\ui\job-view\redux\stores\pinnedJobs.js,22:8,error,no-magic-numbers
treeherder-master\ui\job-view\redux\stores\pinnedJobs.js,48:37,error,require-await
treeherder-master\ui\job-view\redux\stores\pinnedJobs.js,53:53,error,no-magic-numbers
treeherder-master\ui\job-view\redux\stores\pinnedJobs.js,69:37,error,require-await
treeherder-master\ui\job-view\redux\stores\pinnedJobs.js,84:37,error,require-await
treeherder-master\ui\job-view\redux\stores\pinnedJobs.js,92:14,error,no-magic-numbers
treeherder-master\ui\job-view\redux\stores\pinnedJobs.js,110:37,error,require-await
treeherder-master\ui\job-view\redux\stores\pinnedJobs.js,124:37,error,require-await
treeherder-master\ui\job-view\redux\stores\pinnedJobs.js,172:37,error,require-await
treeherder-master\ui\job-view\redux\stores\pinnedJobs.js,198:1,error,indent
treeherder-master\ui\job-view\redux\stores\pinnedJobs.js,199:1,error,indent
treeherder-master\ui\job-view\redux\stores\pinnedJobs.js,200:1,error,indent
treeherder-master\ui\job-view\redux\stores\pinnedJobs.js,201:1,error,indent
treeherder-master\ui\job-view\redux\stores\pinnedJobs.js,202:1,error,indent
treeherder-master\ui\job-view\redux\stores\pinnedJobs.js,203:1,error,indent
treeherder-master\ui\job-view\redux\stores\pinnedJobs.js,204:1,error,indent
treeherder-master\ui\job-view\redux\stores\pinnedJobs.js,205:1,error,indent
treeherder-master\ui\job-view\redux\stores\pinnedJobs.js,206:1,error,indent
treeherder-master\ui\job-view\redux\stores\pinnedJobs.js,207:1,error,indent
treeherder-master\ui\job-view\redux\stores\pinnedJobs.js,208:1,error,indent
treeherder-master\ui\job-view\redux\stores\pinnedJobs.js,209:1,error,indent
treeherder-master\ui\job-view\redux\stores\pinnedJobs.js,210:1,error,indent
treeherder-master\ui\job-view\redux\stores\pinnedJobs.js,211:1,error,indent
treeherder-master\ui\job-view\redux\stores\pinnedJobs.js,212:1,error,indent
treeherder-master\ui\job-view\redux\stores\pinnedJobs.js,213:1,error,indent
treeherder-master\ui\job-view\redux\stores\pinnedJobs.js,214:1,error,indent
treeherder-master\ui\job-view\redux\stores\pushes.js,38:29,error,no-magic-numbers
treeherder-master\ui\job-view\redux\stores\pushes.js,38:53,error,no-magic-numbers
treeherder-master\ui\job-view\redux\stores\pushes.js,50:53,error,no-magic-numbers
treeherder-master\ui\job-view\redux\stores\pushes.js,53:73,error,no-magic-numbers
treeherder-master\ui\job-view\redux\stores\pushes.js,62:25,error,no-magic-numbers
treeherder-master\ui\job-view\redux\stores\pushes.js,67:1,error,indent
treeherder-master\ui\job-view\redux\stores\pushes.js,68:1,error,indent
treeherder-master\ui\job-view\redux\stores\pushes.js,69:1,error,indent
treeherder-master\ui\job-view\redux\stores\pushes.js,85:43,error,no-magic-numbers
treeherder-master\ui\job-view\redux\stores\pushes.js,124:29,error,no-magic-numbers
treeherder-master\ui\job-view\redux\stores\pushes.js,133:40,error,no-magic-numbers
treeherder-master\ui\job-view\redux\stores\pushes.js,147:66,error,no-magic-numbers
treeherder-master\ui\job-view\redux\stores\pushes.js,150:42,error,no-undef
treeherder-master\ui\job-view\redux\stores\pushes.js,155:7,error,no-undef
treeherder-master\ui\job-view\redux\stores\pushes.js,200:7,error,no-undef
treeherder-master\ui\job-view\redux\stores\pushes.js,259:32,error,no-undef
treeherder-master\ui\job-view\redux\stores\pushes.js,302:45,error,no-undef
treeherder-master\ui\job-view\redux\stores\pushes.js,309:29,error,no-magic-numbers
treeherder-master\ui\job-view\redux\stores\pushes.js,317:49,error,no-magic-numbers
treeherder-master\ui\job-view\redux\stores\pushes.js,356:53,error,no-magic-numbers
treeherder-master\ui\job-view\redux\stores\pushes.js,388:5,error,no-undef
treeherder-master\ui\job-view\redux\stores\pushes.js,390:47,error,no-magic-numbers
treeherder-master\ui\job-view\redux\stores\pushes.js,398:35,error,no-magic-numbers
treeherder-master\ui\job-view\redux\stores\pushes.js,430:1,error,indent
treeherder-master\ui\job-view\redux\stores\pushes.js,431:1,error,indent
treeherder-master\ui\job-view\redux\stores\pushes.js,432:1,error,indent
treeherder-master\ui\job-view\redux\stores\pushes.js,433:1,error,indent
treeherder-master\ui\job-view\redux\stores\pushes.js,434:1,error,indent
treeherder-master\ui\job-view\redux\stores\pushes.js,435:1,error,indent
treeherder-master\ui\job-view\redux\stores\pushes.js,436:1,error,indent
treeherder-master\ui\job-view\redux\stores\pushes.js,437:1,error,indent
treeherder-master\ui\job-view\redux\stores\pushes.js,438:1,error,indent
treeherder-master\ui\job-view\redux\stores\pushes.js,439:1,error,indent
treeherder-master\ui\job-view\redux\stores\pushes.js,440:1,error,indent
treeherder-master\ui\job-view\redux\stores\pushes.js,441:1,error,indent
treeherder-master\ui\job-view\redux\stores\pushes.js,442:1,error,indent
treeherder-master\ui\job-view\redux\stores\pushes.js,443:1,error,indent
treeherder-master\ui\job-view\redux\stores\pushes.js,444:1,error,indent
treeherder-master\ui\job-view\redux\stores\pushes.js,445:1,error,indent
treeherder-master\ui\job-view\redux\stores\pushes.js,446:1,error,indent
treeherder-master\ui\job-view\redux\stores\pushes.js,447:1,error,indent
treeherder-master\ui\job-view\redux\stores\pushes.js,448:1,error,indent
treeherder-master\ui\job-view\redux\stores\selectedJob.js,27:27,error,require-await
treeherder-master\ui\job-view\redux\stores\selectedJob.js,48:27,error,require-await
treeherder-master\ui\job-view\redux\stores\selectedJob.js,62:27,error,require-await
treeherder-master\ui\job-view\redux\stores\selectedJob.js,121:27,error,no-magic-numbers
treeherder-master\ui\job-view\redux\stores\selectedJob.js,153:41,error,max-statements
treeherder-master\ui\job-view\redux\stores\selectedJob.js,176:33,error,no-magic-numbers
treeherder-master\ui\job-view\redux\stores\selectedJob.js,242:31,error,no-magic-numbers
treeherder-master\ui\job-view\redux\stores\selectedJob.js,242:49,error,no-magic-numbers
treeherder-master\ui\job-view\redux\stores\selectedJob.js,242:53,error,no-magic-numbers
treeherder-master\ui\job-view\redux\stores\selectedJob.js,242:63,error,no-magic-numbers
treeherder-master\ui\job-view\redux\stores\selectedJob.js,243:31,error,no-magic-numbers
treeherder-master\ui\job-view\redux\stores\selectedJob.js,243:35,error,no-magic-numbers
treeherder-master\ui\job-view\redux\stores\selectedJob.js,243:53,error,no-magic-numbers
treeherder-master\ui\job-view\redux\stores\selectedJob.js,243:63,error,no-magic-numbers
treeherder-master\ui\job-view\redux\stores\selectedJob.js,258:19,error,no-undef
treeherder-master\ui\job-view\redux\stores\selectedJob.js,294:1,error,indent
treeherder-master\ui\job-view\redux\stores\selectedJob.js,295:1,error,indent
treeherder-master\ui\job-view\redux\stores\selectedJob.js,296:1,error,indent
treeherder-master\ui\job-view\redux\stores\selectedJob.js,297:1,error,indent
treeherder-master\ui\job-view\redux\stores\selectedJob.js,298:1,error,indent
treeherder-master\ui\job-view\redux\stores\selectedJob.js,299:1,error,indent
treeherder-master\ui\job-view\redux\stores\selectedJob.js,300:1,error,indent
treeherder-master\ui\job-view\redux\stores\selectedJob.js,301:1,error,indent
treeherder-master\ui\job-view\redux\stores\selectedJob.js,302:1,error,indent
treeherder-master\ui\job-view\redux\stores\selectedJob.js,303:1,error,indent
treeherder-master\ui\models\browsertimeAlertsExtraData.js,57:25,error,no-magic-numbers
treeherder-master\ui\models\classificationType.js,16:41,error,require-await
treeherder-master\ui\models\filter.js,263:1,error,indent
treeherder-master\ui\models\filter.js,264:1,error,indent
treeherder-master\ui\models\filter.js,265:1,error,indent
treeherder-master\ui\models\filter.js,266:1,error,indent
treeherder-master\ui\models\filter.js,267:1,error,indent
treeherder-master\ui\models\filter.js,268:1,error,indent
treeherder-master\ui\models\filter.js,270:1,error,indent
treeherder-master\ui\models\filter.js,271:1,error,indent
treeherder-master\ui\models\filter.js,272:1,error,indent
treeherder-master\ui\models\filter.js,273:1,error,indent
treeherder-master\ui\models\filter.js,274:1,error,indent
treeherder-master\ui\models\filter.js,275:1,error,indent
treeherder-master\ui\models\filter.js,277:1,error,indent
treeherder-master\ui\models\filter.js,278:1,error,indent
treeherder-master\ui\models\filter.js,279:1,error,indent
treeherder-master\ui\models\filter.js,280:1,error,indent
treeherder-master\ui\models\filter.js,281:1,error,indent
treeherder-master\ui\models\filter.js,282:1,error,indent
treeherder-master\ui\models\filter.js,283:1,error,indent
treeherder-master\ui\models\filter.js,330:1,error,indent
treeherder-master\ui\models\filter.js,331:1,error,indent
treeherder-master\ui\models\filter.js,332:1,error,indent
treeherder-master\ui\models\job.js,37:61,error,no-magic-numbers
treeherder-master\ui\models\job.js,93:13,error,no-magic-numbers
treeherder-master\ui\models\job.js,97:35,error,no-magic-numbers
treeherder-master\ui\models\job.js,213:35,error,no-magic-numbers
treeherder-master\ui\models\perfSeries.js,145:53,error,no-magic-numbers
treeherder-master\ui\models\push.js,17:46,error,no-magic-numbers
treeherder-master\ui\models\push.js,23:42,error,no-mixed-operators
treeherder-master\ui\models\push.js,23:44,error,no-magic-numbers
treeherder-master\ui\models\push.js,23:49,error,no-mixed-operators
treeherder-master\ui\models\push.js,23:51,error,no-magic-numbers
treeherder-master\ui\models\push.js,33:3,error,require-await
treeherder-master\ui\models\taskcluster.js,18:22,error,max-statements
treeherder-master\ui\models\taskcluster.js,115:34,error,no-magic-numbers
treeherder-master\ui\models\treeStatus.js,11:29,error,no-magic-numbers
treeherder-master\ui\models\user.js,15:40,error,no-magic-numbers
treeherder-master\ui\models\user.js,15:63,error,no-magic-numbers
treeherder-master\ui\perfherder\perf-helpers\alertCountdownHelper.js,12:54,error,no-magic-numbers
treeherder-master\ui\perfherder\perf-helpers\alertCountdownHelper.js,12:61,error,no-magic-numbers
treeherder-master\ui\perfherder\perf-helpers\alertCountdownHelper.js,12:66,error,no-magic-numbers
treeherder-master\ui\perfherder\perf-helpers\alertCountdownHelper.js,12:71,error,no-magic-numbers
treeherder-master\ui\perfherder\perf-helpers\alertCountdownHelper.js,16:52,error,no-magic-numbers
treeherder-master\ui\perfherder\perf-helpers\alertCountdownHelper.js,34:53,error,no-magic-numbers
treeherder-master\ui\perfherder\perf-helpers\alertCountdownHelper.js,34:60,error,no-magic-numbers
treeherder-master\ui\perfherder\perf-helpers\alertCountdownHelper.js,34:65,error,no-magic-numbers
treeherder-master\ui\perfherder\perf-helpers\alertCountdownHelper.js,40:24,error,no-magic-numbers
treeherder-master\ui\perfherder\perf-helpers\alertCountdownHelper.js,40:28,error,no-magic-numbers
treeherder-master\ui\perfherder\perf-helpers\alertCountdownHelper.js,49:26,error,no-magic-numbers
treeherder-master\ui\perfherder\perf-helpers\alertCountdownHelper.js,49:52,error,no-magic-numbers
treeherder-master\ui\perfherder\perf-helpers\constants.js,124:3,error,no-magic-numbers
treeherder-master\ui\perfherder\perf-helpers\constants.js,125:3,error,no-magic-numbers
treeherder-master\ui\perfherder\perf-helpers\constants.js,126:3,error,no-magic-numbers
treeherder-master\ui\perfherder\perf-helpers\constants.js,127:3,error,no-magic-numbers
treeherder-master\ui\perfherder\perf-helpers\constants.js,132:12,error,no-magic-numbers
treeherder-master\ui\perfherder\perf-helpers\constants.js,132:20,error,no-magic-numbers
treeherder-master\ui\perfherder\perf-helpers\constants.js,144:10,error,no-magic-numbers
treeherder-master\ui\perfherder\perf-helpers\constants.js,144:18,error,no-magic-numbers
treeherder-master\ui\perfherder\perf-helpers\helpers.js,34:28,error,no-magic-numbers
treeherder-master\ui\perfherder\perf-helpers\helpers.js,37:55,error,no-magic-numbers
treeherder-master\ui\perfherder\perf-helpers\helpers.js,40:15,error,no-magic-numbers
treeherder-master\ui\perfherder\perf-helpers\helpers.js,40:30,error,no-magic-numbers
treeherder-master\ui\perfherder\perf-helpers\helpers.js,45:12,error,no-magic-numbers
treeherder-master\ui\perfherder\perf-helpers\helpers.js,48:41,error,no-magic-numbers
treeherder-master\ui\perfherder\perf-helpers\helpers.js,52:23,error,no-magic-numbers
treeherder-master\ui\perfherder\perf-helpers\helpers.js,59:36,error,no-magic-numbers
treeherder-master\ui\perfherder\perf-helpers\helpers.js,60:24,error,no-magic-numbers
treeherder-master\ui\perfherder\perf-helpers\helpers.js,77:12,error,no-magic-numbers
treeherder-master\ui\perfherder\perf-helpers\helpers.js,83:12,error,no-magic-numbers
treeherder-master\ui\perfherder\perf-helpers\helpers.js,85:12,error,no-magic-numbers
treeherder-master\ui\perfherder\perf-helpers\helpers.js,87:16,error,no-magic-numbers
treeherder-master\ui\perfherder\perf-helpers\helpers.js,88:24,error,no-magic-numbers
treeherder-master\ui\perfherder\perf-helpers\helpers.js,89:23,error,no-magic-numbers
treeherder-master\ui\perfherder\perf-helpers\helpers.js,90:24,error,no-magic-numbers
treeherder-master\ui\perfherder\perf-helpers\helpers.js,95:25,error,no-mixed-operators
treeherder-master\ui\perfherder\perf-helpers\helpers.js,95:32,error,no-mixed-operators
treeherder-master\ui\perfherder\perf-helpers\helpers.js,95:32,error,no-mixed-operators
treeherder-master\ui\perfherder\perf-helpers\helpers.js,96:27,error,no-mixed-operators
treeherder-master\ui\perfherder\perf-helpers\helpers.js,104:12,error,no-magic-numbers
treeherder-master\ui\perfherder\perf-helpers\helpers.js,107:12,error,no-magic-numbers
treeherder-master\ui\perfherder\perf-helpers\helpers.js,109:10,error,no-magic-numbers
treeherder-master\ui\perfherder\perf-helpers\helpers.js,117:48,error,no-magic-numbers
treeherder-master\ui\perfherder\perf-helpers\helpers.js,117:75,error,no-magic-numbers
treeherder-master\ui\perfherder\perf-helpers\helpers.js,126:60,error,no-magic-numbers
treeherder-master\ui\perfherder\perf-helpers\helpers.js,126:67,error,no-magic-numbers
treeherder-master\ui\perfherder\perf-helpers\helpers.js,140:15,error,no-magic-numbers
treeherder-master\ui\perfherder\perf-helpers\helpers.js,141:13,error,no-magic-numbers
treeherder-master\ui\perfherder\perf-helpers\helpers.js,144:15,error,no-magic-numbers
treeherder-master\ui\perfherder\perf-helpers\helpers.js,179:30,error,max-statements
treeherder-master\ui\perfherder\perf-helpers\helpers.js,179:30,error,complexity
treeherder-master\ui\perfherder\perf-helpers\helpers.js,235:51,error,no-magic-numbers
treeherder-master\ui\perfherder\perf-helpers\helpers.js,236:52,error,no-magic-numbers
treeherder-master\ui\perfherder\perf-helpers\helpers.js,241:62,error,no-magic-numbers
treeherder-master\ui\perfherder\perf-helpers\helpers.js,241:65,error,no-magic-numbers
treeherder-master\ui\perfherder\perf-helpers\helpers.js,246:51,error,no-magic-numbers
treeherder-master\ui\perfherder\perf-helpers\helpers.js,277:33,error,no-magic-numbers
treeherder-master\ui\perfherder\perf-helpers\helpers.js,278:29,error,no-magic-numbers
treeherder-master\ui\perfherder\perf-helpers\helpers.js,280:34,error,no-magic-numbers
treeherder-master\ui\perfherder\perf-helpers\helpers.js,281:30,error,no-magic-numbers
treeherder-master\ui\perfherder\perf-helpers\helpers.js,284:72,error,no-magic-numbers
treeherder-master\ui\perfherder\perf-helpers\helpers.js,300:7,error,no-magic-numbers
treeherder-master\ui\perfherder\perf-helpers\helpers.js,304:32,error,no-magic-numbers
treeherder-master\ui\perfherder\perf-helpers\helpers.js,304:35,error,no-magic-numbers
treeherder-master\ui\perfherder\perf-helpers\helpers.js,313:35,error,no-mixed-operators
treeherder-master\ui\perfherder\perf-helpers\helpers.js,313:37,error,no-magic-numbers
treeherder-master\ui\perfherder\perf-helpers\helpers.js,313:44,error,no-mixed-operators
treeherder-master\ui\perfherder\perf-helpers\helpers.js,388:43,error,no-magic-numbers
treeherder-master\ui\perfherder\perf-helpers\helpers.js,388:46,error,no-magic-numbers
treeherder-master\ui\perfherder\perf-helpers\helpers.js,388:71,error,no-magic-numbers
treeherder-master\ui\perfherder\perf-helpers\helpers.js,388:74,error,no-magic-numbers
treeherder-master\ui\perfherder\perf-helpers\helpers.js,413:9,error,no-magic-numbers
treeherder-master\ui\perfherder\perf-helpers\helpers.js,420:31,error,no-mixed-operators
treeherder-master\ui\perfherder\perf-helpers\helpers.js,420:33,error,no-magic-numbers
treeherder-master\ui\perfherder\perf-helpers\helpers.js,420:40,error,no-mixed-operators
treeherder-master\ui\perfherder\perf-helpers\helpers.js,424:23,error,no-magic-numbers
treeherder-master\ui\perfherder\perf-helpers\helpers.js,460:1,error,indent
treeherder-master\ui\perfherder\perf-helpers\helpers.js,461:1,error,indent
treeherder-master\ui\perfherder\perf-helpers\helpers.js,496:36,error,max-statements
treeherder-master\ui\perfherder\perf-helpers\helpers.js,513:28,error,no-magic-numbers
treeherder-master\ui\perfherder\perf-helpers\helpers.js,529:32,error,no-magic-numbers
treeherder-master\ui\perfherder\perf-helpers\helpers.js,543:41,error,no-magic-numbers
treeherder-master\ui\perfherder\perf-helpers\helpers.js,544:43,error,no-magic-numbers
treeherder-master\ui\perfherder\perf-helpers\helpers.js,550:49,error,no-magic-numbers
treeherder-master\ui\perfherder\perf-helpers\helpers.js,556:32,error,no-magic-numbers
treeherder-master\ui\perfherder\perf-helpers\helpers.js,557:48,error,no-magic-numbers
treeherder-master\ui\perfherder\perf-helpers\helpers.js,571:57,error,no-magic-numbers
treeherder-master\ui\perfherder\perf-helpers\helpers.js,594:28,error,no-magic-numbers
treeherder-master\ui\perfherder\perf-helpers\helpers.js,598:32,error,no-magic-numbers
treeherder-master\ui\perfherder\perf-helpers\helpers.js,602:41,error,no-magic-numbers
treeherder-master\ui\perfherder\perf-helpers\helpers.js,603:32,error,no-magic-numbers
treeherder-master\ui\perfherder\perf-helpers\helpers.js,625:66,error,require-await
treeherder-master\ui\perfherder\perf-helpers\helpers.js,645:34,error,no-magic-numbers
treeherder-master\ui\perfherder\perf-helpers\helpers.js,647:17,error,no-magic-numbers
treeherder-master\ui\perfherder\perf-helpers\helpers.js,660:39,error,no-magic-numbers
treeherder-master\ui\perfherder\perf-helpers\helpers.js,661:38,error,no-magic-numbers
treeherder-master\ui\perfherder\perf-helpers\helpers.js,685:71,error,no-magic-numbers
treeherder-master\ui\perfherder\perf-helpers\helpers.js,719:56,error,no-undef
treeherder-master\ui\perfherder\perf-helpers\helpers.js,721:3,error,no-undef
treeherder-master\ui\perfherder\perf-helpers\helpers.js,771:3,error,require-await
treeherder-master\ui\perfherder\perf-helpers\helpers.js,841:26,error,no-magic-numbers
treeherder-master\ui\perfherder\perf-helpers\helpers.js,848:24,error,no-magic-numbers
treeherder-master\ui\perfherder\perf-helpers\helpers.js,883:54,error,no-magic-numbers
treeherder-master\ui\perfherder\perf-helpers\perfdocs.js,88:43,error,no-magic-numbers
treeherder-master\ui\perfherder\perf-helpers\perfdocs.js,110:35,error,no-magic-numbers
treeherder-master\ui\perfherder\perf-helpers\perfdocs.js,110:38,error,no-magic-numbers
treeherder-master\ui\perfherder\perf-helpers\perfdocs.js,129:54,error,no-magic-numbers
treeherder-master\ui\perfherder\perf-helpers\sort.js,16:33,error,no-magic-numbers
treeherder-master\ui\perfherder\perf-helpers\sort.js,16:76,error,no-magic-numbers
treeherder-master\ui\perfherder\perf-helpers\sort.js,24:33,error,no-magic-numbers
treeherder-master\ui\perfherder\perf-helpers\sort.js,24:76,error,no-magic-numbers
treeherder-master\ui\perfherder\perf-helpers\sort.js,47:50,error,no-magic-numbers
treeherder-master\ui\perfherder\perf-helpers\sort.js,88:14,error,no-magic-numbers
treeherder-master\ui\perfherder\perf-helpers\sort.js,91:14,error,no-magic-numbers
treeherder-master\ui\perfherder\perf-helpers\sort.js,93:12,error,no-magic-numbers
treeherder-master\ui\perfherder\perf-helpers\textualSummary.js,70:26,error,no-undef
treeherder-master\ui\perfherder\perf-helpers\textualSummary.js,75:14,error,max-statements
treeherder-master\ui\perfherder\perf-helpers\textualSummary.js,75:14,error,complexity
treeherder-master\ui\perfherder\perf-helpers\textualSummary.js,80:56,error,no-magic-numbers
treeherder-master\ui\perfherder\perf-helpers\textualSummary.js,82:77,error,no-magic-numbers
treeherder-master\ui\perfherder\perf-helpers\textualSummary.js,83:34,error,no-magic-numbers
treeherder-master\ui\perfherder\perf-helpers\textualSummary.js,85:44,error,no-magic-numbers
treeherder-master\ui\perfherder\perf-helpers\textualSummary.js,87:44,error,no-magic-numbers
treeherder-master\ui\perfherder\perf-helpers\textualSummary.js,127:1,error,indent
treeherder-master\ui\perfherder\perf-helpers\textualSummary.js,128:1,error,indent
treeherder-master\ui\perfherder\perf-helpers\textualSummary.js,141:28,error,no-magic-numbers
treeherder-master\ui\perfherder\perf-helpers\textualSummary.js,141:53,error,no-magic-numbers
treeherder-master\ui\perfherder\perf-helpers\textualSummary.js,153:28,error,no-magic-numbers
treeherder-master\ui\perfherder\perf-helpers\textualSummary.js,161:57,error,no-magic-numbers
treeherder-master\ui\perfherder\perf-helpers\textualSummary.js,161:60,error,no-magic-numbers
treeherder-master\ui\perfherder\perf-helpers\textualSummary.js,162:59,error,no-magic-numbers
treeherder-master\ui\perfherder\perf-helpers\textualSummary.js,183:27,error,no-magic-numbers
treeherder-master\ui\perfherder\perf-helpers\textualSummary.js,183:51,error,no-magic-numbers
treeherder-master\ui\perfherder\perf-helpers\textualSummary.js,185:30,error,no-magic-numbers
treeherder-master\ui\perfherder\perf-helpers\textualSummary.js,194:34,error,no-magic-numbers
treeherder-master\ui\perfherder\perf-helpers\textualSummary.js,196:30,error,no-magic-numbers
treeherder-master\ui\perfherder\perf-helpers\textualSummary.js,202:60,error,no-magic-numbers
treeherder-master\ui\perfherder\perf-helpers\textualSummary.js,202:63,error,no-magic-numbers
treeherder-master\ui\perfherder\perf-helpers\textualSummary.js,203:56,error,no-magic-numbers
treeherder-master\ui\shared\auth\AuthService.js,49:12,error,no-undef
treeherder-master\ui\shared\auth\AuthService.js,67:38,error,no-undef
treeherder-master\ui\shared\auth\AuthService.js,68:55,error,no-magic-numbers
treeherder-master\ui\shared\auth\AuthService.js,78:36,error,no-undef
treeherder-master\ui\shared\auth\AuthService.js,85:30,error,no-magic-numbers
treeherder-master\ui\shared\auth\AuthService.js,89:21,error,no-magic-numbers
treeherder-master\ui\shared\auth\AuthService.js,90:36,error,no-magic-numbers
treeherder-master\ui\shared\auth\AuthService.js,90:40,error,no-magic-numbers
treeherder-master\ui\shared\auth\AuthService.js,90:47,error,no-magic-numbers
treeherder-master\ui\shared\auth\AuthService.js,100:5,error,no-undef
treeherder-master\ui\shared\auth\AuthService.js,101:5,error,no-undef
treeherder-master\ui\shared\auth\AuthService.js,110:5,error,no-undef
treeherder-master\ui\shared\auth\AuthService.js,111:5,error,no-undef
treeherder-master\ui\taskcluster-auth-callback\constants.js,14:17,error,no-undef
treeherder-master\ui\taskcluster-auth-callback\constants.js,17:31,error,no-undef
treeherder-master\webpack.config.js,304:1,error,indent
treeherder-master\webpack.config.js,305:1,error,indent
treeherder-master\webpack.config.js,306:1,error,indent
treeherder-master\webpack.config.js,307:1,error,indent
treeherder-master\webpack.config.js,308:1,error,indent
treeherder-master\webpack.config.js,309:1,error,indent
