directory_file_name,line_number,error_type,error_description
vuepress-master\.commitlintrc.js,19:7,error,no-magic-numbers
vuepress-master\packages\@vuepress\core\lib\client\app.js,23:21,error,prefer-template
vuepress-master\packages\@vuepress\core\lib\client\app.js,25:7,error,no-alert
vuepress-master\packages\@vuepress\core\lib\client\app.js,25:7,error,no-undef
vuepress-master\packages\@vuepress\core\lib\client\app.js,41:1,error,vue/match-component-file-name
vuepress-master\packages\@vuepress\core\lib\client\app.js,50:1,error,vue/match-component-file-name
vuepress-master\packages\@vuepress\core\lib\client\app.js,55:19,error,no-magic-numbers
vuepress-master\packages\@vuepress\core\lib\client\app.js,56:30,error,no-magic-numbers
vuepress-master\packages\@vuepress\core\lib\client\app.js,63:55,error,no-undef
vuepress-master\packages\@vuepress\core\lib\client\app.js,64:7,error,no-undef
vuepress-master\packages\@vuepress\core\lib\client\clientEntry.js,5:1,error,no-undef
vuepress-master\packages\@vuepress\core\lib\client\dataMixin.js,10:23,error,prefer-template
vuepress-master\packages\@vuepress\core\lib\client\redirect.js,29:32,error,prefer-template
vuepress-master\packages\@vuepress\core\lib\client\redirect.js,30:31,error,prefer-template
vuepress-master\packages\@vuepress\core\lib\client\redirect.js,39:31,error,prefer-template
vuepress-master\packages\@vuepress\core\lib\client\root-mixins\updateMeta.js,23:32,error,no-undef
vuepress-master\packages\@vuepress\core\lib\client\root-mixins\updateMeta.js,32:7,error,no-undef
vuepress-master\packages\@vuepress\core\lib\client\root-mixins\updateMeta.js,33:7,error,no-undef
vuepress-master\packages\@vuepress\core\lib\client\root-mixins\updateMeta.js,54:7,error,no-undef
vuepress-master\packages\@vuepress\core\lib\client\root-mixins\updateMeta.js,72:23,error,no-undef
vuepress-master\packages\@vuepress\core\lib\client\root-mixins\updateMeta.js,95:1,error,indent
vuepress-master\packages\@vuepress\core\lib\client\root-mixins\updateMeta.js,95:41,error,no-undef
vuepress-master\packages\@vuepress\core\lib\client\root-mixins\updateMeta.js,96:1,error,indent
vuepress-master\packages\@vuepress\core\lib\client\root-mixins\updateMeta.js,96:25,error,no-undef
vuepress-master\packages\@vuepress\core\lib\client\root-mixins\updateMeta.js,100:19,error,no-undef
vuepress-master\packages\@vuepress\core\lib\client\root-mixins\updateMeta.js,104:7,error,no-undef
vuepress-master\packages\@vuepress\core\lib\client\root-mixins\updateMeta.js,119:13,error,no-prototype-builtins
vuepress-master\packages\@vuepress\core\lib\client\root-mixins\updateMeta.js,138:12,error,prefer-template
vuepress-master\packages\@vuepress\core\lib\client\util.js,38:21,error,no-magic-numbers
vuepress-master\packages\@vuepress\core\lib\client\util.js,38:50,error,no-magic-numbers
vuepress-master\packages\@vuepress\core\lib\client\util.js,193:41,error,no-undef
vuepress-master\packages\@vuepress\core\lib\client\util.js,196:3,error,no-undef
vuepress-master\packages\@vuepress\core\lib\eject.js,18:18,error,no-magic-numbers
vuepress-master\packages\@vuepress\core\lib\node\App.js,143:41,error,no-mixed-operators
vuepress-master\packages\@vuepress\core\lib\node\App.js,143:64,error,no-mixed-operators
vuepress-master\packages\@vuepress\core\lib\node\App.js,206:27,error,no-magic-numbers
vuepress-master\packages\@vuepress\core\lib\node\App.js,211:32,error,no-magic-numbers
vuepress-master\packages\@vuepress\core\lib\node\App.js,212:55,error,no-magic-numbers
vuepress-master\packages\@vuepress\core\lib\node\App.js,261:18,error,prefer-template
vuepress-master\packages\@vuepress\core\lib\node\App.js,262:18,error,prefer-template
vuepress-master\packages\@vuepress\core\lib\node\App.js,282:18,error,prefer-template
vuepress-master\packages\@vuepress\core\lib\node\App.js,332:23,error,prefer-template
vuepress-master\packages\@vuepress\core\lib\node\App.js,360:18,error,no-magic-numbers
vuepress-master\packages\@vuepress\core\lib\node\App.js,363:32,error,no-magic-numbers
vuepress-master\packages\@vuepress\core\lib\node\App.js,379:7,error,no-mixed-operators
vuepress-master\packages\@vuepress\core\lib\node\App.js,379:42,error,no-mixed-operators
vuepress-master\packages\@vuepress\core\lib\node\App.js,473:1,error,indent
vuepress-master\packages\@vuepress\core\lib\node\App.js,474:1,error,indent
vuepress-master\packages\@vuepress\core\lib\node\App.js,475:1,error,indent
vuepress-master\packages\@vuepress\core\lib\node\App.js,476:1,error,indent
vuepress-master\packages\@vuepress\core\lib\node\App.js,477:1,error,indent
vuepress-master\packages\@vuepress\core\lib\node\App.js,478:1,error,indent
vuepress-master\packages\@vuepress\core\lib\node\CacheLoader.js,18:33,error,complexity
vuepress-master\packages\@vuepress\core\lib\node\CacheLoader.js,57:16,error,prefer-template
vuepress-master\packages\@vuepress\core\lib\node\CacheLoader.js,58:16,error,prefer-template
vuepress-master\packages\@vuepress\core\lib\node\ClientComputedMixin.js,57:54,error,no-magic-numbers
vuepress-master\packages\@vuepress\core\lib\node\ClientComputedMixin.js,92:14,error,prefer-template
vuepress-master\packages\@vuepress\core\lib\node\ClientComputedMixin.js,132:78,error,no-magic-numbers
vuepress-master\packages\@vuepress\core\lib\node\Page.js,73:16,error,prefer-template
vuepress-master\packages\@vuepress\core\lib\node\Page.js,88:17,error,max-statements
vuepress-master\packages\@vuepress\core\lib\node\Page.js,235:26,error,no-magic-numbers
vuepress-master\packages\@vuepress\core\lib\node\Page.js,288:3,error,require-await
vuepress-master\packages\@vuepress\core\lib\node\__tests__\plugin-api\AsyncOption.spec.js,3:1,error,no-undef
vuepress-master\packages\@vuepress\core\lib\node\__tests__\plugin-api\AsyncOption.spec.js,4:3,error,no-undef
vuepress-master\packages\@vuepress\core\lib\node\__tests__\plugin-api\AsyncOption.spec.js,6:22,error,no-undef
vuepress-master\packages\@vuepress\core\lib\node\__tests__\plugin-api\AsyncOption.spec.js,7:22,error,no-undef
vuepress-master\packages\@vuepress\core\lib\node\__tests__\plugin-api\AsyncOption.spec.js,15:32,error,no-magic-numbers
vuepress-master\packages\@vuepress\core\lib\node\__tests__\plugin-api\AsyncOption.spec.js,15:35,error,no-magic-numbers
vuepress-master\packages\@vuepress\core\lib\node\__tests__\plugin-api\Option.spec.js,3:1,error,no-undef
vuepress-master\packages\@vuepress\core\lib\node\__tests__\plugin-api\Option.spec.js,4:3,error,no-undef
vuepress-master\packages\@vuepress\core\lib\node\__tests__\plugin-api\Option.spec.js,6:5,error,no-undef
vuepress-master\packages\@vuepress\core\lib\node\__tests__\plugin-api\Option.spec.js,9:3,error,no-undef
vuepress-master\packages\@vuepress\core\lib\node\__tests__\plugin-api\Option.spec.js,14:5,error,no-undef
vuepress-master\packages\@vuepress\core\lib\node\__tests__\plugin-api\Option.spec.js,19:5,error,no-undef
vuepress-master\packages\@vuepress\core\lib\node\__tests__\plugin-api\Option.spec.js,22:3,error,no-undef
vuepress-master\packages\@vuepress\core\lib\node\__tests__\plugin-api\Option.spec.js,27:5,error,no-undef
vuepress-master\packages\@vuepress\core\lib\node\__tests__\plugin-api\Option.spec.js,34:3,error,no-undef
vuepress-master\packages\@vuepress\core\lib\node\__tests__\plugin-api\Option.spec.js,41:5,error,no-undef
vuepress-master\packages\@vuepress\core\lib\node\__tests__\plugin-api\Option.spec.js,46:3,error,no-undef
vuepress-master\packages\@vuepress\core\lib\node\__tests__\plugin-api\Option.spec.js,52:5,error,no-undef
vuepress-master\packages\@vuepress\core\lib\node\__tests__\plugin-api\Option.spec.js,55:3,error,no-undef
vuepress-master\packages\@vuepress\core\lib\node\__tests__\plugin-api\Option.spec.js,57:22,error,no-undef
vuepress-master\packages\@vuepress\core\lib\node\__tests__\plugin-api\Option.spec.js,58:22,error,no-undef
vuepress-master\packages\@vuepress\core\lib\node\__tests__\plugin-api\Option.spec.js,64:5,error,no-undef
vuepress-master\packages\@vuepress\core\lib\node\__tests__\plugin-api\Option.spec.js,64:46,error,no-magic-numbers
vuepress-master\packages\@vuepress\core\lib\node\__tests__\plugin-api\Option.spec.js,65:5,error,no-undef
vuepress-master\packages\@vuepress\core\lib\node\__tests__\plugin-api\Option.spec.js,65:46,error,no-magic-numbers
vuepress-master\packages\@vuepress\core\lib\node\__tests__\plugin-api\Option.spec.js,66:5,error,no-undef
vuepress-master\packages\@vuepress\core\lib\node\__tests__\plugin-api\Option.spec.js,66:32,error,no-magic-numbers
vuepress-master\packages\@vuepress\core\lib\node\__tests__\plugin-api\Option.spec.js,66:35,error,no-magic-numbers
vuepress-master\packages\@vuepress\core\lib\node\__tests__\plugin-api\Option.spec.js,67:5,error,no-undef
vuepress-master\packages\@vuepress\core\lib\node\__tests__\plugin-api\Option.spec.js,67:32,error,no-magic-numbers
vuepress-master\packages\@vuepress\core\lib\node\__tests__\plugin-api\Option.spec.js,67:35,error,no-magic-numbers
vuepress-master\packages\@vuepress\core\lib\node\__tests__\plugin-api\Option.spec.js,68:5,error,no-undef
vuepress-master\packages\@vuepress\core\lib\node\__tests__\plugin-api\Option.spec.js,68:32,error,no-magic-numbers
vuepress-master\packages\@vuepress\core\lib\node\__tests__\plugin-api\Option.spec.js,68:35,error,no-magic-numbers
vuepress-master\packages\@vuepress\core\lib\node\__tests__\plugin-api\Option.spec.js,69:5,error,no-undef
vuepress-master\packages\@vuepress\core\lib\node\__tests__\plugin-api\Option.spec.js,69:32,error,no-magic-numbers
vuepress-master\packages\@vuepress\core\lib\node\__tests__\plugin-api\Option.spec.js,69:35,error,no-magic-numbers
vuepress-master\packages\@vuepress\core\lib\node\__tests__\plugin-api\Option.spec.js,72:3,error,no-undef
vuepress-master\packages\@vuepress\core\lib\node\__tests__\plugin-api\Option.spec.js,76:22,error,no-undef
vuepress-master\packages\@vuepress\core\lib\node\__tests__\plugin-api\Option.spec.js,77:22,error,no-undef
vuepress-master\packages\@vuepress\core\lib\node\__tests__\plugin-api\Option.spec.js,82:22,error,no-magic-numbers
vuepress-master\packages\@vuepress\core\lib\node\__tests__\plugin-api\Option.spec.js,82:25,error,no-magic-numbers
vuepress-master\packages\@vuepress\core\lib\node\__tests__\plugin-api\Option.spec.js,84:5,error,no-undef
vuepress-master\packages\@vuepress\core\lib\node\__tests__\plugin-api\PluginAPI.spec.js,1:1,error,no-undef
vuepress-master\packages\@vuepress\core\lib\node\__tests__\plugin-api\PluginAPI.spec.js,2:1,error,no-undef
vuepress-master\packages\@vuepress\core\lib\node\__tests__\plugin-api\PluginAPI.spec.js,3:1,error,no-undef
vuepress-master\packages\@vuepress\core\lib\node\__tests__\plugin-api\PluginAPI.spec.js,8:1,error,no-undef
vuepress-master\packages\@vuepress\core\lib\node\__tests__\plugin-api\PluginAPI.spec.js,9:3,error,no-undef
vuepress-master\packages\@vuepress\core\lib\node\__tests__\plugin-api\PluginAPI.spec.js,13:5,error,no-undef
vuepress-master\packages\@vuepress\core\lib\node\__tests__\plugin-api\PluginAPI.spec.js,13:51,error,no-magic-numbers
vuepress-master\packages\@vuepress\core\lib\node\__tests__\plugin-api\PluginAPI.spec.js,14:5,error,no-undef
vuepress-master\packages\@vuepress\core\lib\node\__tests__\plugin-api\PluginAPI.spec.js,14:37,error,no-magic-numbers
vuepress-master\packages\@vuepress\core\lib\node\__tests__\plugin-api\PluginAPI.spec.js,17:3,error,no-undef
vuepress-master\packages\@vuepress\core\lib\node\__tests__\plugin-api\PluginAPI.spec.js,26:7,error,no-undef
vuepress-master\packages\@vuepress\core\lib\node\__tests__\plugin-api\PluginAPI.spec.js,26:47,error,no-magic-numbers
vuepress-master\packages\@vuepress\core\lib\node\__tests__\plugin-api\PluginAPI.spec.js,27:7,error,no-undef
vuepress-master\packages\@vuepress\core\lib\node\__tests__\plugin-api\PluginAPI.spec.js,27:33,error,no-magic-numbers
vuepress-master\packages\@vuepress\core\lib\node\__tests__\plugin-api\PluginAPI.spec.js,28:7,error,no-undef
vuepress-master\packages\@vuepress\core\lib\node\__tests__\plugin-api\PluginAPI.spec.js,28:48,error,no-magic-numbers
vuepress-master\packages\@vuepress\core\lib\node\__tests__\plugin-api\PluginAPI.spec.js,32:3,error,no-undef
vuepress-master\packages\@vuepress\core\lib\node\__tests__\plugin-api\PluginAPI.spec.js,39:7,error,no-undef
vuepress-master\packages\@vuepress\core\lib\node\__tests__\plugin-api\PluginAPI.spec.js,39:47,error,no-magic-numbers
vuepress-master\packages\@vuepress\core\lib\node\__tests__\plugin-api\PluginAPI.spec.js,40:7,error,no-undef
vuepress-master\packages\@vuepress\core\lib\node\__tests__\plugin-api\PluginAPI.spec.js,40:48,error,no-magic-numbers
vuepress-master\packages\@vuepress\core\lib\node\__tests__\plugin-api\PluginAPI.spec.js,41:7,error,no-undef
vuepress-master\packages\@vuepress\core\lib\node\__tests__\plugin-api\PluginAPI.spec.js,41:34,error,no-magic-numbers
vuepress-master\packages\@vuepress\core\lib\node\__tests__\plugin-api\PluginAPI.spec.js,45:3,error,no-undef
vuepress-master\packages\@vuepress\core\lib\node\__tests__\plugin-api\PluginAPI.spec.js,53:7,error,no-undef
vuepress-master\packages\@vuepress\core\lib\node\__tests__\plugin-api\PluginAPI.spec.js,53:33,error,no-magic-numbers
vuepress-master\packages\@vuepress\core\lib\node\__tests__\plugin-api\PluginAPI.spec.js,57:3,error,no-undef
vuepress-master\packages\@vuepress\core\lib\node\__tests__\plugin-api\PluginAPI.spec.js,68:5,error,no-undef
vuepress-master\packages\@vuepress\core\lib\node\__tests__\plugin-api\PluginAPI.spec.js,68:45,error,no-magic-numbers
vuepress-master\packages\@vuepress\core\lib\node\__tests__\plugin-api\PluginAPI.spec.js,70:5,error,no-undef
vuepress-master\packages\@vuepress\core\lib\node\__tests__\plugin-api\PluginAPI.spec.js,70:31,error,no-magic-numbers
vuepress-master\packages\@vuepress\core\lib\node\__tests__\plugin-api\PluginAPI.spec.js,73:3,error,no-undef
vuepress-master\packages\@vuepress\core\lib\node\__tests__\plugin-api\PluginAPI.spec.js,82:5,error,no-undef
vuepress-master\packages\@vuepress\core\lib\node\__tests__\plugin-api\PluginAPI.spec.js,82:45,error,no-magic-numbers
vuepress-master\packages\@vuepress\core\lib\node\__tests__\plugin-api\PluginAPI.spec.js,84:5,error,no-undef
vuepress-master\packages\@vuepress\core\lib\node\__tests__\plugin-api\PluginAPI.spec.js,84:31,error,no-magic-numbers
vuepress-master\packages\@vuepress\core\lib\node\__tests__\plugin-api\PluginAPI.spec.js,85:5,error,no-undef
vuepress-master\packages\@vuepress\core\lib\node\__tests__\plugin-api\PluginAPI.spec.js,85:31,error,no-magic-numbers
vuepress-master\packages\@vuepress\core\lib\node\__tests__\plugin-api\PluginUtil.spec.js,3:1,error,no-undef
vuepress-master\packages\@vuepress\core\lib\node\__tests__\plugin-api\PluginUtil.spec.js,4:3,error,no-undef
vuepress-master\packages\@vuepress\core\lib\node\__tests__\plugin-api\PluginUtil.spec.js,7:5,error,no-undef
vuepress-master\packages\@vuepress\core\lib\node\__tests__\plugin-api\PluginUtil.spec.js,8:5,error,no-undef
vuepress-master\packages\@vuepress\core\lib\node\__tests__\plugin-api\PluginUtil.spec.js,9:5,error,no-undef
vuepress-master\packages\@vuepress\core\lib\node\__tests__\plugin-api\PluginUtil.spec.js,10:5,error,no-undef
vuepress-master\packages\@vuepress\core\lib\node\__tests__\plugin-api\PluginUtil.spec.js,13:3,error,no-undef
vuepress-master\packages\@vuepress\core\lib\node\__tests__\plugin-api\PluginUtil.spec.js,16:5,error,no-undef
vuepress-master\packages\@vuepress\core\lib\node\__tests__\plugin-api\PluginUtil.spec.js,17:5,error,no-undef
vuepress-master\packages\@vuepress\core\lib\node\__tests__\plugin-api\PluginUtil.spec.js,18:5,error,no-undef
vuepress-master\packages\@vuepress\core\lib\node\__tests__\plugin-api\PluginUtil.spec.js,21:3,error,no-undef
vuepress-master\packages\@vuepress\core\lib\node\__tests__\plugin-api\PluginUtil.spec.js,22:20,error,no-undef
vuepress-master\packages\@vuepress\core\lib\node\__tests__\plugin-api\PluginUtil.spec.js,27:5,error,no-undef
vuepress-master\packages\@vuepress\core\lib\node\__tests__\plugin-api\PluginUtil.spec.js,28:5,error,no-undef
vuepress-master\packages\@vuepress\core\lib\node\__tests__\plugin-api\PluginUtil.spec.js,29:5,error,no-undef
vuepress-master\packages\@vuepress\core\lib\node\__tests__\plugin-api\PluginUtil.spec.js,30:5,error,no-undef
vuepress-master\packages\@vuepress\core\lib\node\__tests__\plugin-api\PluginUtil.spec.js,31:5,error,no-undef
vuepress-master\packages\@vuepress\core\lib\node\__tests__\plugin-api\PluginUtil.spec.js,31:44,error,no-magic-numbers
vuepress-master\packages\@vuepress\core\lib\node\__tests__\plugin-api\PluginUtil.spec.js,32:5,error,no-undef
vuepress-master\packages\@vuepress\core\lib\node\__tests__\plugin-api\PluginUtil.spec.js,32:30,error,no-magic-numbers
vuepress-master\packages\@vuepress\core\lib\node\__tests__\plugin-api\PluginUtil.spec.js,32:33,error,no-magic-numbers
vuepress-master\packages\@vuepress\core\lib\node\__tests__\plugin-api\PluginUtil.spec.js,33:5,error,no-undef
vuepress-master\packages\@vuepress\core\lib\node\__tests__\plugin-api\PluginUtil.spec.js,33:52,error,no-magic-numbers
vuepress-master\packages\@vuepress\core\lib\node\__tests__\plugin-api\PluginUtil.spec.js,33:55,error,no-magic-numbers
vuepress-master\packages\@vuepress\core\lib\node\__tests__\plugin-api\PluginUtil.spec.js,36:3,error,no-undef
vuepress-master\packages\@vuepress\core\lib\node\__tests__\plugin-api\PluginUtil.spec.js,37:20,error,no-undef
vuepress-master\packages\@vuepress\core\lib\node\__tests__\plugin-api\PluginUtil.spec.js,42:5,error,no-undef
vuepress-master\packages\@vuepress\core\lib\node\__tests__\plugin-api\PluginUtil.spec.js,42:30,error,no-magic-numbers
vuepress-master\packages\@vuepress\core\lib\node\__tests__\plugin-api\PluginUtil.spec.js,42:33,error,no-magic-numbers
vuepress-master\packages\@vuepress\core\lib\node\__tests__\plugin-api\PluginUtil.spec.js,43:5,error,no-undef
vuepress-master\packages\@vuepress\core\lib\node\__tests__\plugin-api\PluginUtil.spec.js,43:52,error,no-magic-numbers
vuepress-master\packages\@vuepress\core\lib\node\__tests__\plugin-api\PluginUtil.spec.js,43:55,error,no-magic-numbers
vuepress-master\packages\@vuepress\core\lib\node\__tests__\prepare\App.spec.js,12:1,error,no-undef
vuepress-master\packages\@vuepress\core\lib\node\__tests__\prepare\App.spec.js,13:3,error,no-undef
vuepress-master\packages\@vuepress\core\lib\node\__tests__\prepare\App.spec.js,22:7,error,no-undef
vuepress-master\packages\@vuepress\core\lib\node\__tests__\prepare\Page.spec.js,13:1,error,no-undef
vuepress-master\packages\@vuepress\core\lib\node\__tests__\prepare\Page.spec.js,25:1,error,no-undef
vuepress-master\packages\@vuepress\core\lib\node\__tests__\prepare\Page.spec.js,26:3,error,no-undef
vuepress-master\packages\@vuepress\core\lib\node\__tests__\prepare\Page.spec.js,29:5,error,no-undef
vuepress-master\packages\@vuepress\core\lib\node\__tests__\prepare\Page.spec.js,30:5,error,no-undef
vuepress-master\packages\@vuepress\core\lib\node\__tests__\prepare\Page.spec.js,31:5,error,no-undef
vuepress-master\packages\@vuepress\core\lib\node\__tests__\prepare\Page.spec.js,34:3,error,no-undef
vuepress-master\packages\@vuepress\core\lib\node\__tests__\prepare\Page.spec.js,39:5,error,no-undef
vuepress-master\packages\@vuepress\core\lib\node\__tests__\prepare\Page.spec.js,40:5,error,no-undef
vuepress-master\packages\@vuepress\core\lib\node\__tests__\prepare\Page.spec.js,43:3,error,no-undef
vuepress-master\packages\@vuepress\core\lib\node\__tests__\prepare\Page.spec.js,50:5,error,no-undef
vuepress-master\packages\@vuepress\core\lib\node\__tests__\prepare\Page.spec.js,53:3,error,no-undef
vuepress-master\packages\@vuepress\core\lib\node\__tests__\prepare\Page.spec.js,65:5,error,no-undef
vuepress-master\packages\@vuepress\core\lib\node\__tests__\prepare\Page.spec.js,69:1,error,no-undef
vuepress-master\packages\@vuepress\core\lib\node\__tests__\prepare\Page.spec.js,70:3,error,no-undef
vuepress-master\packages\@vuepress\core\lib\node\__tests__\prepare\Page.spec.js,73:5,error,no-undef
vuepress-master\packages\@vuepress\core\lib\node\__tests__\prepare\Page.spec.js,74:5,error,no-undef
vuepress-master\packages\@vuepress\core\lib\node\__tests__\prepare\Page.spec.js,77:3,error,no-undef
vuepress-master\packages\@vuepress\core\lib\node\__tests__\prepare\Page.spec.js,81:5,error,no-undef
vuepress-master\packages\@vuepress\core\lib\node\__tests__\prepare\Page.spec.js,82:5,error,no-undef
vuepress-master\packages\@vuepress\core\lib\node\__tests__\prepare\Page.spec.js,85:3,error,no-undef
vuepress-master\packages\@vuepress\core\lib\node\__tests__\prepare\Page.spec.js,90:5,error,no-undef
vuepress-master\packages\@vuepress\core\lib\node\__tests__\prepare\Page.spec.js,91:5,error,no-undef
vuepress-master\packages\@vuepress\core\lib\node\__tests__\prepare\Page.spec.js,97:5,error,no-undef
vuepress-master\packages\@vuepress\core\lib\node\__tests__\prepare\Page.spec.js,101:1,error,no-undef
vuepress-master\packages\@vuepress\core\lib\node\__tests__\prepare\Page.spec.js,102:3,error,no-undef
vuepress-master\packages\@vuepress\core\lib\node\__tests__\prepare\Page.spec.js,107:5,error,no-undef
vuepress-master\packages\@vuepress\core\lib\node\__tests__\prepare\Page.spec.js,108:5,error,no-undef
vuepress-master\packages\@vuepress\core\lib\node\__tests__\prepare\Page.spec.js,109:5,error,no-undef
vuepress-master\packages\@vuepress\core\lib\node\__tests__\prepare\Page.spec.js,110:5,error,no-undef
vuepress-master\packages\@vuepress\core\lib\node\__tests__\prepare\Page.spec.js,114:5,error,no-undef
vuepress-master\packages\@vuepress\core\lib\node\__tests__\prepare\Page.spec.js,115:5,error,no-undef
vuepress-master\packages\@vuepress\core\lib\node\__tests__\prepare\Page.spec.js,118:3,error,no-undef
vuepress-master\packages\@vuepress\core\lib\node\__tests__\prepare\Page.spec.js,124:5,error,no-undef
vuepress-master\packages\@vuepress\core\lib\node\__tests__\prepare\Page.spec.js,125:5,error,no-undef
vuepress-master\packages\@vuepress\core\lib\node\__tests__\prepare\Page.spec.js,128:3,error,no-undef
vuepress-master\packages\@vuepress\core\lib\node\__tests__\prepare\Page.spec.js,134:5,error,no-undef
vuepress-master\packages\@vuepress\core\lib\node\__tests__\prepare\Page.spec.js,135:5,error,no-undef
vuepress-master\packages\@vuepress\core\lib\node\__tests__\prepare\Page.spec.js,136:5,error,no-undef
vuepress-master\packages\@vuepress\core\lib\node\__tests__\prepare\Page.spec.js,137:5,error,no-undef
vuepress-master\packages\@vuepress\core\lib\node\__tests__\prepare\Page.spec.js,138:5,error,no-undef
vuepress-master\packages\@vuepress\core\lib\node\__tests__\prepare\Page.spec.js,139:5,error,no-undef
vuepress-master\packages\@vuepress\core\lib\node\__tests__\prepare\Page.spec.js,142:3,error,no-undef
vuepress-master\packages\@vuepress\core\lib\node\__tests__\prepare\Page.spec.js,147:5,error,no-undef
vuepress-master\packages\@vuepress\core\lib\node\__tests__\prepare\Page.spec.js,150:3,error,no-undef
vuepress-master\packages\@vuepress\core\lib\node\__tests__\prepare\Page.spec.js,155:5,error,no-undef
vuepress-master\packages\@vuepress\core\lib\node\__tests__\prepare\Page.spec.js,158:3,error,no-undef
vuepress-master\packages\@vuepress\core\lib\node\__tests__\prepare\Page.spec.js,164:5,error,no-undef
vuepress-master\packages\@vuepress\core\lib\node\__tests__\prepare\Page.spec.js,168:1,error,no-undef
vuepress-master\packages\@vuepress\core\lib\node\__tests__\prepare\Page.spec.js,169:3,error,no-undef
vuepress-master\packages\@vuepress\core\lib\node\__tests__\prepare\Page.spec.js,172:5,error,no-undef
vuepress-master\packages\@vuepress\core\lib\node\__tests__\prepare\Page.spec.js,175:3,error,no-undef
vuepress-master\packages\@vuepress\core\lib\node\__tests__\prepare\Page.spec.js,180:5,error,no-undef
vuepress-master\packages\@vuepress\core\lib\node\__tests__\prepare\Page.spec.js,183:3,error,no-undef
vuepress-master\packages\@vuepress\core\lib\node\__tests__\prepare\Page.spec.js,188:5,error,no-undef
vuepress-master\packages\@vuepress\core\lib\node\__tests__\prepare\Page.spec.js,192:1,error,no-undef
vuepress-master\packages\@vuepress\core\lib\node\__tests__\prepare\Page.spec.js,193:3,error,no-undef
vuepress-master\packages\@vuepress\core\lib\node\__tests__\prepare\Page.spec.js,198:16,error,no-undef
vuepress-master\packages\@vuepress\core\lib\node\__tests__\prepare\Page.spec.js,202:16,error,no-undef
vuepress-master\packages\@vuepress\core\lib\node\__tests__\prepare\Page.spec.js,207:38,error,no-undef
vuepress-master\packages\@vuepress\core\lib\node\__tests__\prepare\Page.spec.js,210:3,error,no-undef
vuepress-master\packages\@vuepress\core\lib\node\__tests__\prepare\Page.spec.js,215:16,error,no-undef
vuepress-master\packages\@vuepress\core\lib\node\__tests__\prepare\Page.spec.js,219:16,error,no-undef
vuepress-master\packages\@vuepress\core\lib\node\__tests__\prepare\Page.spec.js,224:14,error,no-undef
vuepress-master\packages\@vuepress\core\lib\node\__tests__\prepare\Page.spec.js,228:43,error,no-undef
vuepress-master\packages\@vuepress\core\lib\node\__tests__\prepare\Page.spec.js,231:3,error,no-undef
vuepress-master\packages\@vuepress\core\lib\node\__tests__\prepare\Page.spec.js,232:26,error,no-undef
vuepress-master\packages\@vuepress\core\lib\node\__tests__\prepare\Page.spec.js,238:11,error,no-undef
vuepress-master\packages\@vuepress\core\lib\node\__tests__\prepare\Page.spec.js,240:14,error,no-undef
vuepress-master\packages\@vuepress\core\lib\node\__tests__\prepare\Page.spec.js,243:5,error,no-undef
vuepress-master\packages\@vuepress\core\lib\node\__tests__\prepare\Page.spec.js,247:1,error,no-undef
vuepress-master\packages\@vuepress\core\lib\node\__tests__\prepare\Page.spec.js,248:3,error,no-undef
vuepress-master\packages\@vuepress\core\lib\node\__tests__\prepare\Page.spec.js,253:5,error,no-undef
vuepress-master\packages\@vuepress\core\lib\node\__tests__\prepare\Page.spec.js,256:3,error,no-undef
vuepress-master\packages\@vuepress\core\lib\node\__tests__\prepare\Page.spec.js,261:5,error,no-undef
vuepress-master\packages\@vuepress\core\lib\node\__tests__\prepare\Page.spec.js,264:3,error,no-undef
vuepress-master\packages\@vuepress\core\lib\node\__tests__\prepare\Page.spec.js,271:5,error,no-undef
vuepress-master\packages\@vuepress\core\lib\node\__tests__\prepare\Page.spec.js,278:5,error,no-undef
vuepress-master\packages\@vuepress\core\lib\node\__tests__\prepare\Page.spec.js,281:3,error,no-undef
vuepress-master\packages\@vuepress\core\lib\node\__tests__\prepare\Page.spec.js,285:5,error,no-undef
vuepress-master\packages\@vuepress\core\lib\node\__tests__\prepare\Page.spec.js,288:3,error,no-undef
vuepress-master\packages\@vuepress\core\lib\node\__tests__\prepare\Page.spec.js,291:5,error,no-undef
vuepress-master\packages\@vuepress\core\lib\node\__tests__\prepare\Page.spec.js,296:5,error,no-undef
vuepress-master\packages\@vuepress\core\lib\node\__tests__\prepare\util.js,15:36,error,no-return-await
vuepress-master\packages\@vuepress\core\lib\node\__tests__\theme-api\index.spec.js,1:1,error,no-undef
vuepress-master\packages\@vuepress\core\lib\node\__tests__\theme-api\index.spec.js,2:1,error,no-undef
vuepress-master\packages\@vuepress\core\lib\node\__tests__\theme-api\index.spec.js,21:1,error,no-undef
vuepress-master\packages\@vuepress\core\lib\node\__tests__\theme-api\index.spec.js,22:3,error,no-undef
vuepress-master\packages\@vuepress\core\lib\node\__tests__\theme-api\index.spec.js,22:27,error,require-await
vuepress-master\packages\@vuepress\core\lib\node\build\index.js,42:18,error,prefer-template
vuepress-master\packages\@vuepress\core\lib\node\build\index.js,53:16,error,max-statements
vuepress-master\packages\@vuepress\core\lib\node\build\index.js,99:51,error,no-magic-numbers
vuepress-master\packages\@vuepress\core\lib\node\build\index.js,101:28,error,no-await-in-loop
vuepress-master\packages\@vuepress\core\lib\node\build\index.js,103:1,error,indent
vuepress-master\packages\@vuepress\core\lib\node\build\index.js,108:40,error,no-magic-numbers
vuepress-master\packages\@vuepress\core\lib\node\build\index.js,109:39,error,no-magic-numbers
vuepress-master\packages\@vuepress\core\lib\node\build\index.js,225:12,error,prefer-template
vuepress-master\packages\@vuepress\core\lib\node\build\index.js,242:37,error,no-magic-numbers
vuepress-master\packages\@vuepress\core\lib\node\build\index.js,251:35,error,no-magic-numbers
vuepress-master\packages\@vuepress\core\lib\node\dev\index.js,291:43,error,no-magic-numbers
vuepress-master\packages\@vuepress\core\lib\node\internal-plugins\dataBlock\index.js,10:1,error,indent
vuepress-master\packages\@vuepress\core\lib\node\internal-plugins\dataBlock\index.js,11:1,error,indent
vuepress-master\packages\@vuepress\core\lib\node\internal-plugins\dataBlock\index.js,12:1,error,indent
vuepress-master\packages\@vuepress\core\lib\node\internal-plugins\dataBlock\index.js,13:1,error,indent
vuepress-master\packages\@vuepress\core\lib\node\internal-plugins\frontmatterBlock\index.js,10:1,error,indent
vuepress-master\packages\@vuepress\core\lib\node\internal-plugins\frontmatterBlock\index.js,11:1,error,indent
vuepress-master\packages\@vuepress\core\lib\node\internal-plugins\frontmatterBlock\index.js,12:1,error,indent
vuepress-master\packages\@vuepress\core\lib\node\internal-plugins\frontmatterBlock\index.js,13:1,error,indent
vuepress-master\packages\@vuepress\core\lib\node\internal-plugins\layoutComponents.js,8:5,error,require-await
vuepress-master\packages\@vuepress\core\lib\node\internal-plugins\pageComponents.js,11:5,error,require-await
vuepress-master\packages\@vuepress\core\lib\node\internal-plugins\palette\index.js,12:15,error,complexity
vuepress-master\packages\@vuepress\core\lib\node\internal-plugins\palette\index.js,40:26,error,prefer-template
vuepress-master\packages\@vuepress\core\lib\node\internal-plugins\palette\index.js,50:24,error,prefer-template
vuepress-master\packages\@vuepress\core\lib\node\internal-plugins\rootMixins.js,10:3,error,require-await
vuepress-master\packages\@vuepress\core\lib\node\internal-plugins\routes.js,8:3,error,require-await
vuepress-master\packages\@vuepress\core\lib\node\internal-plugins\routes.js,66:28,error,prefer-template
vuepress-master\packages\@vuepress\core\lib\node\internal-plugins\siteData.js,8:3,error,require-await
vuepress-master\packages\@vuepress\core\lib\node\internal-plugins\siteData.js,9:85,error,no-magic-numbers
vuepress-master\packages\@vuepress\core\lib\node\internal-plugins\style\index.js,35:24,error,prefer-template
vuepress-master\packages\@vuepress\core\lib\node\internal-plugins\style\index.js,46:22,error,prefer-template
vuepress-master\packages\@vuepress\core\lib\node\loadConfig.js,58:5,error,no-case-declarations
vuepress-master\packages\@vuepress\core\lib\node\loadTheme.js,55:14,error,prefer-template
vuepress-master\packages\@vuepress\core\lib\node\loadTheme.js,73:1,error,max-statements
vuepress-master\packages\@vuepress\core\lib\node\loadTheme.js,73:1,error,complexity
vuepress-master\packages\@vuepress\core\lib\node\loadTheme.js,90:48,error,no-magic-numbers
vuepress-master\packages\@vuepress\core\lib\node\plugin-api\abstract\AsyncOption.js,33:15,error,no-await-in-loop
vuepress-master\packages\@vuepress\core\lib\node\plugin-api\abstract\AsyncOption.js,87:15,error,no-await-in-loop
vuepress-master\packages\@vuepress\core\lib\node\plugin-api\abstract\Option.js,43:22,error,no-magic-numbers
vuepress-master\packages\@vuepress\core\lib\node\plugin-api\abstract\Option.js,44:32,error,no-magic-numbers
vuepress-master\packages\@vuepress\core\lib\node\plugin-api\index.js,98:30,error,no-magic-numbers
vuepress-master\packages\@vuepress\core\lib\node\plugin-api\index.js,99:50,error,no-magic-numbers
vuepress-master\packages\@vuepress\core\lib\node\plugin-api\index.js,261:18,error,prefer-template
vuepress-master\packages\@vuepress\core\lib\node\plugin-api\index.js,276:18,error,prefer-template
vuepress-master\packages\@vuepress\core\lib\node\plugin-api\override\ClientDynamicModulesOption.js,19:7,error,no-await-in-loop
vuepress-master\packages\@vuepress\core\lib\node\plugin-api\override\EnhanceAppFilesOption.js,21:15,error,max-statements
vuepress-master\packages\@vuepress\core\lib\node\plugin-api\override\EnhanceAppFilesOption.js,28:14,error,no-return-await
vuepress-master\packages\@vuepress\core\lib\node\plugin-api\override\EnhanceAppFilesOption.js,32:13,error,prefer-template
vuepress-master\packages\@vuepress\core\lib\node\plugin-api\override\EnhanceAppFilesOption.js,47:22,error,no-await-in-loop
vuepress-master\packages\@vuepress\core\lib\node\plugin-api\override\EnhanceAppFilesOption.js,49:22,error,no-await-in-loop
vuepress-master\packages\@vuepress\core\lib\node\plugin-api\override\EnhanceAppFilesOption.js,54:27,error,no-await-in-loop
vuepress-master\packages\@vuepress\core\lib\node\plugin-api\override\EnhanceAppFilesOption.js,57:24,error,no-await-in-loop
vuepress-master\packages\@vuepress\core\lib\node\plugin-api\override\EnhanceAppFilesOption.js,62:24,error,no-await-in-loop
vuepress-master\packages\@vuepress\core\lib\node\plugin-api\override\EnhanceAppFilesOption.js,70:13,error,prefer-template
vuepress-master\packages\@vuepress\core\lib\node\plugin-api\override\GlobalUIComponentsOption.js,17:59,error,no-magic-numbers
vuepress-master\packages\@vuepress\core\lib\node\theme-api\index.js,141:29,error,no-magic-numbers
vuepress-master\packages\@vuepress\core\lib\node\theme-api\index.js,141:32,error,no-magic-numbers
vuepress-master\packages\@vuepress\core\lib\node\util\index.js,14:23,error,no-magic-numbers
vuepress-master\packages\@vuepress\core\lib\node\util\index.js,17:21,error,no-magic-numbers
vuepress-master\packages\@vuepress\core\lib\node\util\index.js,18:20,error,no-magic-numbers
vuepress-master\packages\@vuepress\core\lib\node\util\index.js,63:20,error,no-magic-numbers
vuepress-master\packages\@vuepress\core\lib\node\util\index.js,65:20,error,no-magic-numbers
vuepress-master\packages\@vuepress\core\lib\node\webpack\ClientPlugin.js,22:24,error,no-magic-numbers
vuepress-master\packages\@vuepress\core\lib\node\webpack\ClientPlugin.js,49:69,error,no-magic-numbers
vuepress-master\packages\@vuepress\core\lib\node\webpack\ClientPlugin.js,63:31,error,no-magic-numbers
vuepress-master\packages\@vuepress\core\lib\node\webpack\ClientPlugin.js,64:28,error,no-magic-numbers
vuepress-master\packages\@vuepress\core\lib\node\webpack\ClientPlugin.js,80:47,error,no-magic-numbers
vuepress-master\packages\@vuepress\core\lib\node\webpack\DevLogPlugin.js,27:63,error,no-magic-numbers
vuepress-master\packages\@vuepress\core\lib\node\webpack\DevLogPlugin.js,31:9,error,prefer-template
vuepress-master\packages\@vuepress\core\lib\node\webpack\DevLogPlugin.js,31:75,error,no-magic-numbers
vuepress-master\packages\@vuepress\core\lib\node\webpack\DevLogPlugin.js,31:78,error,no-magic-numbers
vuepress-master\packages\@vuepress\core\lib\node\webpack\createBaseConfig.js,13:18,error,max-statements
vuepress-master\packages\@vuepress\core\lib\node\webpack\createBaseConfig.js,13:18,error,complexity
vuepress-master\packages\@vuepress\core\lib\node\webpack\createBaseConfig.js,42:1,error,indent
vuepress-master\packages\@vuepress\core\lib\node\webpack\createBaseConfig.js,43:1,error,indent
vuepress-master\packages\@vuepress\core\lib\node\webpack\createBaseConfig.js,44:1,error,indent
vuepress-master\packages\@vuepress\core\lib\node\webpack\createBaseConfig.js,58:1,error,indent
vuepress-master\packages\@vuepress\core\lib\node\webpack\createBaseConfig.js,59:1,error,indent
vuepress-master\packages\@vuepress\core\lib\node\webpack\createBaseConfig.js,60:1,error,indent
vuepress-master\packages\@vuepress\core\lib\node\webpack\createBaseConfig.js,61:1,error,indent
vuepress-master\packages\@vuepress\core\lib\node\webpack\createBaseConfig.js,62:1,error,indent
vuepress-master\packages\@vuepress\core\lib\node\webpack\createBaseConfig.js,63:1,error,indent
vuepress-master\packages\@vuepress\core\lib\node\webpack\createBaseConfig.js,64:1,error,indent
vuepress-master\packages\@vuepress\core\lib\node\webpack\createBaseConfig.js,66:1,error,indent
vuepress-master\packages\@vuepress\core\lib\node\webpack\createBaseConfig.js,67:1,error,indent
vuepress-master\packages\@vuepress\core\lib\node\webpack\createBaseConfig.js,69:1,error,indent
vuepress-master\packages\@vuepress\core\lib\node\webpack\createBaseConfig.js,74:1,error,indent
vuepress-master\packages\@vuepress\core\lib\node\webpack\createBaseConfig.js,84:32,error,prefer-template
vuepress-master\packages\@vuepress\core\lib\node\webpack\createBaseConfig.js,89:1,error,indent
vuepress-master\packages\@vuepress\core\lib\node\webpack\createBaseConfig.js,90:1,error,indent
vuepress-master\packages\@vuepress\core\lib\node\webpack\createBaseConfig.js,91:1,error,indent
vuepress-master\packages\@vuepress\core\lib\node\webpack\createBaseConfig.js,92:1,error,indent
vuepress-master\packages\@vuepress\core\lib\node\webpack\createBaseConfig.js,93:1,error,indent
vuepress-master\packages\@vuepress\core\lib\node\webpack\createBaseConfig.js,97:1,error,indent
vuepress-master\packages\@vuepress\core\lib\node\webpack\createBaseConfig.js,98:1,error,indent
vuepress-master\packages\@vuepress\core\lib\node\webpack\createBaseConfig.js,99:1,error,indent
vuepress-master\packages\@vuepress\core\lib\node\webpack\createBaseConfig.js,100:1,error,indent
vuepress-master\packages\@vuepress\core\lib\node\webpack\createBaseConfig.js,101:1,error,indent
vuepress-master\packages\@vuepress\core\lib\node\webpack\createBaseConfig.js,102:1,error,indent
vuepress-master\packages\@vuepress\core\lib\node\webpack\createBaseConfig.js,103:1,error,indent
vuepress-master\packages\@vuepress\core\lib\node\webpack\createBaseConfig.js,104:1,error,indent
vuepress-master\packages\@vuepress\core\lib\node\webpack\createBaseConfig.js,109:1,error,indent
vuepress-master\packages\@vuepress\core\lib\node\webpack\createBaseConfig.js,115:1,error,indent
vuepress-master\packages\@vuepress\core\lib\node\webpack\createBaseConfig.js,121:1,error,indent
vuepress-master\packages\@vuepress\core\lib\node\webpack\createBaseConfig.js,122:1,error,indent
vuepress-master\packages\@vuepress\core\lib\node\webpack\createBaseConfig.js,128:1,error,indent
vuepress-master\packages\@vuepress\core\lib\node\webpack\createBaseConfig.js,129:1,error,indent
vuepress-master\packages\@vuepress\core\lib\node\webpack\createBaseConfig.js,138:1,error,indent
vuepress-master\packages\@vuepress\core\lib\node\webpack\createBaseConfig.js,139:1,error,indent
vuepress-master\packages\@vuepress\core\lib\node\webpack\createBaseConfig.js,140:1,error,indent
vuepress-master\packages\@vuepress\core\lib\node\webpack\createBaseConfig.js,141:1,error,indent
vuepress-master\packages\@vuepress\core\lib\node\webpack\createBaseConfig.js,142:1,error,indent
vuepress-master\packages\@vuepress\core\lib\node\webpack\createBaseConfig.js,143:1,error,indent
vuepress-master\packages\@vuepress\core\lib\node\webpack\createBaseConfig.js,145:1,error,indent
vuepress-master\packages\@vuepress\core\lib\node\webpack\createBaseConfig.js,146:1,error,indent
vuepress-master\packages\@vuepress\core\lib\node\webpack\createBaseConfig.js,147:1,error,indent
vuepress-master\packages\@vuepress\core\lib\node\webpack\createBaseConfig.js,148:1,error,indent
vuepress-master\packages\@vuepress\core\lib\node\webpack\createBaseConfig.js,150:1,error,indent
vuepress-master\packages\@vuepress\core\lib\node\webpack\createBaseConfig.js,151:1,error,indent
vuepress-master\packages\@vuepress\core\lib\node\webpack\createBaseConfig.js,152:1,error,indent
vuepress-master\packages\@vuepress\core\lib\node\webpack\createBaseConfig.js,153:1,error,indent
vuepress-master\packages\@vuepress\core\lib\node\webpack\createBaseConfig.js,154:1,error,indent
vuepress-master\packages\@vuepress\core\lib\node\webpack\createBaseConfig.js,154:27,error,no-useless-escape
vuepress-master\packages\@vuepress\core\lib\node\webpack\createBaseConfig.js,154:34,error,no-useless-escape
vuepress-master\packages\@vuepress\core\lib\node\webpack\createBaseConfig.js,154:52,error,no-useless-escape
vuepress-master\packages\@vuepress\core\lib\node\webpack\createBaseConfig.js,154:60,error,no-useless-escape
vuepress-master\packages\@vuepress\core\lib\node\webpack\createBaseConfig.js,155:1,error,indent
vuepress-master\packages\@vuepress\core\lib\node\webpack\createBaseConfig.js,156:1,error,indent
vuepress-master\packages\@vuepress\core\lib\node\webpack\createBaseConfig.js,158:1,error,indent
vuepress-master\packages\@vuepress\core\lib\node\webpack\createBaseConfig.js,159:1,error,indent
vuepress-master\packages\@vuepress\core\lib\node\webpack\createBaseConfig.js,160:1,error,indent
vuepress-master\packages\@vuepress\core\lib\node\webpack\createBaseConfig.js,161:1,error,indent
vuepress-master\packages\@vuepress\core\lib\node\webpack\createBaseConfig.js,163:1,error,indent
vuepress-master\packages\@vuepress\core\lib\node\webpack\createBaseConfig.js,164:1,error,indent
vuepress-master\packages\@vuepress\core\lib\node\webpack\createBaseConfig.js,165:1,error,indent
vuepress-master\packages\@vuepress\core\lib\node\webpack\createBaseConfig.js,166:1,error,indent
vuepress-master\packages\@vuepress\core\lib\node\webpack\createBaseConfig.js,167:1,error,indent
vuepress-master\packages\@vuepress\core\lib\node\webpack\createBaseConfig.js,168:1,error,indent
vuepress-master\packages\@vuepress\core\lib\node\webpack\createBaseConfig.js,169:1,error,indent
vuepress-master\packages\@vuepress\core\lib\node\webpack\createBaseConfig.js,170:1,error,indent
vuepress-master\packages\@vuepress\core\lib\node\webpack\createBaseConfig.js,171:1,error,indent
vuepress-master\packages\@vuepress\core\lib\node\webpack\createBaseConfig.js,172:1,error,indent
vuepress-master\packages\@vuepress\core\lib\node\webpack\createBaseConfig.js,173:1,error,indent
vuepress-master\packages\@vuepress\core\lib\node\webpack\createBaseConfig.js,174:1,error,indent
vuepress-master\packages\@vuepress\core\lib\node\webpack\createBaseConfig.js,175:1,error,indent
vuepress-master\packages\@vuepress\core\lib\node\webpack\createBaseConfig.js,176:1,error,indent
vuepress-master\packages\@vuepress\core\lib\node\webpack\createBaseConfig.js,177:1,error,indent
vuepress-master\packages\@vuepress\core\lib\node\webpack\createBaseConfig.js,178:1,error,indent
vuepress-master\packages\@vuepress\core\lib\node\webpack\createBaseConfig.js,179:1,error,indent
vuepress-master\packages\@vuepress\core\lib\node\webpack\createBaseConfig.js,180:1,error,indent
vuepress-master\packages\@vuepress\core\lib\node\webpack\createBaseConfig.js,181:1,error,indent
vuepress-master\packages\@vuepress\core\lib\node\webpack\createBaseConfig.js,182:1,error,indent
vuepress-master\packages\@vuepress\core\lib\node\webpack\createBaseConfig.js,183:1,error,indent
vuepress-master\packages\@vuepress\core\lib\node\webpack\createBaseConfig.js,184:1,error,indent
vuepress-master\packages\@vuepress\core\lib\node\webpack\createBaseConfig.js,185:1,error,indent
vuepress-master\packages\@vuepress\core\lib\node\webpack\createBaseConfig.js,186:1,error,indent
vuepress-master\packages\@vuepress\core\lib\node\webpack\createBaseConfig.js,187:1,error,indent
vuepress-master\packages\@vuepress\core\lib\node\webpack\createBaseConfig.js,188:1,error,indent
vuepress-master\packages\@vuepress\core\lib\node\webpack\createBaseConfig.js,193:1,error,indent
vuepress-master\packages\@vuepress\core\lib\node\webpack\createBaseConfig.js,194:1,error,indent
vuepress-master\packages\@vuepress\core\lib\node\webpack\createBaseConfig.js,195:1,error,indent
vuepress-master\packages\@vuepress\core\lib\node\webpack\createBaseConfig.js,196:1,error,indent
vuepress-master\packages\@vuepress\core\lib\node\webpack\createBaseConfig.js,197:1,error,indent
vuepress-master\packages\@vuepress\core\lib\node\webpack\createBaseConfig.js,198:1,error,indent
vuepress-master\packages\@vuepress\core\lib\node\webpack\createBaseConfig.js,199:1,error,indent
vuepress-master\packages\@vuepress\core\lib\node\webpack\createBaseConfig.js,205:1,error,indent
vuepress-master\packages\@vuepress\core\lib\node\webpack\createBaseConfig.js,206:1,error,indent
vuepress-master\packages\@vuepress\core\lib\node\webpack\createBaseConfig.js,207:1,error,indent
vuepress-master\packages\@vuepress\core\lib\node\webpack\createBaseConfig.js,208:1,error,indent
vuepress-master\packages\@vuepress\core\lib\node\webpack\createBaseConfig.js,209:1,error,indent
vuepress-master\packages\@vuepress\core\lib\node\webpack\createBaseConfig.js,210:1,error,indent
vuepress-master\packages\@vuepress\core\lib\node\webpack\createBaseConfig.js,214:1,error,indent
vuepress-master\packages\@vuepress\core\lib\node\webpack\createBaseConfig.js,215:1,error,indent
vuepress-master\packages\@vuepress\core\lib\node\webpack\createBaseConfig.js,216:1,error,indent
vuepress-master\packages\@vuepress\core\lib\node\webpack\createBaseConfig.js,217:1,error,indent
vuepress-master\packages\@vuepress\core\lib\node\webpack\createBaseConfig.js,218:1,error,indent
vuepress-master\packages\@vuepress\core\lib\node\webpack\createBaseConfig.js,219:1,error,indent
vuepress-master\packages\@vuepress\core\lib\node\webpack\createBaseConfig.js,220:1,error,indent
vuepress-master\packages\@vuepress\core\lib\node\webpack\createBaseConfig.js,224:1,error,indent
vuepress-master\packages\@vuepress\core\lib\node\webpack\createBaseConfig.js,225:1,error,indent
vuepress-master\packages\@vuepress\core\lib\node\webpack\createBaseConfig.js,226:1,error,indent
vuepress-master\packages\@vuepress\core\lib\node\webpack\createBaseConfig.js,227:1,error,indent
vuepress-master\packages\@vuepress\core\lib\node\webpack\createBaseConfig.js,228:1,error,indent
vuepress-master\packages\@vuepress\core\lib\node\webpack\createBaseConfig.js,229:1,error,indent
vuepress-master\packages\@vuepress\core\lib\node\webpack\createBaseConfig.js,230:1,error,indent
vuepress-master\packages\@vuepress\core\lib\node\webpack\createBaseConfig.js,328:19,error,no-empty
vuepress-master\packages\@vuepress\core\lib\node\webpack\createClientConfig.js,16:1,error,indent
vuepress-master\packages\@vuepress\core\lib\node\webpack\createServerConfig.js,27:1,error,indent
vuepress-master\packages\@vuepress\markdown-loader\index.js,20:18,error,max-statements
vuepress-master\packages\@vuepress\markdown-loader\index.js,20:18,error,complexity
vuepress-master\packages\@vuepress\markdown-loader\index.js,90:23,error,prefer-template
vuepress-master\packages\@vuepress\markdown-loader\index.js,94:23,error,prefer-template
vuepress-master\packages\@vuepress\markdown-loader\index.js,111:5,error,prefer-template
vuepress-master\packages\@vuepress\markdown\__tests__\highlight.spec.js,8:1,error,no-undef
vuepress-master\packages\@vuepress\markdown\__tests__\highlight.spec.js,9:3,error,no-undef
vuepress-master\packages\@vuepress\markdown\__tests__\highlight.spec.js,13:5,error,no-undef
vuepress-master\packages\@vuepress\markdown\__tests__\highlight.spec.js,14:5,error,no-undef
vuepress-master\packages\@vuepress\markdown\__tests__\highlightLines.spec.js,8:1,error,no-undef
vuepress-master\packages\@vuepress\markdown\__tests__\highlightLines.spec.js,9:3,error,no-undef
vuepress-master\packages\@vuepress\markdown\__tests__\highlightLines.spec.js,13:5,error,no-undef
vuepress-master\packages\@vuepress\markdown\__tests__\highlightLines.spec.js,16:3,error,no-undef
vuepress-master\packages\@vuepress\markdown\__tests__\highlightLines.spec.js,19:5,error,no-undef
vuepress-master\packages\@vuepress\markdown\__tests__\highlightLines.spec.js,22:3,error,no-undef
vuepress-master\packages\@vuepress\markdown\__tests__\highlightLines.spec.js,25:5,error,no-undef
vuepress-master\packages\@vuepress\markdown\__tests__\hoist.spec.js,11:1,error,no-undef
vuepress-master\packages\@vuepress\markdown\__tests__\hoist.spec.js,12:3,error,no-undef
vuepress-master\packages\@vuepress\markdown\__tests__\hoist.spec.js,15:5,error,no-undef
vuepress-master\packages\@vuepress\markdown\__tests__\hoist.spec.js,18:3,error,no-undef
vuepress-master\packages\@vuepress\markdown\__tests__\hoist.spec.js,21:5,error,no-undef
vuepress-master\packages\@vuepress\markdown\__tests__\hoist.spec.js,22:5,error,no-undef
vuepress-master\packages\@vuepress\markdown\__tests__\lineNumers.spec.js,12:1,error,no-undef
vuepress-master\packages\@vuepress\markdown\__tests__\lineNumers.spec.js,13:3,error,no-undef
vuepress-master\packages\@vuepress\markdown\__tests__\lineNumers.spec.js,16:5,error,no-undef
vuepress-master\packages\@vuepress\markdown\__tests__\lineNumers.spec.js,19:3,error,no-undef
vuepress-master\packages\@vuepress\markdown\__tests__\lineNumers.spec.js,22:5,error,no-undef
vuepress-master\packages\@vuepress\markdown\__tests__\link.spec.js,63:1,error,no-undef
vuepress-master\packages\@vuepress\markdown\__tests__\link.spec.js,64:3,error,no-undef
vuepress-master\packages\@vuepress\markdown\__tests__\link.spec.js,69:7,error,no-undef
vuepress-master\packages\@vuepress\markdown\__tests__\link.spec.js,73:3,error,no-undef
vuepress-master\packages\@vuepress\markdown\__tests__\link.spec.js,76:7,error,no-undef
vuepress-master\packages\@vuepress\markdown\__tests__\link.spec.js,80:3,error,no-undef
vuepress-master\packages\@vuepress\markdown\__tests__\link.spec.js,91:7,error,no-undef
vuepress-master\packages\@vuepress\markdown\__tests__\link.spec.js,98:22,error,no-magic-numbers
vuepress-master\packages\@vuepress\markdown\__tests__\preWrapper.spec.js,8:1,error,no-undef
vuepress-master\packages\@vuepress\markdown\__tests__\preWrapper.spec.js,9:3,error,no-undef
vuepress-master\packages\@vuepress\markdown\__tests__\preWrapper.spec.js,13:5,error,no-undef
vuepress-master\packages\@vuepress\markdown\__tests__\preWrapper.spec.js,14:5,error,no-undef
vuepress-master\packages\@vuepress\markdown\__tests__\preWrapper.spec.js,17:3,error,no-undef
vuepress-master\packages\@vuepress\markdown\__tests__\preWrapper.spec.js,21:5,error,no-undef
vuepress-master\packages\@vuepress\markdown\__tests__\preWrapper.spec.js,22:5,error,no-undef
vuepress-master\packages\@vuepress\markdown\__tests__\preWrapper.spec.js,25:3,error,no-undef
vuepress-master\packages\@vuepress\markdown\__tests__\preWrapper.spec.js,28:5,error,no-undef
vuepress-master\packages\@vuepress\markdown\__tests__\slugify.spec.js,21:1,error,no-undef
vuepress-master\packages\@vuepress\markdown\__tests__\slugify.spec.js,22:3,error,no-undef
vuepress-master\packages\@vuepress\markdown\__tests__\slugify.spec.js,25:7,error,no-undef
vuepress-master\packages\@vuepress\markdown\__tests__\slugify.spec.js,31:45,error,no-magic-numbers
vuepress-master\packages\@vuepress\markdown\__tests__\snippet.spec.js,9:1,error,no-undef
vuepress-master\packages\@vuepress\markdown\__tests__\snippet.spec.js,10:3,error,no-undef
vuepress-master\packages\@vuepress\markdown\__tests__\snippet.spec.js,13:5,error,no-undef
vuepress-master\packages\@vuepress\markdown\__tests__\snippet.spec.js,16:3,error,no-undef
vuepress-master\packages\@vuepress\markdown\__tests__\snippet.spec.js,19:5,error,no-undef
vuepress-master\packages\@vuepress\markdown\__tests__\snippet.spec.js,22:3,error,no-undef
vuepress-master\packages\@vuepress\markdown\__tests__\snippet.spec.js,25:5,error,no-undef
vuepress-master\packages\@vuepress\markdown\__tests__\snippet.spec.js,28:3,error,no-undef
vuepress-master\packages\@vuepress\markdown\__tests__\snippet.spec.js,31:5,error,no-undef
vuepress-master\packages\@vuepress\markdown\__tests__\snippet.spec.js,34:3,error,no-undef
vuepress-master\packages\@vuepress\markdown\__tests__\snippet.spec.js,37:5,error,no-undef
vuepress-master\packages\@vuepress\markdown\__tests__\snippet.spec.js,40:3,error,no-undef
vuepress-master\packages\@vuepress\markdown\__tests__\snippet.spec.js,43:5,error,no-undef
vuepress-master\packages\@vuepress\markdown\__tests__\snippet.spec.js,46:3,error,no-undef
vuepress-master\packages\@vuepress\markdown\__tests__\snippet.spec.js,49:5,error,no-undef
vuepress-master\packages\@vuepress\markdown\__tests__\snippet.spec.js,52:3,error,no-undef
vuepress-master\packages\@vuepress\markdown\__tests__\snippet.spec.js,55:5,error,no-undef
vuepress-master\packages\@vuepress\markdown\__tests__\snippet.spec.js,58:3,error,no-undef
vuepress-master\packages\@vuepress\markdown\__tests__\snippet.spec.js,61:5,error,no-undef
vuepress-master\packages\@vuepress\markdown\index.js,53:1,error,indent
vuepress-master\packages\@vuepress\markdown\index.js,54:1,error,indent
vuepress-master\packages\@vuepress\markdown\index.js,55:1,error,indent
vuepress-master\packages\@vuepress\markdown\index.js,58:1,error,indent
vuepress-master\packages\@vuepress\markdown\index.js,59:1,error,indent
vuepress-master\packages\@vuepress\markdown\index.js,62:1,error,indent
vuepress-master\packages\@vuepress\markdown\index.js,63:1,error,indent
vuepress-master\packages\@vuepress\markdown\index.js,66:1,error,indent
vuepress-master\packages\@vuepress\markdown\index.js,67:1,error,indent
vuepress-master\packages\@vuepress\markdown\index.js,70:1,error,indent
vuepress-master\packages\@vuepress\markdown\index.js,71:1,error,indent
vuepress-master\packages\@vuepress\markdown\index.js,74:1,error,indent
vuepress-master\packages\@vuepress\markdown\index.js,75:1,error,indent
vuepress-master\packages\@vuepress\markdown\index.js,76:1,error,indent
vuepress-master\packages\@vuepress\markdown\index.js,77:1,error,indent
vuepress-master\packages\@vuepress\markdown\index.js,78:1,error,indent
vuepress-master\packages\@vuepress\markdown\index.js,81:1,error,indent
vuepress-master\packages\@vuepress\markdown\index.js,82:1,error,indent
vuepress-master\packages\@vuepress\markdown\index.js,85:1,error,indent
vuepress-master\packages\@vuepress\markdown\index.js,86:1,error,indent
vuepress-master\packages\@vuepress\markdown\index.js,89:1,error,indent
vuepress-master\packages\@vuepress\markdown\index.js,90:1,error,indent
vuepress-master\packages\@vuepress\markdown\index.js,91:1,error,indent
vuepress-master\packages\@vuepress\markdown\index.js,92:1,error,indent
vuepress-master\packages\@vuepress\markdown\index.js,93:1,error,indent
vuepress-master\packages\@vuepress\markdown\index.js,94:1,error,indent
vuepress-master\packages\@vuepress\markdown\index.js,95:1,error,indent
vuepress-master\packages\@vuepress\markdown\index.js,98:1,error,indent
vuepress-master\packages\@vuepress\markdown\index.js,99:1,error,indent
vuepress-master\packages\@vuepress\markdown\index.js,100:1,error,indent
vuepress-master\packages\@vuepress\markdown\index.js,100:24,error,no-magic-numbers
vuepress-master\packages\@vuepress\markdown\index.js,100:27,error,no-magic-numbers
vuepress-master\packages\@vuepress\markdown\index.js,101:1,error,indent
vuepress-master\packages\@vuepress\markdown\index.js,102:1,error,indent
vuepress-master\packages\@vuepress\markdown\index.js,103:1,error,indent
vuepress-master\packages\@vuepress\markdown\index.js,108:1,error,indent
vuepress-master\packages\@vuepress\markdown\index.js,152:34,error,no-magic-numbers
vuepress-master\packages\@vuepress\markdown\lib\component.js,18:10,error,no-useless-escape
vuepress-master\packages\@vuepress\markdown\lib\component.js,19:15,error,prefer-template
vuepress-master\packages\@vuepress\markdown\lib\component.js,20:15,error,prefer-template
vuepress-master\packages\@vuepress\markdown\lib\component.js,27:1,error,max-statements
vuepress-master\packages\@vuepress\markdown\lib\component.js,27:1,error,complexity
vuepress-master\packages\@vuepress\markdown\lib\component.js,33:52,error,no-magic-numbers
vuepress-master\packages\@vuepress\markdown\lib\component.js,37:37,error,no-magic-numbers
vuepress-master\packages\@vuepress\markdown\lib\component.js,41:12,error,no-magic-numbers
vuepress-master\packages\@vuepress\markdown\lib\component.js,42:27,error,no-magic-numbers
vuepress-master\packages\@vuepress\markdown\lib\component.js,51:30,error,no-magic-numbers
vuepress-master\packages\@vuepress\markdown\lib\component.js,54:26,error,no-magic-numbers
vuepress-master\packages\@vuepress\markdown\lib\component.js,58:26,error,no-magic-numbers
vuepress-master\packages\@vuepress\markdown\lib\component.js,66:29,error,no-magic-numbers
vuepress-master\packages\@vuepress\markdown\lib\component.js,67:33,error,no-magic-numbers
vuepress-master\packages\@vuepress\markdown\lib\component.js,75:46,error,no-magic-numbers
vuepress-master\packages\@vuepress\markdown\lib\highlightLines.js,22:44,error,no-magic-numbers
vuepress-master\packages\@vuepress\markdown\lib\highlightLines.js,33:34,error,no-magic-numbers
vuepress-master\packages\@vuepress\markdown\lib\lineNumbers.js,14:54,error,no-magic-numbers
vuepress-master\packages\@vuepress\markdown\lib\lineNumbers.js,15:66,error,no-magic-numbers
vuepress-master\packages\@vuepress\markdown\lib\link.js,17:22,error,no-magic-numbers
vuepress-master\packages\@vuepress\markdown\lib\link.js,19:25,error,no-magic-numbers
vuepress-master\packages\@vuepress\markdown\lib\link.js,38:10,error,no-magic-numbers
vuepress-master\packages\@vuepress\markdown\lib\link.js,39:19,error,no-magic-numbers
vuepress-master\packages\@vuepress\markdown\lib\link.js,48:23,error,prefer-template
vuepress-master\packages\@vuepress\markdown\lib\link.js,63:10,error,no-magic-numbers
vuepress-master\packages\@vuepress\markdown\lib\link.js,83:14,error,prefer-template
vuepress-master\packages\@vuepress\markdown\lib\link.js,95:10,error,prefer-template
vuepress-master\packages\@vuepress\markdown\lib\preWrapper.js,15:50,error,no-useless-escape
vuepress-master\packages\@vuepress\markdown\lib\snippet.js,8:48,error,no-magic-numbers
vuepress-master\packages\@vuepress\markdown\lib\snippet.js,12:24,error,no-magic-numbers
vuepress-master\packages\@vuepress\markdown\lib\snippet.js,59:28,error,no-magic-numbers
vuepress-master\packages\@vuepress\markdown\lib\snippet.js,112:3,error,max-statements
vuepress-master\packages\@vuepress\markdown\lib\snippet.js,113:31,error,no-magic-numbers
vuepress-master\packages\@vuepress\markdown\lib\snippet.js,118:54,error,no-magic-numbers
vuepress-master\packages\@vuepress\markdown\lib\snippet.js,122:25,error,no-magic-numbers
vuepress-master\packages\@vuepress\markdown\lib\snippet.js,131:25,error,no-magic-numbers
vuepress-master\packages\@vuepress\markdown\lib\snippet.js,143:111,error,no-magic-numbers
vuepress-master\packages\@vuepress\markdown\lib\snippet.js,145:30,error,no-magic-numbers
vuepress-master\packages\@vuepress\markdown\lib\snippet.js,147:47,error,no-magic-numbers
vuepress-master\packages\@vuepress\markdown\lib\snippet.js,151:41,error,no-magic-numbers
vuepress-master\packages\@vuepress\plugin-active-header-links\clientRootMixin.js,7:5,error,no-undef
vuepress-master\packages\@vuepress\plugin-active-header-links\clientRootMixin.js,13:8,error,no-magic-numbers
vuepress-master\packages\@vuepress\plugin-active-header-links\clientRootMixin.js,15:19,error,complexity
vuepress-master\packages\@vuepress\plugin-active-header-links\clientRootMixin.js,16:42,error,no-undef
vuepress-master\packages\@vuepress\plugin-active-header-links\clientRootMixin.js,17:37,error,no-undef
vuepress-master\packages\@vuepress\plugin-active-header-links\clientRootMixin.js,21:9,error,no-undef
vuepress-master\packages\@vuepress\plugin-active-header-links\clientRootMixin.js,22:9,error,no-undef
vuepress-master\packages\@vuepress\plugin-active-header-links\clientRootMixin.js,23:9,error,no-undef
vuepress-master\packages\@vuepress\plugin-active-header-links\clientRootMixin.js,27:9,error,no-undef
vuepress-master\packages\@vuepress\plugin-active-header-links\clientRootMixin.js,28:9,error,no-undef
vuepress-master\packages\@vuepress\plugin-active-header-links\clientRootMixin.js,31:23,error,no-undef
vuepress-master\packages\@vuepress\plugin-active-header-links\clientRootMixin.js,35:40,error,no-magic-numbers
vuepress-master\packages\@vuepress\plugin-active-header-links\clientRootMixin.js,37:32,error,no-magic-numbers
vuepress-master\packages\@vuepress\plugin-active-header-links\clientRootMixin.js,37:34,error,no-mixed-operators
vuepress-master\packages\@vuepress\plugin-active-header-links\clientRootMixin.js,37:51,error,no-magic-numbers
vuepress-master\packages\@vuepress\plugin-active-header-links\clientRootMixin.js,38:11,error,no-mixed-operators
vuepress-master\packages\@vuepress\plugin-active-header-links\clientRootMixin.js,38:61,error,no-magic-numbers
vuepress-master\packages\@vuepress\plugin-active-header-links\clientRootMixin.js,39:81,error,no-magic-numbers
vuepress-master\packages\@vuepress\plugin-active-header-links\clientRootMixin.js,46:30,error,no-magic-numbers
vuepress-master\packages\@vuepress\plugin-active-header-links\clientRootMixin.js,66:5,error,no-undef
vuepress-master\packages\@vuepress\plugin-back-to-top\enhanceAppFile.js,4:3,error,vue/match-component-file-name
vuepress-master\packages\@vuepress\plugin-google-analytics\enhanceAppFile.js,11:16,error,no-magic-numbers
vuepress-master\packages\@vuepress\plugin-google-analytics\enhanceAppFile.js,13:37,error,no-magic-numbers
vuepress-master\packages\@vuepress\plugin-google-analytics\enhanceAppFile.js,17:8,error,no-undef
vuepress-master\packages\@vuepress\plugin-google-analytics\enhanceAppFile.js,17:16,error,no-undef
vuepress-master\packages\@vuepress\plugin-last-updated\index.js,33:35,error,no-magic-numbers
vuepress-master\packages\@vuepress\plugin-medium-zoom\clientRootMixin.js,24:10,error,no-magic-numbers
vuepress-master\packages\@vuepress\plugin-pwa\lib\enhanceAppFile.js,8:3,error,vue/match-component-file-name
vuepress-master\packages\@vuepress\plugin-pwa\lib\skip-waiting.js,1:1,error,no-undef
vuepress-master\packages\@vuepress\plugin-pwa\lib\skip-waiting.js,2:33,error,no-magic-numbers
vuepress-master\packages\@vuepress\plugin-pwa\lib\skip-waiting.js,6:7,error,no-undef
vuepress-master\packages\@vuepress\plugin-register-components\index.js,11:85,error,no-magic-numbers
vuepress-master\packages\@vuepress\plugin-register-components\index.js,11:88,error,no-magic-numbers
vuepress-master\packages\@vuepress\plugin-register-components\index.js,47:21,error,no-await-in-loop
vuepress-master\packages\@vuepress\plugin-register-components\index.js,48:15,error,prefer-template
vuepress-master\packages\@vuepress\plugin-register-components\index.js,54:12,error,prefer-template
vuepress-master\packages\@vuepress\plugin-search\__tests__\matchQuery.spec.js,3:1,error,no-undef
vuepress-master\packages\@vuepress\plugin-search\__tests__\matchQuery.spec.js,11:3,error,no-undef
vuepress-master\packages\@vuepress\plugin-search\__tests__\matchQuery.spec.js,16:5,error,no-undef
vuepress-master\packages\@vuepress\plugin-search\__tests__\matchQuery.spec.js,19:3,error,no-undef
vuepress-master\packages\@vuepress\plugin-search\__tests__\matchQuery.spec.js,24:5,error,no-undef
vuepress-master\packages\@vuepress\plugin-search\__tests__\matchQuery.spec.js,27:3,error,no-undef
vuepress-master\packages\@vuepress\plugin-search\__tests__\matchQuery.spec.js,32:5,error,no-undef
vuepress-master\packages\@vuepress\plugin-search\__tests__\matchQuery.spec.js,35:3,error,no-undef
vuepress-master\packages\@vuepress\plugin-search\__tests__\matchQuery.spec.js,40:5,error,no-undef
vuepress-master\packages\@vuepress\plugin-search\index.js,13:61,error,no-magic-numbers
vuepress-master\packages\@vuepress\plugin-search\match-query.js,33:7,error,prefer-template
vuepress-master\packages\@vuepress\plugin-search\match-query.js,34:1,error,indent
vuepress-master\packages\@vuepress\plugin-search\match-query.js,35:1,error,indent
vuepress-master\packages\@vuepress\plugin-search\match-query.js,35:38,error,no-magic-numbers
vuepress-master\packages\@vuepress\plugin-search\match-query.js,37:1,error,indent
vuepress-master\packages\@vuepress\plugin-search\match-query.js,38:1,error,indent
vuepress-master\packages\@vuepress\plugin-search\match-query.js,40:1,error,indent
vuepress-master\packages\@vuepress\plugin-search\match-query.js,41:1,error,indent
vuepress-master\packages\@vuepress\plugin-search\match-query.js,42:1,error,indent
vuepress-master\packages\@vuepress\plugin-search\match-query.js,43:1,error,indent
vuepress-master\packages\@vuepress\plugin-search\match-query.js,49:68,error,no-magic-numbers
vuepress-master\packages\@vuepress\shared-utils\__tests__\deeplyParseHeaders.spec.ts,3:1,error,no-undef
vuepress-master\packages\@vuepress\shared-utils\__tests__\deeplyParseHeaders.spec.ts,31:5,error,no-undef
vuepress-master\packages\@vuepress\shared-utils\__tests__\fileToPath.spec.ts,3:1,error,no-undef
vuepress-master\packages\@vuepress\shared-utils\__tests__\fileToPath.spec.ts,11:5,error,no-undef
vuepress-master\packages\@vuepress\shared-utils\__tests__\fileToPath.spec.ts,15:1,error,no-undef
vuepress-master\packages\@vuepress\shared-utils\__tests__\fileToPath.spec.ts,23:5,error,no-undef
vuepress-master\packages\@vuepress\shared-utils\__tests__\isIndexFile.spec.ts,3:1,error,no-undef
vuepress-master\packages\@vuepress\shared-utils\__tests__\isIndexFile.spec.ts,18:5,error,no-undef
vuepress-master\packages\@vuepress\shared-utils\__tests__\isIndexFile.spec.ts,30:5,error,no-undef
vuepress-master\packages\@vuepress\shared-utils\__tests__\moduleResolver.spec.ts,1:1,error,no-undef
vuepress-master\packages\@vuepress\shared-utils\__tests__\moduleResolver.spec.ts,2:1,error,no-undef
vuepress-master\packages\@vuepress\shared-utils\__tests__\moduleResolver.spec.ts,3:1,error,no-undef
vuepress-master\packages\@vuepress\shared-utils\__tests__\moduleResolver.spec.ts,5:1,error,no-undef
vuepress-master\packages\@vuepress\shared-utils\__tests__\moduleResolver.spec.ts,6:1,error,no-undef
vuepress-master\packages\@vuepress\shared-utils\__tests__\moduleResolver.spec.ts,7:1,error,no-undef
vuepress-master\packages\@vuepress\shared-utils\__tests__\moduleResolver.spec.ts,32:1,error,no-undef
vuepress-master\packages\@vuepress\shared-utils\__tests__\moduleResolver.spec.ts,36:1,error,no-undef
vuepress-master\packages\@vuepress\shared-utils\__tests__\moduleResolver.spec.ts,40:1,error,no-undef
vuepress-master\packages\@vuepress\shared-utils\__tests__\moduleResolver.spec.ts,41:3,error,no-undef
vuepress-master\packages\@vuepress\shared-utils\__tests__\moduleResolver.spec.ts,43:5,error,no-undef
vuepress-master\packages\@vuepress\shared-utils\__tests__\moduleResolver.spec.ts,44:5,error,no-undef
vuepress-master\packages\@vuepress\shared-utils\__tests__\moduleResolver.spec.ts,47:3,error,no-undef
vuepress-master\packages\@vuepress\shared-utils\__tests__\moduleResolver.spec.ts,49:5,error,no-undef
vuepress-master\packages\@vuepress\shared-utils\__tests__\moduleResolver.spec.ts,52:5,error,no-undef
vuepress-master\packages\@vuepress\shared-utils\__tests__\moduleResolver.spec.ts,63:1,error,no-undef
vuepress-master\packages\@vuepress\shared-utils\__tests__\moduleResolver.spec.ts,66:3,error,no-undef
vuepress-master\packages\@vuepress\shared-utils\__tests__\moduleResolver.spec.ts,75:7,error,no-undef
vuepress-master\packages\@vuepress\shared-utils\__tests__\moduleResolver.spec.ts,79:3,error,no-undef
vuepress-master\packages\@vuepress\shared-utils\__tests__\moduleResolver.spec.ts,82:5,error,no-undef
vuepress-master\packages\@vuepress\shared-utils\__tests__\moduleResolver.spec.ts,83:5,error,no-undef
vuepress-master\packages\@vuepress\shared-utils\__tests__\moduleResolver.spec.ts,86:3,error,no-undef
vuepress-master\packages\@vuepress\shared-utils\__tests__\moduleResolver.spec.ts,89:5,error,no-undef
vuepress-master\packages\@vuepress\shared-utils\__tests__\moduleResolver.spec.ts,90:5,error,no-undef
vuepress-master\packages\@vuepress\shared-utils\__tests__\moduleResolver.spec.ts,94:1,error,no-undef
vuepress-master\packages\@vuepress\shared-utils\__tests__\moduleResolver.spec.ts,97:3,error,no-undef
vuepress-master\packages\@vuepress\shared-utils\__tests__\moduleResolver.spec.ts,102:5,error,no-undef
vuepress-master\packages\@vuepress\shared-utils\__tests__\moduleResolver.spec.ts,103:5,error,no-undef
vuepress-master\packages\@vuepress\shared-utils\__tests__\moduleResolver.spec.ts,106:3,error,no-undef
vuepress-master\packages\@vuepress\shared-utils\__tests__\moduleResolver.spec.ts,109:5,error,no-undef
vuepress-master\packages\@vuepress\shared-utils\__tests__\moduleResolver.spec.ts,110:5,error,no-undef
vuepress-master\packages\@vuepress\shared-utils\__tests__\moduleResolver.spec.ts,113:3,error,no-undef
vuepress-master\packages\@vuepress\shared-utils\__tests__\moduleResolver.spec.ts,116:7,error,no-undef
vuepress-master\packages\@vuepress\shared-utils\__tests__\moduleResolver.spec.ts,119:9,error,no-undef
vuepress-master\packages\@vuepress\shared-utils\__tests__\moduleResolver.spec.ts,124:3,error,no-undef
vuepress-master\packages\@vuepress\shared-utils\__tests__\moduleResolver.spec.ts,127:5,error,no-undef
vuepress-master\packages\@vuepress\shared-utils\__tests__\moduleResolver.spec.ts,130:3,error,no-undef
vuepress-master\packages\@vuepress\shared-utils\__tests__\moduleResolver.spec.ts,133:5,error,no-undef
vuepress-master\packages\@vuepress\shared-utils\__tests__\moduleResolver.spec.ts,136:3,error,no-undef
vuepress-master\packages\@vuepress\shared-utils\__tests__\moduleResolver.spec.ts,137:5,error,no-undef
vuepress-master\packages\@vuepress\shared-utils\__tests__\moduleResolver.spec.ts,141:1,error,no-undef
vuepress-master\packages\@vuepress\shared-utils\__tests__\moduleResolver.spec.ts,144:3,error,no-undef
vuepress-master\packages\@vuepress\shared-utils\__tests__\moduleResolver.spec.ts,147:7,error,no-undef
vuepress-master\packages\@vuepress\shared-utils\__tests__\moduleResolver.spec.ts,150:9,error,no-undef
vuepress-master\packages\@vuepress\shared-utils\__tests__\moduleResolver.spec.ts,155:3,error,no-undef
vuepress-master\packages\@vuepress\shared-utils\__tests__\moduleResolver.spec.ts,157:5,error,no-undef
vuepress-master\packages\@vuepress\shared-utils\__tests__\moduleResolver.spec.ts,160:3,error,no-undef
vuepress-master\packages\@vuepress\shared-utils\__tests__\moduleResolver.spec.ts,162:5,error,no-undef
vuepress-master\packages\@vuepress\shared-utils\__tests__\moduleResolver.spec.ts,165:3,error,no-undef
vuepress-master\packages\@vuepress\shared-utils\__tests__\moduleResolver.spec.ts,166:5,error,no-undef
vuepress-master\packages\@vuepress\shared-utils\__tests__\parseHeaders.spec.ts,3:1,error,no-undef
vuepress-master\packages\@vuepress\shared-utils\__tests__\parseHeaders.spec.ts,4:3,error,no-undef
vuepress-master\packages\@vuepress\shared-utils\__tests__\parseHeaders.spec.ts,6:5,error,no-undef
vuepress-master\packages\@vuepress\shared-utils\__tests__\parseHeaders.spec.ts,9:3,error,no-undef
vuepress-master\packages\@vuepress\shared-utils\__tests__\parseHeaders.spec.ts,32:7,error,no-undef
vuepress-master\packages\@vuepress\shared-utils\__tests__\removeNonCodeWrappedHTML.spec.ts,3:1,error,no-undef
vuepress-master\packages\@vuepress\shared-utils\__tests__\removeNonCodeWrappedHTML.spec.ts,54:5,error,no-undef
vuepress-master\packages\@vuepress\shared-utils\__tests__\slugify.spec.ts,3:1,error,no-undef
vuepress-master\packages\@vuepress\shared-utils\__tests__\slugify.spec.ts,4:3,error,no-undef
vuepress-master\packages\@vuepress\shared-utils\__tests__\slugify.spec.ts,27:7,error,no-undef
vuepress-master\packages\@vuepress\shared-utils\__tests__\unescapeHtml.spec.ts,3:1,error,no-undef
vuepress-master\packages\@vuepress\shared-utils\__tests__\unescapeHtml.spec.ts,5:3,error,no-undef
vuepress-master\packages\@vuepress\shared-utils\scripts\update-index.js,9:21,error,no-magic-numbers
vuepress-master\packages\@vuepress\shared-utils\scripts\update-index.js,22:5,error,prefer-template
vuepress-master\packages\@vuepress\shared-utils\scripts\update-index.js,24:65,error,no-magic-numbers
vuepress-master\packages\@vuepress\shared-utils\scripts\update-index.js,24:71,error,no-magic-numbers
vuepress-master\packages\@vuepress\shared-utils\scripts\update-index.js,29:55,error,no-magic-numbers
vuepress-master\packages\@vuepress\shared-utils\src\codegen.ts,17:27,error,no-magic-numbers
vuepress-master\packages\@vuepress\shared-utils\src\compose.ts,8:29,error,no-magic-numbers
vuepress-master\packages\@vuepress\shared-utils\src\compose.ts,9:29,error,no-magic-numbers
vuepress-master\packages\@vuepress\shared-utils\src\compose.ts,9:50,error,no-magic-numbers
vuepress-master\packages\@vuepress\shared-utils\src\datatypes.ts,10:59,error,no-magic-numbers
vuepress-master\packages\@vuepress\shared-utils\src\datatypes.ts,10:62,error,no-magic-numbers
vuepress-master\packages\@vuepress\shared-utils\src\datatypes.ts,22:70,error,no-magic-numbers
vuepress-master\packages\@vuepress\shared-utils\src\datatypes.ts,22:73,error,no-magic-numbers
vuepress-master\packages\@vuepress\shared-utils\src\datatypes.ts,25:24,error,no-magic-numbers
vuepress-master\packages\@vuepress\shared-utils\src\datatypes.ts,38:15,error,no-magic-numbers
vuepress-master\packages\@vuepress\shared-utils\src\datatypes.ts,41:28,error,no-magic-numbers
vuepress-master\packages\@vuepress\shared-utils\src\datatypes.ts,41:37,error,no-magic-numbers
vuepress-master\packages\@vuepress\shared-utils\src\datatypes.ts,42:28,error,no-magic-numbers
vuepress-master\packages\@vuepress\shared-utils\src\datatypes.ts,43:10,error,prefer-template
vuepress-master\packages\@vuepress\shared-utils\src\ensureEndingSlash.ts,4:7,error,prefer-template
vuepress-master\packages\@vuepress\shared-utils\src\extractHeaders.ts,27:32,error,no-magic-numbers
vuepress-master\packages\@vuepress\shared-utils\src\extractHeaders.ts,28:67,error,no-magic-numbers
vuepress-master\packages\@vuepress\shared-utils\src\extractHeaders.ts,30:37,error,no-magic-numbers
vuepress-master\packages\@vuepress\shared-utils\src\getPermalink.ts,29:38,error,no-magic-numbers
vuepress-master\packages\@vuepress\shared-utils\src\getPermalink.ts,44:23,error,no-mixed-operators
vuepress-master\packages\@vuepress\shared-utils\src\getPermalink.ts,44:55,error,no-magic-numbers
vuepress-master\packages\@vuepress\shared-utils\src\getPermalink.ts,44:58,error,no-mixed-operators
vuepress-master\packages\@vuepress\shared-utils\src\getPermalink.ts,44:60,error,no-magic-numbers
vuepress-master\packages\@vuepress\shared-utils\src\getPermalink.ts,70:33,error,no-magic-numbers
vuepress-master\packages\@vuepress\shared-utils\src\getPermalink.ts,74:26,error,no-magic-numbers
vuepress-master\packages\@vuepress\shared-utils\src\getPermalink.ts,75:22,error,no-magic-numbers
vuepress-master\packages\@vuepress\shared-utils\src\inferTitle.ts,20:37,error,no-magic-numbers
vuepress-master\packages\@vuepress\shared-utils\src\logger.ts,20:13,error,no-magic-numbers
vuepress-master\packages\@vuepress\shared-utils\src\logger.ts,21:13,error,no-magic-numbers
vuepress-master\packages\@vuepress\shared-utils\src\logger.ts,33:33,error,no-magic-numbers
vuepress-master\packages\@vuepress\shared-utils\src\logger.ts,42:33,error,no-magic-numbers
vuepress-master\packages\@vuepress\shared-utils\src\logger.ts,50:33,error,no-magic-numbers
vuepress-master\packages\@vuepress\shared-utils\src\logger.ts,53:44,error,no-magic-numbers
vuepress-master\packages\@vuepress\shared-utils\src\logger.ts,59:33,error,no-magic-numbers
vuepress-master\packages\@vuepress\shared-utils\src\logger.ts,67:33,error,no-magic-numbers
vuepress-master\packages\@vuepress\shared-utils\src\logger.ts,75:33,error,no-magic-numbers
vuepress-master\packages\@vuepress\shared-utils\src\logger.ts,82:33,error,no-magic-numbers
vuepress-master\packages\@vuepress\shared-utils\src\logger.ts,90:33,error,no-magic-numbers
vuepress-master\packages\@vuepress\shared-utils\src\moduleResolver.ts,91:43,error,no-magic-numbers
vuepress-master\packages\@vuepress\shared-utils\src\moduleResolver.ts,95:71,error,no-magic-numbers
vuepress-master\packages\@vuepress\shared-utils\src\moduleResolver.ts,160:7,error,prefer-template
vuepress-master\packages\@vuepress\shared-utils\src\parseFrontmatter.ts,6:5,error,@typescript-eslint/camelcase
vuepress-master\packages\@vuepress\shared-utils\src\parseHeaders.ts,20:25,error,no-useless-escape
vuepress-master\packages\@vuepress\shared-utils\src\slugify.ts,19:15,error,no-useless-escape
vuepress-master\packages\@vuepress\shared-utils\src\slugify.ts,21:16,error,no-useless-escape
vuepress-master\packages\@vuepress\shared-utils\src\slugify.ts,21:20,error,no-useless-escape
vuepress-master\packages\@vuepress\shared-utils\src\sort.ts,3:23,error,no-magic-numbers
vuepress-master\packages\@vuepress\shared-utils\src\sort.ts,4:23,error,no-magic-numbers
vuepress-master\packages\@vuepress\shared-utils\src\sort.ts,5:12,error,no-magic-numbers
vuepress-master\packages\@vuepress\shared-utils\src\tryChain.ts,18:17,error,no-empty
vuepress-master\packages\@vuepress\test-utils\client\createLocalVue.js,17:37,error,no-magic-numbers
vuepress-master\packages\@vuepress\test-utils\lib\createJestRunner.js,25:43,error,no-magic-numbers
vuepress-master\packages\@vuepress\test-utils\lib\createJestRunner.js,30:26,error,no-magic-numbers
vuepress-master\packages\@vuepress\test-utils\lib\createJestRunner.js,34:7,error,no-magic-numbers
vuepress-master\packages\@vuepress\test-utils\lib\createJestRunner.js,38:33,error,no-magic-numbers
vuepress-master\packages\@vuepress\test-utils\lib\createJestRunner.js,40:18,error,no-magic-numbers
vuepress-master\packages\@vuepress\theme-default\__tests__\components\DropdownLink.spec.js,5:1,error,no-undef
vuepress-master\packages\@vuepress\theme-default\__tests__\components\DropdownLink.spec.js,6:3,error,no-undef
vuepress-master\packages\@vuepress\theme-default\__tests__\components\DropdownLink.spec.js,28:5,error,no-undef
vuepress-master\packages\@vuepress\theme-default\__tests__\components\NavLink.spec.js,5:1,error,no-undef
vuepress-master\packages\@vuepress\theme-default\__tests__\components\NavLink.spec.js,6:3,error,no-undef
vuepress-master\packages\@vuepress\theme-default\__tests__\components\NavLink.spec.js,18:5,error,no-undef
vuepress-master\packages\@vuepress\theme-default\__tests__\components\NavLink.spec.js,21:3,error,no-undef
vuepress-master\packages\@vuepress\theme-default\__tests__\components\NavLink.spec.js,30:5,error,no-undef
vuepress-master\packages\@vuepress\theme-default\index.js,13:1,error,indent
vuepress-master\packages\@vuepress\theme-default\index.js,13:34,error,no-mixed-operators
vuepress-master\packages\@vuepress\theme-default\index.js,13:57,error,no-mixed-operators
vuepress-master\packages\@vuepress\theme-default\index.js,14:1,error,indent
vuepress-master\packages\@vuepress\theme-default\util\index.js,15:18,error,no-magic-numbers
vuepress-master\packages\@vuepress\theme-default\util\index.js,36:38,error,no-magic-numbers
vuepress-master\packages\@vuepress\theme-default\util\index.js,42:10,error,prefer-template
vuepress-master\packages\@vuepress\theme-default\util\index.js,80:37,error,no-magic-numbers
vuepress-master\packages\@vuepress\theme-default\util\index.js,94:40,error,no-magic-numbers
vuepress-master\packages\@vuepress\theme-default\util\index.js,110:13,error,no-magic-numbers
vuepress-master\packages\@vuepress\theme-default\util\index.js,124:8,error,complexity
vuepress-master\packages\@vuepress\theme-default\util\index.js,165:13,error,prefer-template
vuepress-master\packages\@vuepress\theme-default\util\index.js,176:21,error,no-magic-numbers
vuepress-master\packages\@vuepress\theme-default\util\index.js,182:42,error,no-magic-numbers
vuepress-master\packages\@vuepress\theme-default\util\index.js,204:69,error,no-magic-numbers
vuepress-master\packages\@vuepress\theme-default\util\index.js,217:7,error,prefer-template
vuepress-master\packages\@vuepress\theme-default\util\index.js,220:55,error,no-magic-numbers
vuepress-master\packages\@vuepress\theme-default\util\index.js,224:50,error,no-magic-numbers
vuepress-master\packages\@vuepress\theme-default\util\index.js,225:19,error,no-magic-numbers
vuepress-master\packages\@vuepress\theme-default\util\index.js,229:29,error,no-magic-numbers
vuepress-master\packages\@vuepress\theme-default\util\index.js,240:84,error,no-magic-numbers
vuepress-master\packages\@vuepress\types\src\config.ts,13:33,error,no-undef
vuepress-master\packages\@vuepress\types\src\config.ts,21:11,error,no-undef
vuepress-master\packages\docs\docs\.vuepress\config\sidebar\shared.ts,7:20,error,prefer-template
vuepress-master\packages\docs\docs\.vuepress\config\sidebar\shared.ts,7:49,error,no-magic-numbers
vuepress-master\packages\docs\docs\.vuepress\config\sidebar\shared.ts,7:52,error,no-magic-numbers
vuepress-master\packages\vuepress\cli.js,24:3,error,require-await
vuepress-master\packages\vuepress\cli.js,25:29,error,no-magic-numbers
vuepress-master\packages\vuepress\lib\checkEnv.js,22:18,error,no-magic-numbers
vuepress-master\packages\vuepress\lib\handleUnknownCommand.js,19:35,error,no-magic-numbers
vuepress-master\packages\vuepress\lib\handleUnknownCommand.js,24:25,error,no-magic-numbers
vuepress-master\packages\vuepress\lib\handleUnknownCommand.js,63:41,error,no-magic-numbers
vuepress-master\packages\vuepress\lib\handleUnknownCommand.js,79:23,error,max-statements
vuepress-master\packages\vuepress\lib\handleUnknownCommand.js,87:28,error,no-magic-numbers
vuepress-master\packages\vuepress\lib\handleUnknownCommand.js,87:51,error,no-magic-numbers
vuepress-master\packages\vuepress\lib\handleUnknownCommand.js,98:20,error,no-magic-numbers
vuepress-master\packages\vuepress\lib\handleUnknownCommand.js,103:20,error,no-magic-numbers
vuepress-master\packages\vuepress\lib\handleUnknownCommand.js,125:7,error,require-await
vuepress-master\packages\vuepress\lib\handleUnknownCommand.js,140:51,error,no-magic-numbers
vuepress-master\packages\vuepress\lib\registerCoreCommands.js,33:46,error,no-magic-numbers
vuepress-master\packages\vuepress\lib\registerCoreCommands.js,33:58,error,no-magic-numbers
vuepress-master\packages\vuepress\lib\registerCoreCommands.js,33:62,error,no-magic-numbers
vuepress-master\packages\vuepress\lib\registerCoreCommands.js,58:46,error,no-magic-numbers
vuepress-master\packages\vuepress\lib\registerCoreCommands.js,58:58,error,no-magic-numbers
vuepress-master\packages\vuepress\lib\registerCoreCommands.js,58:62,error,no-magic-numbers
vuepress-master\packages\vuepress\lib\util.js,49:58,error,no-magic-numbers
vuepress-master\scripts\bootstrap.js,11:18,error,no-magic-numbers
vuepress-master\scripts\bootstrap.js,45:58,error,no-magic-numbers
vuepress-master\scripts\test.js,5:36,error,no-magic-numbers
vuepress-master\scripts\test.js,15:21,error,no-magic-numbers
vuepress-master\scripts\test.js,32:18,error,no-magic-numbers
